paper_id,claim_id,repro_type,paper_value,extracted_value,reproduced_value,extraction_matches_paper,bounds_lb,bounds_ub,outcome_sample,outcome_coef,outcome_stat,outcome_p,outcome_effect,outcome_overall,outcome_overall_if_patched,headline_note
0P4r,0P4r_l8rjny,Push Button,T1 M1 Irreg coef=1.20 SE=0.23 p<.01 N=1206,coef=1.20 se=0.23 p<.01 N=1206,coef=1.203 se=0.234 p≈3e-7 N=1206,yes,coef≈1.20 se≈0.23,coef≈1.20 se≈0.23,precise,precise,non-outcome,precise,precise,precise,,All Table 1 M1 sub-outcomes match exactly after ln-transform of Stata's printed time-ratio.
0P4r,0P4r_6rpyov,Push Button,T1 M2 Irreg coef=0.85 SE=0.33 p<.05 N=906,coef=0.85 se=0.33 p<.05 N=906,coef=0.846 se=0.331 p=0.011 N=906,yes,coef≈0.85 se≈0.33,coef≈0.85 se≈0.33,precise,precise,non-outcome,precise,precise,precise,,Match.
0P4r,0P4r_3n6yo5,Push Button,T1 M3 Irreg coef=0.93 SE=0.32 p<.01 N=906,coef=0.93 se=0.32 p<.01 N=906,coef=0.933 se=0.316 p=0.003 N=906,yes,coef≈0.93 se≈0.32,coef≈0.93 se≈0.32,precise,precise,non-outcome,precise,precise,precise,,Match.
0P4r,0P4r_1rz255,Push Button,T3 M2 Conv coef=0.86 SE=0.37 p<.05 N=92,coef=0.86 se=0.37 p<.05 N=92,coef=0.861 se=0.373 p=0.021 N=92,yes,coef≈0.86 se≈0.37,coef≈0.86 se≈0.37,precise,precise,non-outcome,precise,precise,precise,,Match.
0P4r,0P4r_855y48,Push Button,T4 M1 Conv coef=-0.48 SE=0.20 p<.05 N=979,coef=-0.48 se=0.20 p<.05 N=979,coef=-0.482 se=0.199 p=0.015 N=979,yes,coef≈-0.48 se≈0.20,coef≈-0.48 se≈0.20,precise,precise,non-outcome,precise,precise,precise,,Match. (Table 4 footnote errata: GDP variable is gdpmad not gdpen7; author flags this in do-file.)
0P4r,0P4r_djjn3z,Push Button,T5 incwon Conv coef=-1.12 SE=0.49 p<.05 N=131,coef=-1.12 se=0.49 p<.05 N=131,coef=-1.124 se=0.493 p=0.023 N=131,yes,coef≈-1.12 se≈0.49,coef≈-1.12 se≈0.49,precise,precise,non-outcome,precise,precise,precise,,Match.
0P4r,0P4r_v998jj,Push Button,T5 rebels-won Conv coef=1.40 SE=0.59 p<.05 N=131,coef=1.40 se=0.59 p<.05 N=131,coef=1.398 se=0.587 p=0.017 N=131,yes,coef≈1.40 se≈0.59,coef≈1.40 se≈0.59,precise,precise,non-outcome,precise,precise,precise,,Match. Reproduced via inclost (=incumbent lost = rebels won) per author do-file.
0P4r,0P4r_rqq4wz,Push Button,T6 incwon Conv coef=-1.09 SE=0.54 p<.05 N=130,coef=-1.09 se=0.54 p<.05 N=130,coef=-1.091 se=0.535 p=0.042 N=130,yes,coef≈-1.09 se≈0.54,coef≈-1.09 se≈0.54,precise,precise,non-outcome,precise,precise,precise,,Match.
0P4r,0P4r_yyyd4j,Push Button,T2 means TR(3038.13/1257.91/1015.1) PRIO(1614.86/510.34/109.24),narrative,TR(3038.127/1257.908/1015.103) PRIO(1614.857/510.348/109.243),yes,exact,exact,approximate,non-outcome,non-outcome,non-outcome,non-outcome,approximate,,"Descriptive Table 2: PRIO_Irr mean reproduced 510.3483 rounds to 510.35 at 2dp vs paper 510.34; in approx band [433.79, 586.89]. Other 5 descriptives precise. Was precise under Push-Button auto-precise rule (removed)."
0P4r,0P4r_single-trace,Push Button,T1 M4 Irreg coef=0.87 SE=0.35 p<.05 N=906,narrative (no orig_*),coef=0.868 se=0.346 p=0.012 N=906,yes,coef≈0.87 se≈0.35,coef≈0.87 se≈0.35,precise,precise,non-outcome,precise,precise,precise,,Match.
0qar,0qar_blj3kw,Source Data Reproduction,coef=-0.0373; SE=0.014; p=0.008; N=45,coef=-0.0373; SE=0.014; p=0.008; N=45,coef=-0.0157; SE=0.011; p=0.152; N=54,yes,coef:-0.0429,coef:-0.0317,not,not,non-outcome,not,not,not,not,OSF data yields N=54 vs paper N=45; three-way interaction coefficient 58% smaller and p=.15 vs .008. Other Table 2 coefficients match closely - sample composition gap is the suspect.
0qar,0qar_m6y8d5,Source Data Reproduction,coef=0.0382; SE=0.0145; p=0.008; N=43,coef=0.0382; SE=0.0145; p=0.008; N=43,coef=0.0269; SE=0.0112; p=0.017; N=52,yes,coef:0.0325,coef:0.0439,not,not,non-outcome,approximate,not,not,not,OSF data yields N=52 vs paper N=43; three-way interaction coefficient ~30% smaller though p stays in approximate band.
0qar,0qar_g3y87k,Source Data Reproduction,coef=-0.033; SE=0.013; p=0.012; N=45,coef=-0.033; SE=0.013; p=0.012; N=45,coef=-0.0133; SE=0.0113; p=0.239; N=54,yes,coef:-0.0379,coef:-0.0281,not,not,non-outcome,not,not,not,not,BAS-controlled Stroop: coefficient 60% smaller; p=.24 vs .012.
0qar,0qar_gwjq2v,Source Data Reproduction,coef=0.035; SE=0.013; p=0.007; N=43,coef=0.035; SE=0.013; p=0.007; N=43,coef=0.0253; SE=0.0113; p=0.025; N=52,yes,coef:0.0298,coef:0.0403,not,not,non-outcome,approximate,not,not,not,BAS-controlled NFC: coefficient ~28% smaller; p approximate band but not precise.
1574,1574_single-trace,Source Data Reproduction,chi2=51.646; Fisher_p=2.148e-14; N=157; V=0.5735 (chi2/p/V derived from Table V counts; only N is paper-printed),chi2=51.646; p=2.148e-14; N=157; V=0.57354499,chi2=51.6458; Fisher_p=2.148e-14; N=157; V=0.573545,yes (for N; chi2/p/V not printed in paper text, but extracted values match values derivable from Table V),"N≥134; chi2≥43.89; p∈[0,0.05]; V≥0.4875",N≤180; chi2≤59.39; V≤0.6595,precise,non-outcome,precise,precise,precise,precise,
2lb5,2lb5_6rzo5z,Push Button,coef=0.225; SE=0.053; p<0.01; N=631,coef=0.225; SE=0.053; p=0.001(<); N=631,coef=0.2249; SE=0.0527; p=0.000; N=631,yes,"coef[0.191,0.259]; N[536,726]",coef precise; N precise,precise,precise,non-outcome,precise,non-outcome,precise,,Tab2 col1 B1 ACT subsidy=92%; precise reproduction
2lb5,2lb5_pp9v4r,Push Button,DV mean=0.563,DV mean=NaN,DV mean=0.5634,yes,"approx [0.478,0.647]",DV mean precise@0.563,non-outcome,non-outcome,non-outcome,non-outcome,precise,precise,,Tab3 col1 DV mean (ACT 92% no RDT); extracted value missing in CSV but paper value=0.563
2lb5,2lb5_q7415p,Push Button,coef=0.187; SE=0.081; p<0.05; N=190,coef=0.187; SE=0.081; p=0.05(<); N=190,coef=0.1866; SE=0.0806; p=0.022; N=190,yes,"coef[0.159,0.215]; N[161,219]",all precise,precise,precise,non-outcome,precise,precise,precise,,Tab3 col1 A: 88% subsidy; precise reproduction
2lb5,2lb5_437d94,Push Button,coef=0.035; SE=0.035; N=984,coef=0.035; SE=0.035; N=984,coef=0.0351; SE=0.0349; N=984,yes,"coef[0.030,0.040]; N[836,1132]",all precise,precise,precise,non-outcome,non-outcome,precise,precise,,Tab4 panel A col1; precise reproduction
2lb5,2lb5_yrvox7,Push Button,coef=0.256; SE=0.148; p<0.10; N=58,coef=0.256(in eff_size); SE=0.148; p=0.10(<); N=58,coef=0.2563; SE=0.1476; p=0.088; N=58,yes,"coef[0.218,0.294]; N[49,67]",all precise,precise,precise,non-outcome,precise,precise,precise,,Tab4 panel B col2 A: 88% subsidy; precise reproduction
2lb5,2lb5_8x1972,Push Button,coef=0.025; SE=0.026; N=1776,coef=0.025; SE=0.026; N=1776,coef=0.0246; SE=0.0259; N=1776,yes,"coef[0.021,0.029]; N[1510,2042]",all precise,precise,precise,non-outcome,non-outcome,precise,precise,,Tab6 panel A col1 rdt_any; precise reproduction
2lb5,2lb5_orvd1z,Push Button,coef=0.127; SE=0.070; p<0.10; N=755,coef=0.127; SE=0.070; p=0.10(<); N=755,coef=0.1266; SE=0.0700; p=0.071; N=755,yes,"coef[0.108,0.146]; N[642,868]",all precise,precise,precise,non-outcome,precise,precise,precise,,Tab6 panel B col2 RDT x 92% ACT; precise reproduction
2lb5,2lb5_nr51jj,Push Button,coef=0.081; SE=0.039; p<0.05; N=687,coef=0.081; SE=0.039; p=0.05(<); N=687,coef=0.0808; SE=0.0385; p=0.036; N=687,yes,"coef[0.069,0.093]; N[584,790]",all precise,precise,precise,non-outcome,precise,precise,precise,,Tab6 panel A col3 RDT subsidy; precise reproduction
2lb5,2lb5_single-trace,Push Button,coef=0.187; SE=0.038; t not printed; p<0.01; N=631 (paper),coef=0.187; SE=0.038; t=4.882; p=1.36e-06; N=575 (extraction error: 575=cluster count not N),coef=0.1869; SE=0.0383; t=4.88; p=0.000; N=631,no (N: extraction=575 vs paper=631),"coef[0.159,0.215]; N precise@631",all precise vs paper,precise,precise,precise,precise,non-outcome,precise,,Tab2 col1 'Any ACT subsidy'; extraction-side N error (575=cluster count); reproduction matches paper N=631 precisely
3WmY,3WmY_single-trace,Push Button,coef=0.130; SE=0.066; p<0.05; N=174,coef=0.13; SE=0.066; p=0.05(less-than); N=174,coef=0.13005; SE=0.0662; p=0.0495; N=174,yes,"coef [0.1105,0.1495]; N [148,200]; p threshold ≤0.05 precise / (0.05,0.10] approx",coef approx UB 0.1495,precise,precise,non-outcome,precise,precise,precise,All sub-outcomes reproduce to paper's printed precision; Push Button via author Stata code on Dataverse data (10.7910/DVN/XQTCHB); only edit was renaming Dataverse-mislabeled .tab files to .dta (bytes unchanged).,
3zRW,3zRW_single-trace,Push Button,coef=-0.341; SE=0.104; p<0.10; N=63,coef=-0.341; SE=0.104; p<0.10; N=63,coef=-0.3413929; SE=0.1036756; p=0.001; N=63,yes,coef:-0.392; SE:0.0884; p_threshold:0; N:54,coef:-0.290; SE:0.1196; p_threshold_upper:0.10; N:72,precise,precise,non-outcome,precise,non-outcome,precise,,Push-button reproduces Table 5 Model 1 violence outcome to all reported digits.
5PyD,5PyD_pp36jq,Extended Push Button,61 of 101 (60%),,61 of 101 (60.40%),yes,,,non-outcome,non-outcome,non-outcome,non-outcome,precise,precise,,Descriptive count reproduces exactly via tabulate choice in archived Stata code
5PyD,5PyD_q7w3nr,Extended Push Button,Table 4: type3=0.407 type4=0.288 (sum 0.695); text 68%,,type3_post mean 0.4070; type4_post mean 0.2884; sum 0.6954,yes,0.578,0.782,non-outcome,non-outcome,non-outcome,non-outcome,precise,precise,,Table 4 mixture proportions reproduce exactly to 3 d.p. from EM posteriors archived in STATA_data.xlsx
5PyD,5PyD_x64975,Extended Push Button,coef 0.201 SE 0.108 p<0.10 N=101,coef 0.201 SE 0.108 p=0.10 N=101,coef 0.2008457 SE 0.1077694 p=0.065 N=101,yes,0.171,0.231,precise,precise,non-outcome,precise,precise,precise,,Stata regress reproduces Table 5 col 1 to all printed digits
5PyD,5PyD_single-trace,Extended Push Button,coef 0.507 SE 0.014 p<0.01 N=101,coef 0.507 SE 0.014 p=0.01 N=101,coef 0.5072804 SE 0.014008 p=0.000 N=101,yes,0.431,0.583,precise,precise,non-outcome,precise,precise,precise,,Stata EWreg reproduces Table 5 col 2 to all printed digits (Erickson-Whited GMM3)
7d4J,7d4J_single-trace,Push Button,coef=-0.069; SE=0.034; p<0.05; N=13292; effect=-0.069,coef=-0.069; SE=0.034; p=0.05(less-than); N=13292; effect=-0.069,coef=-0.06899; SE=0.034073; t=-2.02; p=0.043; N=13292,yes,coef:-0.0794; N:11298,coef:-0.0587; N:15286,precise,precise,non-outcome,precise,precise,precise,,"Push Button reproduction of Table 2 col 3 (SLCC parsimonious, slcc_regressions_male.do line 7) using author's openICPSR replication archive (DOI 10.3886/E113863V1) reproduces paper exactly to printed precision. No environment edits. Extraction matches paper."
7ybJ,7ybJ_single-trace,Source Data Reproduction,N=220; p=.002; chi^2 not printed; w not printed,N=220; p=0.002; chi^2=9.9057; w=0.2122,N=220; p=0.001648; chi^2=9.905706; w=0.212193,yes,"N exact=220; p approx [0.000,0.052]","N exact=220; p approx [0.000,0.052]",precise,non-outcome,non-outcome,precise,non-outcome,precise,,Data unobtainable via automated download (Cloudflare); reconstructed exact 2x2 cell counts (30/133 male-CA female refs; 37/87 female-CA female refs) from printed proportions+N — uniquely matches extracted chi^2/w/p to 6dp. All paper-printed sub-outcomes precise.
8R9d,8R9d_d5r3o4,Extended Push Button,r=0.17; p<.001; N=516,r=0.17; p<.001; N=516,r=0.170; p=1.07e-4; N=516,yes,r:0.145,r:0.196,precise,non-outcome,non-outcome,precise,precise,precise,,Pearson r and p reproduce exactly to paper precision
8R9d,8R9d_r1zw73,Extended Push Button,t(514)=-3.53; p=.007; d=0.24; N=516; M_high=17.66 M_low=16.57,t=-3.53; p=.007; d=0.24,t=2.957; p=.00325; d=0.260; M_high=17.918 M_low=16.713,yes,"t:[-4.06,-3.00]; d:[0.204,0.276]",,precise,non-outcome,not,precise,approximate,not,,|t| 16% smaller than paper; paper text means also disagree with paper Table 1 — possible pre-fix dataset
8R9d,8R9d_v4wj5w,Extended Push Button,chi2(1)=16.91; p<.001; phi=0.22; N=516,chi2(1)=16.91; p<.001; phi=0.22,chi2(1)=16.908; p=3.92e-5; phi=0.221; N=516,yes,"chi2:[14.37,19.45]; phi:[0.187,0.253]",,precise,non-outcome,precise,precise,precise,precise,,McNemar reproduces exactly
8R9d,8R9d_gdrl4o,Extended Push Button,ASPL: Low=3.19 High=2.84,(Table 2 ASPL),Low=3.20 High=2.84,yes,"Low:[2.71,3.67]; High:[2.41,3.27]",,non-outcome,non-outcome,non-outcome,non-outcome,precise,precise,,Both ASPL values reproduce within the precise band
8R9d,8R9d_grz8yk,Extended Push Button,Q: Low=0.590 High=0.521,(Table 2 Q),Low=0.644 High=0.588,yes,"Low:[0.502,0.679]; High:[0.443,0.599]",,non-outcome,non-outcome,non-outcome,non-outcome,approximate,approximate,,Both Q values within ±15% but neither rounds to paper value (drift from package CC/Q redefinition)
8R9d,8R9d_mvwky9,Extended Push Button,t(1998)=-65.69; p<.001; d=2.94,t=-65.69; p<.001; d=2.94,t=-67.64; p<.001; d=3.025,yes,"t:[-75.5,-55.8]; d:[2.499,3.381]",,precise,non-outcome,approximate,precise,approximate,approximate,,Within band but not precise (rounds differently)
8R9d,8R9d_bkpj4j,Extended Push Button,t(1998)=-42.79; p<.001; d=1.91,t=-42.79; p<.001; d=1.91,t=-46.28; p<.001; d=2.07,yes,"t:[-49.21,-36.37]; d:[1.624,2.197]",,precise,non-outcome,approximate,precise,approximate,approximate,,Within band; ASPL bootstrap drift
8R9d,8R9d_b7lx28,Extended Push Button,t(1998)=-28.92; p<.001; d=1.29,t=-28.92; p<.001; d=1.29,t=-28.84; p<.001; d=1.290,yes,"t:[-33.26,-24.58]; d:[1.097,1.484]",,precise,non-outcome,approximate,precise,precise,approximate,,t rounds to -28.84 not -28.92; d precise
8R9d,8R9d_gzjkoy,Extended Push Button,t(1998)=-20.01; p<.001; d=0.90,t=-20.01; p<.001; d=0.90,t=-21.50; p<.001; d=0.962,yes,"t:[-23.01,-17.01]; d:[0.765,1.035]",,precise,non-outcome,approximate,precise,approximate,approximate,,Within band
8R9d,8R9d_mlq1kp,Extended Push Button,t(1998)=-12.27; p<.001; d=0.55,t=-12.27; p<.001; d=0.55,t=-15.29; p<.001; d=0.684,yes,"t:[-14.11,-10.43]; d:[0.468,0.633]",,precise,non-outcome,not,precise,not,not,,Both t and d outside ±15% (>>3 MC SE)
8R9d,8R9d_g6zqdl,Extended Push Button,t(1998)=67.97; p<.001; d=3.04,t=67.97; p<.001; d=3.04,t=56.99; p<.001; d=2.549,yes,"t:[57.77,78.17]; d:[2.584,3.496]",,precise,non-outcome,not,precise,not,not,,CC redefined in current package — t and d both ~16% smaller
8R9d,8R9d_b31372,Extended Push Button,t(1998)=45.53; p<.001; d=2.04,t=45.53; p<.001; d=2.04,t=39.94; p<.001; d=1.786,yes,"t:[38.70,52.36]; d:[1.734,2.346]",,precise,non-outcome,approximate,precise,approximate,approximate,,Within band
8R9d,8R9d_9q35x9,Extended Push Button,t(1998)=36.38; p<.001; d=1.63,t=36.38; p<.001; d=1.63,t=28.61; p<.001; d=1.279,yes,"t:[30.92,41.84]; d:[1.386,1.875]",,precise,non-outcome,not,precise,not,not,,Both t and d below band
8R9d,8R9d_4d9x6l,Extended Push Button,t(1998)=26.82; p<.001; d=1.20,t=26.82; p<.001; d=1.20,t=21.95; p<.001; d=0.982,yes,"t:[22.80,30.84]; d:[1.020,1.380]",,precise,non-outcome,not,precise,not,not,,Both below band
8R9d,8R9d_5v4j3k,Extended Push Button,t(1998)=21.71; p<.001; d=0.97,t=21.71; p<.001; d=0.97,t=16.95; p<.001; d=0.758,yes,"t:[18.45,24.97]; d:[0.825,1.116]",,precise,non-outcome,not,precise,not,not,,Both below band
8R9d,8R9d_yox4lo,Extended Push Button,t(1998)=-65.26; p<.001; d=2.92,t=-65.26; p<.001; d=2.92,t=-65.27; p<.001; d=2.919,yes,"t:[-75.05,-55.47]; d:[2.482,3.358]",,precise,non-outcome,approximate,precise,precise,approximate,,t differs by 0.01 — within precise tol but rounds to -65.27 not -65.26
8R9d,8R9d_2kjpzv,Extended Push Button,t(1998)=-41.33; p<.001; d=1.85,t=-41.33; p<.001; d=1.85,t=-42.29; p<.001; d=1.891,yes,"t:[-47.53,-35.13]; d:[1.572,2.128]",,precise,non-outcome,approximate,precise,approximate,approximate,,Within band
8R9d,8R9d_8974q1,Extended Push Button,t(1998)=-30.86; p<.001; d=1.38,t=-30.86; p<.001; d=1.38,t=-30.06; p<.001; d=1.344,yes,"t:[-35.49,-26.23]; d:[1.173,1.587]",,precise,non-outcome,approximate,precise,approximate,approximate,,Within band
8R9d,8R9d_od1lpq,Extended Push Button,t(1998)=-25.98; p<.001; d=1.16,t=-25.98; p<.001; d=1.16,t=-25.16; p<.001; d=1.125,yes,"t:[-29.88,-22.08]; d:[0.986,1.334]",,precise,non-outcome,approximate,precise,approximate,approximate,,Within band
8R9d,8R9d_n1j7wn,Extended Push Button,t(1998)=-19.16; p<.001; d=0.86,t=-19.16; p<.001; d=0.86,t=-17.53; p<.001; d=0.784,yes,"t:[-22.03,-16.29]; d:[0.731,0.989]",,precise,non-outcome,approximate,precise,approximate,approximate,,Within band
8Wy0,8Wy0_single-trace,Extended Push Button,coef=2.845; SE=1.006; p<0.01; N=5360,coef=2.845; SE=1.006; p<0.01; N=5360,coef=2.844962; SE=1.005768; z=2.83; p=0.005; N=5360,yes,coef approx [2.418 3.272]; N approx [4556 6164]; p threshold precise<=0.01,coef approx ub 3.272; N ub 6164,precise,precise,non-outcome,precise,non-outcome,precise,,Exact reproduction of Table 4 Model 5 (hostileMID coefficient). Required ssc install relogit (env-only).
9DZl,9DZl_gd73pr,Extended Push Button,F=8.50;p=.005;N=49,F=8.5;p=.005;N=49,F=8.4987;p=.00543;N=49,yes,F:[7.225;9.775]; p:[0;.055],F:8.50;p:.005,precise,non-outcome,precise,precise,non-outcome,precise,,Study 1a; standard one-way ANOVA matches exactly
9DZl,9DZl_grdwrw,Extended Push Button,F=10.50;p=.002;N=72,F=10.5;p=.002;N=72,F=10.4951;p=.00204;N=72,yes,F:[8.925;12.075]; p:[0;.052],F:10.50;p:.002,precise,non-outcome,precise,precise,non-outcome,precise,,Study 1b; Brown-Forsythe per author syntax
9DZl,9DZl_mvdj65,Extended Push Button,F=11.97;p=.001;N=46,F=11.97;p=.001;N=46,F=11.9730;p=.00132;N=46,yes,F:[10.175;13.766]; p:[0;.051],F:11.97;p:.001,precise,non-outcome,precise,precise,non-outcome,precise,,Study 1c; both standard and BF give F=11.97
9DZl,9DZl_g6j1l6,Extended Push Button,F=3.79;p=.053;N=161,F=3.79;p=.053;N=161,F=3.7904;p=.05333;N=161,yes,F:[3.222;4.359]; p:[.003;.103],F:3.79;p:.053,precise,non-outcome,precise,precise,non-outcome,precise,,Study 2a; 2-way ANOVA interaction term
9DZl,9DZl_b3vqrj,Extended Push Button,t=2.57;p=.012;N=161,t=2.57;p=.012;N=161,t=2.5663;p=.01220;N=80(t-test sub-sample),yes,t:[2.184;2.956]; p:[0;.062],t:2.57;p:.012,precise,non-outcome,precise,precise,non-outcome,precise,,Study 2a; within-financial adherent vs nonadherent equal-var t
9DZl,9DZl_9kdozq,Extended Push Button,t=1.98;p=.051;N=364,t=1.98;p=.051;N=364,Welch t=1.9793 (df=76.80);p=.0514;N=364,yes,t:[1.683;2.277]; p:[.001;.101],t:1.98;p:.051,precise,non-outcome,precise,precise,non-outcome,precise,,Study 2b; 0% vs 5% Welch t-test
9DZl,9DZl_dv7xy3,Extended Push Button,F=6.18;p<.001;N=364,F=6.18;p=.001(less-than);N=364,F=6.1779;p=2.0e-7;N=364,yes,F:[5.253;7.107]; p:(<=.001 precise),F:6.18;p<.001,precise,non-outcome,precise,precise,non-outcome,precise,,Study 2b; Brown-Forsythe omnibus
9DZl,9DZl_k1rz68,Extended Push Button,t=3.06;p=.003;N=251,t=3.06;p=.003;N=251,t=3.0598;p=.00258;N=170 (t-test sub-sample),yes,t:[2.601;3.519]; p:[0;.053],t:3.06;p:.003,precise,non-outcome,precise,precise,non-outcome,precise,,Study 3; financial vs financial-with-reference t-test
9DZl,9DZl_7v1odx,Extended Push Button,F=3.78;p=.011;N=238,F=3.78;p=.011;N=238,BF F=3.7746;Std F=3.7807;p=.0114;N=238,yes,F:[3.213;4.347]; p:[0;.061],F:3.78;p:.011,precise,non-outcome,approximate,precise,non-outcome,approximate,,"Study 4 BF F=3.7746 rounds to 3.77 at 2dp vs paper 3.78; in approx band [3.213, 4.347]. Author syntax explicitly requests BROWNFORSYTHE (df2=222 confirms). Standard one-way F=3.7807 rounds to 3.78 but author code is BF."
9XrX,9XrX_single-trace,Push Button,P(beta>0)>0.98; N=449,P(beta>0)=0.98; N=449,P(beta>0)=0.9763 (Model 4 binding worst case; three of four models 0.985-0.993); N=449,yes,stat:0.833 (15% band); N:exact 449,stat:1.0 (capped); N:exact 449,precise,non-outcome,precise,non-outcome,non-outcome,precise,,"Headline reproduces precisely. Diagnostic note: paper's per-model gloss claims P(beta<=0)<0.01 for Models 1,2,4, but archived chains give 0.018 (M2) and 0.024 (M4) - well above MC noise; does not affect overall claim '> 0.98'."
9wya,9wya_single-trace,Push Button,coef=0.048; SE=0.019; z=2.526; p=0.0115; N=1287,coef=0.048; SE=0.019; z=2.526316; p=0.01153; N=1287,coef=0.0451; SE=0.0227; z=1.99; p=0.0471; N=1245,yes,"coef:[0.0408,0.0552]; SE:[0.01615,0.02185]; z:[2.147,2.905]; p:[0.0,0.0615]; N:[1094,1480]",,approximate,approximate,not,approximate,non-outcome,not,,T2 M1 (diffamountrec): coef rounds to 0.045 (vs paper 0.048) but within 15%; SE/z/p outside bands; significance maintained but barely (p=0.047)
9wya,9wya_m64d4z,Push Button,coef=0.070; SE=0.032; p<=0.05; N=1273,NaN (bushel),coef=0.0940; SE=0.0323; p=0.0036; N=1233,yes (paper-only),"coef:[0.0595,0.0805]; SE:[0.0272,0.0368]; N:[1082,1464]",,approximate,not,non-outcome,precise,non-outcome,not,,"T2 M2 (difffremfreq): coef +34% above paper, outside band; SE & p reproduce well; significance maintained more strongly"
9wya,9wya_g3j7jq,Push Button,coef=0.064; SE=0.023; p<=0.01; N=1287,NaN (bushel),coef=0.0463; SE=0.0334; p=0.166; N=1245,yes (paper-only),"coef:[0.0544,0.0736]; SE:[0.01955,0.02645]; N:[1094,1480]",,approximate,not,non-outcome,not,non-outcome,not,,"CRITICAL: T2 M3 (diffremitindex) — significance LOST (paper p<=.01, repro p=0.166); coef -28%, SE +45%"
9wya,9wya_gwo2oy,Push Button,coef=-0.162; SE=0.045; p<=0.01; N=1297,NaN (bushel),coef=-0.1865; SE=0.0548; p=0.0007; N=1242,yes (paper-only),"coef:[-0.1863,-0.1377]; SE:[0.0383,0.0518]; N:[1102,1492]",,approximate,not,non-outcome,precise,non-outcome,not,,T3 M1 (diffamountrec): coef +15.1% above paper (just outside band); SE +22%; significance maintained
9wya,9wya_gp1k1r,Push Button,coef=-0.245; SE=0.077; p<=0.01; N=1283,NaN (bushel),coef=-0.2485; SE=0.0783; p=0.0015; N=1230,yes (paper-only),"coef:[-0.2818,-0.2082]; SE:[0.0654,0.0886]; N:[1091,1475]",,approximate,approximate,non-outcome,precise,non-outcome,approximate,,"T3 M2 (difffremfreq): closest to a clean reproduction; coef within 1.4%, SE within 1.7%, all sub-outcomes precise/approximate"
AvOr,AvOr_gdyrdr,Source Data Reproduction,chi2=12.02; p<.001; phi=-.24; N=210,chi2=12.02; p=0.000526; phi=0.2392; N=210,chi2=12.0229; p=0.000526; phi=0.2393; N=210,yes,"chi2 [10.22,13.82]; phi [0.203,0.276]",chi2 precise at 12.02; p<.001 precise; phi precise at .24,precise,non-outcome,precise,precise,precise,precise,,Exp 1 chi-square reproduces exactly without Yates correction
AvOr,AvOr_b7dlq4,Source Data Reproduction,chi2=3.30; p=.069; phi=-.13; N=208,chi2=3.30; p=0.069; phi=-0.13; N=208,chi2=3.3016; p=0.0692; phi=0.1260; N=208,yes,"chi2 [2.81,3.80]; p [.019,.119]; phi [.111,.150]",precise bounds met,precise,non-outcome,precise,precise,precise,precise,,Exp 3 overall chi-square reproduces exactly
AvOr,AvOr_gzljvk,Source Data Reproduction,chi2=6.94; p=.008; phi=-.18; N=204,chi2=6.94; p=0.008; phi=-0.18; N=204,chi2=6.9399; p=0.00843; phi=0.1844; N=204 (after dropping 4 phi=0 rows),yes,"chi2 [5.90,7.98]; p [0,.058]; phi [.153,.207]",precise bounds met,precise,non-outcome,precise,precise,precise,precise,,Exp 3 phi-bin chi-square reproduces exactly
AvOr,AvOr_ml3qr2,Source Data Reproduction,b=0.27; SE=0.11; Z=2.52; p=.012; N=208,b=0.27; SE=0.11; Z=2.52; p=.012; N=208,b=0.266; SE=0.105; Z=2.522; p=.0117; N=208,yes,"b [.230,.310]; Z [2.142,2.898]; p [0,.062]",precise bounds met using lavaan ML w/ outcome-as-continuous (matches paper's printed scale),precise,precise,precise,precise,precise,precise,,Mediation reproduces exactly under lavaan default ML (outcome treated as continuous); ordered/probit gives different scale
DEqr,DEqr_blw3kn,Push Button,coef=-0.39; p<0.01; N=987,coef=-0.39; p<0.01; N=987,coef=-0.3895; p=0.000; N=987,yes,"coef:[-0.4485,-0.3315]; N:[839,1135]","coef:[-0.4485,-0.3315]; N:[839,1135]",precise,precise,non-outcome,precise,precise,precise,,Push Button reproduces Model 1 denial coefficient exactly.
DEqr,DEqr_m638d7,Push Button,coef=-0.41; p<0.01; N=987,coef=-0.41; p<0.01; N=987,coef=-0.4098; p=0.006; N=987,yes,"coef:[-0.4715,-0.3485]; N:[839,1135]","coef:[-0.4715,-0.3485]; N:[839,1135]",precise,precise,non-outcome,precise,precise,precise,,Push Button reproduces Model 2 denial coefficient (svy weights) exactly.
DEqr,DEqr_g3p87v,Push Button,coef=-0.48; p<0.01; N=986,coef=-0.48; p<0.01; N=986,coef=-0.4813; p=0.000; N=986,yes,"coef:[-0.552,-0.408]; N:[838,1134]","coef:[-0.552,-0.408]; N:[838,1134]",precise,precise,non-outcome,precise,precise,precise,,Push Button reproduces Model 3 lincom (causal-denial) on bribes outcome exactly.
DEqr,DEqr_gwlq2q,Push Button,coef=-0.36; p<0.05; N=986,coef=-0.36; p<0.05; N=986,coef=-0.3583; p=0.012; N=986,yes,"coef:[-0.414,-0.306]; N:[838,1134]","coef:[-0.414,-0.306]; N:[838,1134]",precise,precise,non-outcome,precise,precise,precise,,Push Button reproduces Model 4 lincom (causal-denial) on bribes outcome (svy weights) exactly.
DEqr,DEqr_gpjxk5,Push Button,coef=-0.34; p<0.01; N=764,coef=-0.34; p<0.01; N=764,coef=-0.3352; p=0.000; N=764,yes,"coef:[-0.391,-0.289]; N:[649,879]","coef:[-0.391,-0.289]; N:[649,879]",precise,precise,non-outcome,precise,precise,precise,,Push Button reproduces Model 5 lincom (causal-denial) on investigation outcome exactly.
DEqr,DEqr_mqnzyy,Push Button,coef=-0.16; p<0.12; N=764,coef=-0.16; p<0.12; N=764,coef=-0.1624; p=0.112; N=764,yes,"coef:[-0.184,-0.136]; N:[649,879]","coef:[-0.184,-0.136]; N:[649,879]",precise,precise,non-outcome,precise,precise,precise,,Push Button reproduces Model 6 lincom (causal-denial) on investigation outcome (svy weights) exactly.
E0Q3,E0Q3_single-trace,Push Button,p=0.07; N=56; 23.2% vs 12.5%,p=0.07; N=56,p=0.0703; N=56; 23.21% vs 12.50%,yes,0.02,0.12,precise,non-outcome,non-outcome,precise,non-outcome,precise,,Clean push-button repro of Table 2 col 2 (exact McNemar). All printed values match.
E4Am,E4Am_single-trace,Source Data Reproduction,t=2.20;p=.030;eta2=.057;N=82,t=2.2;p=0.03;d=0.486;N=82,t=2.2043;p=0.0304;eta2=0.0573;N=82,yes,see_table,see_table,precise,non-outcome,precise,precise,precise,precise,,Study1 portion size; all sub-outcomes precise.
E4Am,E4Am_m6oov9,Source Data Reproduction,t=2.14;p=.035;eta2=.043;N=105,t=2.14;p=0.035;eta2=0.043;N=105,t=2.1408;p=0.0346;eta2=0.0426;N=105,yes,see_table,see_table,precise,non-outcome,precise,precise,precise,precise,,Study2 z-pieces; all sub-outcomes precise.
E4Am,E4Am_g39923,Source Data Reproduction,F(1;95)=7.48;p=.007;eta2=.07;N=96,F=7.48;p=0.007;eta2=0.07;N=96,F=7.4747;p=0.0075;eta2=0.0729;N=97,yes,see_table,see_table,approximate,non-outcome,approximate,precise,precise,approximate,precise,Study3 RM-MANOVA; F rounds to 7.47 not 7.48 (0.07% gap); paper text N=96 inconsistent with reported dfs (95) which imply N=97.
E4Am,E4Am_gwvvdx,Source Data Reproduction,t(95)=0.20;p=.840;d=0.04;N=96,t=0.2;p=0.84;d=0.04;N=96,t=0.2019;p=0.8404;d=0.0410;N=97,yes,see_table,see_table,approximate,non-outcome,precise,precise,precise,approximate,precise,Study3 total points; only N differs (97 vs 96 paper-text typo).
E4Am,E4Am_gpvvw3,Source Data Reproduction,beta=0.11;t(117)=3.98;p<.001;f2=0.13;N=121,beta=0.11;t=3.98;p=0.001;f2=0.13;N=121,beta=0.1126;t=3.979;p=0.000119;f2=0.1353;N=121,yes,see_table,see_table,precise,precise,precise,precise,approximate,approximate,,Study4 badminton; f2 rounds to 0.14 (4% gap) not 0.13.
E4Am,E4Am_mq11q9,Source Data Reproduction,F(1;256)=6.90;p=.009;eta2=.026;N=261,F=6.9;p=0.009;eta2=0.026;N=261,F=6.897;p=0.00915;eta2=0.0262;N=261,yes,see_table,see_table,precise,non-outcome,precise,precise,precise,precise,,Study5 matrices interaction; all precise.
EAa,EAa_single-trace,Source Data Reproduction,"F(4,90)=3.47; p=.01; np2=.13; N=95","F(4,90)=3.47; p=.01; np2=.13; N=95","F(4,90)=3.466; p=.0111; np2=.1335; N=95",yes,"F:[2.95,3.99]; p:[0,.06]; np2:[.11,.15]; N:[81,109]",,precise,non-outcome,precise,precise,precise,precise,,"All four reported sub-outcomes (N, F, p, np2) reproduce precisely at paper precision; cell means/SDs also match paper to 2 d.p."
EQxa,EQxa_single-trace,Source Data Reproduction,"F(1,396)=29.0; p<.001; partial_eta2=.07; N=400",chi2(3)=32.98568; p=3.243e-7; cramer_v=0.2741053; N=400,"F(1,396)=29.05; p=1.21e-7; partial_eta2=.068; chi2(3)=32.98568; cramer_v=0.2741 (Bergsma corrected); N=400",no (extractor recoded ANOVA F as chi-square — paper prints F not chi2),"F: [24.65, 33.35]; p: <=.001 (precise band); peta2: [.0595, .0805]; N: [340, 460]","F: [24.65, 33.35]; p: <=.001 (precise band); peta2: [.0595, .0805]; N: [340, 460]",precise,non-outcome,precise,precise,precise,precise,,"Reconstructed 4 cell push-counts (28,9,16,41) by inverting the four pairwise t/d values on p.374; reproduced cell vector matches the extracted chi-square to 5 decimals (32.98568), confirming extractor used same back-calculation. F-test interaction matches paper exactly (29.0, p<.001, eta2=.07). Extraction recodes the paper's F-test as a 4x2 chi-square — flagged but not a reproduction failure."
EdQy,EdQy_l8kz8o,Extended Push Button,F=37.27;p=0.00;N=38189,F=37.27;p=0.0;N=38189,F=37.27;p<1e-15;N=38189,yes,F=[31.68;42.86] N=[32461;43917],precise,non-outcome,precise,precise,non-outcome,precise,precise,Table II col 1; matches paper exactly,
EdQy,EdQy_6rd9rk,Extended Push Button,F=33.65;p=0.00;N=38189,F=33.65;p=0.0;N=38189,F=33.65;p<1e-15;N=38189,yes,F=[28.60;38.70] N=[32461;43917],precise,non-outcome,precise,precise,non-outcome,precise,precise,Table II col 2,
EdQy,EdQy_ppk7pd,Extended Push Button,F=13.13;p<0.005;N=38189,F=13.13;p=0.005;N=38189,F=13.13;p<<0.005;N=38189,yes,F=[11.16;15.10] N=[32461;43917],precise,non-outcome,precise,precise,non-outcome,precise,precise,Table II col 3; threshold p one-sided,
EdQy,EdQy_j6k76k,Extended Push Button,F=2.53;p=0.005;N=11594,F=2.53;p=0.005;N=11594,F=2.527;p=0.00514;N=11594,yes,F=[2.15;2.91] N=[9854;13333],precise,non-outcome,precise,precise,non-outcome,precise,precise,Table II col 4 (aging-only); rounds to paper precision,
EdQy,EdQy_9xxwld,Extended Push Button,F=5.01;p=0.00;N=33737,F=5.01;p=0.0;N=33737,F=5.008;p=2.55e-08;N=33737,yes,F=[4.26;5.76] N=[28676;38798],precise,non-outcome,precise,precise,non-outcome,precise,precise,Table II col 5 (prior period),
EdQy,EdQy_single-trace,Extended Push Button,F=6.19;p=0.00;N=27387,F=6.19;p=0.0;N=27387,F=6.186;p=6.70e-11;N=27387,yes,F=[5.26;7.12] N=[23279;31495],precise,non-outcome,precise,precise,non-outcome,precise,precise,Table II col 8 (harvesting),
G0Kb,G0Kb_single-trace,Extended Push Button,coef=0.21; SE=0.08; p<0.01 (**); N=158; R2=0.13,NaN (orig_* fields empty in input),coef=0.20801; SE_HC1=0.08304; p_HC1=0.0133; p_classical=0.00838; N=158; R2=0.1274,no extraction to compare,"coef approx [0.1785, 0.2415]; N approx [134, 182]; p threshold p<0.01: precise <=0.01, approx (0.01, 0.06]","coef approx [0.1785, 0.2415]; N approx [134, 182]; p threshold p<0.01: precise <=0.01, approx (0.01, 0.06]",precise,precise,non-outcome,approximate,non-outcome,approximate,,"Coef/SE/N/R2 reproduce precisely from author's GitHub repo (claireadida/paper-replication-ACLV2016) using dataFonIsNotGoun.dta. Significance star ** (p<0.01) requires classical OLS SE; with the robust SE the paper says it uses (footnote 20), p approx 0.013 (HC1) - significant at 95% only. Zelig substituted with lm + sandwich (Extended Push Button)."
G4mp,G4mp_single-trace,Push Button,coef=0.25; N=8240,coef=0.24; N=8240,coef=0.2454; t=5.93; p<0.001; N=8240,no,"coef approx [0.2125,0.2875]; N approx [7004,9476]",coef precise=0.25; N precise=8240,precise,precise,non-outcome,non-outcome,precise,precise,,"Reproduced precise vs paper text (0.25). Extracted CSV value (0.24) appears to be a Figure 1 graphreader read; paper text on p.202 prints 0.25. Per SCORE rubric, text anchor used."
G55r,G55r_single-trace,Push Button,"coef=31.4; SE=5.79; N=11314 (Table 7, Year 1, T3, 10th grade, with copying adjustment / Correction 2)",coef=31.4; SE=5.79; N=11314,coef=31.40501; SE=5.78514; N=11314,yes,"coef:[26.69,N:9617]","coef:[36.11,N:13011]",precise,precise,non-outcome,non-outcome,non-outcome,precise,,Push Button reproduction with author code (table_7_gr10_yr1.do) and data (table_7_gr10_yr1.dta) from manually-fetched JPE supplement. T3=dum_treat4 per readme.docx. Correction 2 (predicted-min-imputation) matches Table 7 in main text; Correction 1 (25th-pctile cap) matches Appendix Table C1 (5.84 SE).
GJe4,GJe4_single-trace,Extended Push Button,"coef=2.812; CI=[.69,5.08]; p<0.01; N=4013; countries=64",NaN_in_csv,"coef=2.797; CI=[0.68,5.02]; p<0.01 (at alpha=0.01); N=4013; countries=64",yes,coef:2.3902; N:3411,coef:3.2338; N:4615,precise,approximate,non-outcome,precise,approximate,approximate,,"Focal LRM 2.812 vs reproduced 2.797 (0.5% gap, inside +/-15% band). Sample N and countries reproduce exactly. Significance threshold (p<0.01) reproduces. Deterministic LRM = 2.793, so gap is ~4 MC SEs and likely reflects R 3.4.1 -> R 4.5.2 plm/vcovHC drift, not the seed (varied 5 seeds, mu=2.787-2.797). Env edit: top-level set.seed(23) substituted for missing per-iv *_seed.RDS files."
GOYb,GOYb_single-trace,Push Button,coef=-3.519; SE=0.938; p<0.01; N=202,coef=-3.519; SE=0.938; p=0.01(less-than); N=202,coef=-3.519048; SE=0.9375968; p=1.8e-4 (z=-3.75); N=202,yes,"coef approx [-4.047,-2.991]; N approx [172,232]","coef approx [-4.047,-2.991]; N approx [172,232]",precise,precise,non-outcome,precise,precise,precise,,Exact match on all sub-outcomes. Note: Cambridge publisher supplementary archive is incomplete (omits Turnout.dta and Turnout results.do); full archive obtained from author's public Dropbox link. Reproduction is unpatched.
Gv3O,Gv3O_q73v5y,Push Button,0.105,0.105,0.10475,yes,0.08925,0.12075,precise,precise,non-outcome,non-outcome,precise,precise,,Table 2 Girls OLS col 5 scqm exact reproduction
Gv3O,Gv3O_j61p8w,Push Button,0.097,0.097,0.09737,yes,0.08245,0.11155,precise,precise,non-outcome,non-outcome,precise,precise,,Table 2 Girls Logit col 6 scqm exact reproduction
Gv3O,Gv3O_5ojq61,Push Button,-0.023,-0.023,-0.02338,yes,-0.02645,-0.01955,precise,precise,non-outcome,non-outcome,precise,precise,,Table 2 Boys Logit col 4 scqm exact reproduction
Gv3O,Gv3O_yw46nk,Push Button,0.206,0.206,0.20583,yes,0.17510,0.23690,precise,precise,non-outcome,non-outcome,precise,precise,,Table 4 Girls top by lagged score Logit scqm exact reproduction
Gv3O,Gv3O_2l95y4,Source Data Reproduction,0.086,0.086,0.0916,yes,0.0731,0.0989,approximate,approximate,non-outcome,non-outcome,approximate,approximate,,Table 8 Panel B Girls 4Q OLS - SAS only in archive; Stata port gives 0.092 (paper 0.086) and N=905 (paper 921) - both within 15% but not precise
J0Yv,J0Yv_pprv8w,Source Data Reproduction,F(3,69)=7.66; p<.001; pEta2=.10; N=71,F=7.66; p=0.001(lt); pEta2=0.10; N=71,F(3,207)=7.6576; p=7.05e-05; pEta2=0.0999; N=71,yes,F approx_lb=6.51; pEta2 approx_lb=0.085,F approx_ub=8.81; pEta2 approx_ub=0.115,precise,non-outcome,precise,precise,precise,precise
J0Yv,J0Yv_q7r1ko,Source Data Reproduction,F(3,69)=7.66; p<.001; pEta2=.10; N=71,F=7.66; p=0.001(lt); pEta2=0.10; N=71,F(3,207)=7.6576; p=7.05e-05; pEta2=0.0999; N=71,yes,F approx_lb=6.51; pEta2 approx_lb=0.085,F approx_ub=8.81; pEta2 approx_ub=0.115,precise,non-outcome,precise,precise,precise,precise
J0Yv,J0Yv_x6ry86,Source Data Reproduction,F(2,470)=73.81; p<.001; pEta2=.27; N=204,F=73.81; p=0.001(lt); pEta2=0.27; N=204,F(3,597)=73.8100; p=1.3e-40; pEta2=0.2706; N=204,yes,F approx_lb=62.74; pEta2 approx_lb=0.230,F approx_ub=84.88; pEta2 approx_ub=0.310,precise,non-outcome,precise,precise,precise,precise
J0Yv,J0Yv_j6dnjr,Source Data Reproduction,F(2,470)=73.81; p<.001; pEta2=.27; N=204,F=73.81; p=0.001(lt); pEta2=0.27; N=204,F(3,597)=73.8100; p=1.3e-40; pEta2=0.2706; N=204,yes,F approx_lb=62.74; pEta2 approx_lb=0.230,F approx_ub=84.88; pEta2 approx_ub=0.310,precise,non-outcome,precise,precise,precise,precise
J0Yv,J0Yv_1rz4jk,Source Data Reproduction,F(1,199)=7.68; p=.006; pEta2=.04; N=204,F=7.68; p=0.006(exact); pEta2=0.04; N=204,F(1,199)=7.6777; p=0.00612; pEta2=0.0371; N=204,yes,F approx_lb=6.53; pEta2 approx_lb=0.034,F approx_ub=8.83; pEta2 approx_ub=0.046,precise,non-outcome,precise,precise,precise,precise
J999,J999_ppp57q,Push Button,"coef=0.0216, se=0.0029, p<0.001, N=17004.0","coef=0.0216, se=0.0029, p<0.001, N=17004.0","coef=0.0216, se=0.0029, p<0.001, N=17004.0",yes,0.01836,0.02484,precise,precise,precise,precise,precise,precise,,Parsed pre-computed author log (TABLE3_MEAN.csv); matches paper exactly.
J999,J999_q77vpr,Push Button,"coef=0.0037, se=0.0004, p<0.001, N=17004.0","coef=0.0037, se=0.0004, p<0.001, N=17004.0","coef=0.0037, se=0.0004, p<0.001, N=17004.0",yes,0.003145,0.004255,precise,precise,precise,precise,precise,precise,,Parsed pre-computed author log (TABLE3_MEAN.csv); matches paper exactly.
J999,J999_x66l55,Push Button,"coef=0.021, se=0.0032, p<0.001, N=17004.0","coef=0.021, se=0.0032, p<0.001, N=17004.0","coef=0.0210, se=0.0032, p<0.001, N=17004.0",yes,0.01785,0.02415,precise,precise,precise,precise,precise,precise,,Parsed author log (TABLE5_ROW2.csv); matches paper exactly.
J999,J999_j66p7x,Push Button,"coef=0.0025, se=0.0006, p<0.001, N=17004.0","coef=0.0025, se=0.0006, p<0.001, N=17004.0","coef=0.0025, se=0.0006, p<0.001, N=17004.0",yes,0.002125,0.002875,precise,precise,precise,precise,precise,precise,,Parsed author log (TABLE5_ROW2.csv); matches paper exactly.
J999,J999_1rr6p1,Push Button,"coef=0.0215, se=0.0029, p<0.001, N=17004.0","coef=0.0215, se=0.0029, p<0.001, N=17004.0","coef=0.0215, se=0.0029, p<0.001, N=17004.0",yes,0.018275,0.024725,precise,precise,precise,precise,precise,precise,,Parsed author log (TABLE5_ROW3.csv income low); matches paper exactly.
J999,J999_9oo4yp,Push Button,"coef=0.0036, se=0.0004, p<0.001, N=17004.0","coef=0.0036, se=0.0004, p<0.001, N=17004.0","coef=0.0036, se=0.0004, p<0.001, N=17004.0",yes,0.00306,0.00414,precise,precise,precise,precise,precise,precise,,Parsed author log (TABLE5_ROW3.csv income low); matches paper exactly.
J999,J999_4kkpj1,Push Button,"coef=0.0208, se=0.0032, p<0.001, N=17004.0","coef=0.0208, se=0.0032, p<0.001, N=17004.0","coef=0.0208, se=0.0032, p<0.001, N=17004.0",yes,0.01768,0.02392,precise,precise,precise,precise,precise,precise,,Parsed author log (TABLE5_ROW3.csv income high); matches paper exactly.
J999,J999_5ooq1z,Push Button,"coef=0.0042, se=0.0006, p<0.001, N=17004.0","coef=0.0042, se=0.0006, p<0.001, N=17004.0","coef=0.0042, se=0.0006, p<0.001, N=17004.0",yes,0.00357,0.00483,precise,precise,precise,precise,precise,precise,,Parsed author log (TABLE5_ROW3.csv income high); matches paper exactly.
J999,J999_yww6yz,Push Button,"coef=0.022, se=0.0028, p<0.001, N=17004.0","coef=0.022, se=0.0028, p<0.001, N=17004.0","coef=0.0220, se=0.0028, p<0.001, N=17004.0",yes,0.0187,0.0253,precise,precise,precise,precise,precise,precise,,Parsed author log (TABLE5_ROW5.csv); matches paper exactly.
J999,J999_9vxqq9,Push Button,"coef=0.0037, se=0.0004, p<0.001, N=17004.0","coef=0.0037, se=0.0004, p<0.001, N=17004.0","coef=0.0037, se=0.0004, p<0.001, N=17004.0",yes,0.003145,0.004255,precise,precise,precise,precise,precise,precise,,Parsed author log (TABLE5_ROW5.csv); matches paper exactly.
J999,J999_426ddl,Push Button,"coef=0.0193, se=0.0032, p<0.001, N=17004.0","coef=0.0193, se=0.0032, p<0.001, N=17004.0","coef=0.0193, se=0.0032, p<0.001, N=17004.0",yes,0.016405,0.022195,precise,precise,precise,precise,precise,precise,,Parsed author log (TABLE5_ROW6.csv); matches paper exactly.
J999,J999_523vvk,Push Button,"coef=0.0044, se=0.0004, p<0.001, N=17004.0","coef=0.0044, se=0.0004, p<0.001, N=17004.0","coef=0.0044, se=0.0004, p<0.001, N=17004.0",yes,0.00374,0.00506,precise,precise,precise,precise,precise,precise,,Parsed author log (TABLE5_ROW6.csv); matches paper exactly.
J999,J999_y2looo,Push Button,"coef=-0.0212, se=0.0054, p<0.001, N=26411.0","coef=-0.0212, se=0.0054, p<0.001, N=26411.0","coef=-0.0212, se=0.0054, p<0.001, N=26411.0",yes,-0.02438,-0.01802,precise,precise,precise,precise,precise,precise,,Parsed author log (TABLE6.csv panel B col 2b); matches paper exactly.
J999,J999_22zkkv,Push Button,"coef=-0.021, se=0.0059, p<0.001, N=26411.0","coef=-0.021, se=0.0059, p<0.001, N=26411.0","coef=-0.0210, se=0.0059, p<0.001, N=26411.0",yes,-0.02415,-0.01785,precise,precise,precise,precise,precise,precise,,Parsed author log (TABLE6.csv panel B col 3b); paper prints -.0210 (JSON has -.021); rounds identically.
J999,J999_82q991,Push Button,"coef=-0.0048, se=0.001, p<0.001, N=26411.0","coef=-0.0048, se=0.001, p<0.001, N=26411.0","coef=-0.0048, se=0.0010, p<0.001, N=26411.0",yes,-0.00552,-0.00408,precise,precise,precise,precise,precise,precise,,Parsed author log (TABLE6.csv panel B col 2b 80-89F); matches paper exactly.
J999,J999_oypddq,Push Button,"coef=-0.0049, se=0.0011, p<0.001, N=26411.0","coef=-0.0049, se=0.0011, p<0.001, N=26411.0","coef=-0.0049, se=0.0011, p<0.001, N=26411.0",yes,-0.005635,-0.004165,precise,precise,precise,precise,precise,precise,,Parsed author log (TABLE6.csv panel B col 3b 80-89F); matches paper exactly.
J999,J999_ry7113,Push Button,"coef=-0.0212, se=0.0055, p<0.001, N=26411.0","coef=-0.0212, se=0.0055, p<0.001, N=26411.0","coef=-0.0212, se=0.0054, p<0.001, N=26411.0",yes,-0.02438,-0.01802,precise,precise,precise,precise,precise,precise,,Parsed author log (TABLE8.csv col 1 baseline); matches paper exactly.
J999,J999_vy544w,Push Button,"coef=-0.0048, se=0.001, p<0.001, N=26411.0","coef=-0.0048, se=0.001, p<0.001, N=26411.0","coef=-0.0048, se=0.0010, p<0.001, N=26411.0",yes,-0.00552,-0.00408,precise,precise,precise,precise,precise,precise,,Parsed author log (TABLE8.csv col 1 80-89F); matches paper exactly.
J999,J999_k4l779,Push Button,"coef=-0.0343, se=0.0139, p<0.05, N=4655.0","coef=-0.0343, se=0.0139, p<0.05, N=4655.0","coef=-0.0343, se=0.0139, p<0.05, N=4655.0",yes,-0.039445,-0.029155,precise,precise,precise,precise,precise,precise,,Parsed author log (TABLE8.csv col 3 2-yr census window); matches paper exactly.
J999,J999_72pnnp,Push Button,"coef=-0.006, se=0.002, p<0.01, N=4655.0","coef=-0.006, se=0.002, p<0.01, N=4655.0","coef=-0.0060, se=0.0020, p<0.01, N=4655.0",yes,-0.0069,-0.0051,precise,precise,precise,precise,precise,precise,,Parsed author log (TABLE8.csv col 3 80-89F); matches paper exactly.
J999,J999_zo7ddv,Push Button,"coef=-0.0376, se=0.0065, p<0.001, N=26411.0","coef=-0.0376, se=0.0065, p<0.001, N=26411.0","coef=-0.0376, se=0.0065, p<0.001, N=26411.0",yes,-0.04324,-0.03196,precise,precise,precise,precise,precise,precise,,Parsed author log (TABLE8.csv col 4 year-x-temp trends); matches paper exactly.
J999,J999_lk6nnz,Push Button,"coef=-0.0264, se=0.0088, p<0.01, N=26313.0","coef=-0.0264, se=0.0088, p<0.01, N=26313.0","coef=-0.0264, se=0.0088, p<0.01, N=26313.0",yes,-0.03036,-0.02244,precise,precise,precise,precise,precise,precise,,Parsed author log (TABLE8.csv col 5 4-mo window); matches paper exactly.
J999,J999_6dwooq,Push Button,"coef=-0.0013, se=0.0011, p=nan, N=26313.0","coef=-0.0013, se=0.0011, p=nan, N=26313.0","coef=-0.0013, se=0.0011, n.s., N=26313.0",yes,-0.001495,-0.001105,precise,precise,precise,precise,precise,precise,,Parsed author log (TABLE8.csv col 5 80-89F); matches paper exactly (n.s.).
J999,J999_37l994,Push Button,"coef=10.82, se=2.81, p<0.001, N=3699613.0","coef=10.82, se=2.81, p<0.001, N=3699613.0","coef=10.8162, se=2.8085, p<0.001, N=3699613.0 (rounds to 10.82/2.81)",yes,9.197,12.443,precise,precise,precise,precise,precise,precise,,Parsed Table9_PerfectElasticSupply.log nlcom; rounds to paper exactly.
J999,J999_w2yvv9,Push Button,"coef=9.24, se=2.97, p<0.01, N=3699613.0","coef=9.24, se=2.97, p<0.01, N=3699613.0","coef=9.239, se=2.967, p<0.01, N=3699613.0 (rounds to 9.24/2.97)",yes,7.854,10.626,precise,precise,precise,precise,precise,precise,,Parsed Table9_PerfectElasticSupply.log nlcom; rounds to paper exactly.
J999,J999_pkqvv1,Push Button,"coef=8.37, se=2.17, p<0.001, N=3699613.0","coef=8.37, se=2.17, p<0.001, N=3699613.0","coef=8.369, se=2.166, p<0.001, N=3699613.0 (rounds to 8.37/2.17)",yes,7.115,9.626,precise,precise,precise,precise,precise,precise,,Parsed Table9_PerfectElasticSupply.log nlcom; rounds to paper exactly.
J999,J999_qyx11d,Push Button,"coef=10.43, se=3.4, p<0.01, N=3699613.0","coef=10.43, se=3.4, p<0.01, N=3699613.0","coef=10.427, se=3.404, p<0.01, N=3699613.0 (rounds to 10.43/3.40)",yes,8.866,11.995,precise,precise,precise,precise,precise,precise,,Parsed Table9_PerfectElasticSupply.log nlcom; rounds to paper exactly.
J999,J999_x2zyyv,Push Button,"coef=9.46, se=3.24, p<0.01, N=3699613.0","coef=9.46, se=3.24, p<0.01, N=3699613.0","coef=9.459, se=3.236, p<0.01, N=3699613.0 (rounds to 9.46/3.24)",yes,8.041,10.879,precise,precise,precise,precise,precise,precise,,Parsed Table9_PerfectElasticSupply.log nlcom; rounds to paper exactly.
J999,J999_jkznv9,Push Button,"coef=4.88, se=1.57, p<0.01, N=3699613.0","coef=4.88, se=1.57, p<0.01, N=3699613.0","coef=4.879, se=1.566, p<0.01, N=3699613.0 (rounds to 4.88/1.57)",yes,4.148,5.612,precise,precise,precise,precise,precise,precise,,Parsed Table9_LinearSupply.log nlcom col 1; rounds to paper exactly.
J999,J999_1dy45r,Push Button,"coef=4.55, se=1.44, p<0.01, N=3699613.0","coef=4.55, se=1.44, p<0.01, N=3699613.0","coef=4.552, se=1.435, p<0.01, N=3699613.0 (rounds to 4.55/1.44)",yes,3.868,5.232,precise,precise,precise,precise,precise,precise,,Parsed Table9_LinearSupply.log nlcom col 3; rounds to paper exactly.
J999,J999_9vxq69,Push Button,"coef=6.28, se=2.36, p<0.01, N=3699613.0","coef=6.28, se=2.36, p<0.01, N=3699613.0","coef=6.277, se=2.364, p<0.01, N=3699613.0 (rounds to 6.28/2.36)",yes,5.338,7.222,precise,precise,precise,precise,precise,precise,,Parsed Table9_LinearSupply.log nlcom col 4; rounds to paper exactly.
J999,J999_426d4l,Push Button,"coef=5.46, se=2.41, p<0.05, N=3699613.0","coef=5.46, se=2.41, p<0.05, N=3699613.0","coef=5.463, se=2.408, p<0.05, N=3699613.0 (rounds to 5.46/2.41)",yes,4.641,6.279,precise,precise,precise,precise,precise,precise,,Parsed Table9_LinearSupply.log nlcom col 5; rounds to paper exactly.
JRpA,JRpA_7oy1jv,Extended Push Button,coef=-13.748; SE=4.720; Z=-2.913; p<0.01; N=375,coef=-13.748; SE=4.720; Z=-2.913; p=0.0036; N=375,coef=-13.7477; SE=4.7197; Z=-2.91; p=0.0036; N=375,yes,"coef:[-15.81,-11.69]; Z:[-3.35,-2.48]; N:[319,431]",,precise,precise,precise,precise,non-outcome,precise,,Table 2 M1 last-digit logit; reproduces precisely
JRpA,JRpA_zxz13n,Extended Push Button,coef=-0.488; SE=0.122; Z=-4.0; p<0.01; N=375,coef=-0.488; SE=0.122; Z=-4.0; p=6.3e-05; N=375,coef=-0.4883; SE=0.1216; Z=-4.02; p<0.0001; N=375,yes,"coef:[-0.561,-0.415]; Z:[-4.60,-3.40]; N:[319,431]",,precise,precise,precise,precise,non-outcome,precise,,Table 2 M2 last-digit logit; reproduces precisely
JRpA,JRpA_l8j9xn,Extended Push Button,coef=-1.438; SE=0.375; t=-3.83; p<0.01; N=375,coef=-1.438; SE=0.375; t=-3.835; p=0.000148; N=375,coef=-1.4376; SE=0.3752; t=-3.83; p=0.0001; N=375,yes,"coef:[-1.654,-1.222]; t:[-4.41,-3.26]; N:[319,431]",,precise,precise,precise,precise,non-outcome,precise,,Table 2 M3 recount OLS; reproduces precisely
JRpA,JRpA_6ryjx7,Extended Push Button,coef=-0.077; SE=0.025; t=-3.08; p<0.01; N=375,coef=-0.077; SE=0.025; t=-3.08; p=0.00223; N=375,coef=-0.0767; SE=0.0251; t=-3.05; p=0.0024; N=375,yes,"coef:[-0.0886,-0.0655]; t:[-3.54,-2.62]; N:[319,431]",,precise,precise,precise,precise,non-outcome,precise,,Table 2 M4 recount OLS; reproduces precisely
JRpA,JRpA_3nyvwv,Extended Push Button,coef=7.279; SE=4.576; p not reported; N=375,coef=7.279; SE=4.576; N=375,coef=7.2789; SE=4.5757; Z=1.59; p=0.112; N=375,yes,"coef:[6.187,8.371]; N:[319,431]",,precise,precise,non-outcome,non-outcome,non-outcome,precise,,Table 3 M5 spatial displacement Karzai; reproduces precisely (no p-value reported in paper)
JRpA,JRpA_w7j8zq,Extended Push Button,coef=5.239; SE=2.216; p<0.05; N=363,coef=5.239; SE=2.216; p<0.05; N=363,coef=5.2390; SE=2.2156; Z=2.36; p=0.0181; N=363,yes,"coef:[4.453,6.025]; N:[309,417]",,precise,precise,non-outcome,precise,non-outcome,precise,,Table 3 M6 spatial displacement Abdullah; reproduces precisely
KRgk,KRgk_single-trace,Extended Push Button,coef=3.591; SE=0.402; p<.001; N=1913,coef=3.591; SE=0.402; p<.001; N=1913,coef=3.59117; SE=0.4022; t=8.93; p<1e-18; N=1913,yes,"coef[3.052,4.130]; N[1626,2200]",p<=0.001 precise band,precise,precise,non-outcome,precise,non-outcome,precise,,Precise reproduction of Table 2 SITC2 Horizon=10 row from author code/data on Kehoe website
Kj9d,Kj9d_single-trace,Source Data Reproduction,"F(1,19)=16.69; p<.002; eta2p=.47; N=20",F=16.69; p=0.0006305; f2=0.8784; N=20,F=16.695; p=0.000630; eta2p=0.4677; f2=0.879; N=20,yes,F:14.19; eta2p:.40,F:19.19; eta2p:.54,precise,non-outcome,precise,precise,precise,precise,,Precise reproduction from Elsevier supplement mmc1.zip (per-subject corrected RTs). Per-mapping cell means match paper p.49 to one decimal place. F=16.695 rounds to 16.70 vs paper 16.69 (1-LSB difference treated as precise per rounding-rule spirit).
L22B,L22B_4kyq5l,Push Button,coef=0.430; SE=0.180; p<0.05; N=6027,coef=0.43; SE=0.18; p<0.05; N=6027,coef=0.4301; SE=0.1797; p=0.021; N=6027,yes,"coef:[0.366,0.495]; SE:[0.153,0.207]; N:[5123,6931]","coef:[0.366,0.495]; SE:[0.153,0.207]; N:[5123,6931]",precise,precise,non-outcome,precise,precise,precise,precise,Tbl1 M2 Complainant; all sub-outcomes match to paper-printed digits
L22B,L22B_5o7kyk,Push Button,coef=0.062; SE=0.136; N=12066,coef=0.062; SE=0.136; N=12066,coef=0.0516; SE=0.1333; N=12391,yes,"coef:[0.0527,0.0713]; SE:[0.1156,0.1564]; N:[10256,13876]","coef:[0.0527,0.0713]; SE:[0.1156,0.1564]; N:[10256,13876]",approximate,not,non-outcome,non-outcome,non-outcome,not,precise,Tbl1 M3 Complainant; author do-file uses if outcome==3 (N=12391); paper N=12066 corresponds to if earlysettle==0; coef 16.6% off (just outside precise band)
L22B,L22B_yw9q1o,Push Button,coef=0.804; SE=0.340; p<0.05; N=5272,coef=0.804; SE=0.34; p<0.05; N=5272,coef=0.8037; SE=0.3401; p=0.018; N=5272,yes,"coef:[0.683,0.925]; SE:[0.289,0.391]; N:[4481,6063]","coef:[0.683,0.925]; SE:[0.289,0.391]; N:[4481,6063]",precise,precise,non-outcome,precise,precise,precise,precise,Tbl3 M4 outcome thirdparties; all precise
L22B,L22B_21yo9v,Push Button,coef=3.434; SE=1.487; p<0.05; N=5272,coef=3.434; SE=1.487; p<0.05; N=5272,coef=3.434; SE=1.487; p=0.021; N=5272,yes,"coef:[2.919,3.949]; SE:[1.264,1.710]; N:[4481,6063]","coef:[2.919,3.949]; SE:[1.264,1.710]; N:[4481,6063]",precise,precise,non-outcome,precise,precise,precise,precise,Tbl3 M5 outcome thirdparties_dum; all precise
L22B,L22B_8rzko1,Push Button,coef=2.320; SE=0.894; p<0.001; N=5272,coef=2.32; SE=0.894; p<0.001; N=5272,coef=2.320; SE=0.894; p=0.009; N=5272,yes,"coef:[1.972,2.668]; SE:[0.760,1.028]; N:[4481,6063]; p:precise<=0.001 / approx (0.001,0.051]","coef:[1.972,2.668]; SE:[0.760,1.028]; N:[4481,6063]",precise,precise,non-outcome,approximate,non-outcome,approximate,approximate,Tbl3 M6 outcome lnthird; coef SE N precise; reproduced p=0.009 falls in approximate band for p<0.001 threshold
L22B,L22B_okzxnq,Push Button,coef=0.065; SE=0.025; p<0.05; N=4423,coef=0.065; SE=0.025; p<0.05; N=4423,coef=0.0651; SE=0.0255; p=0.011; N=4423,yes,"coef:[0.0553,0.0748]; SE:[0.0213,0.0288]; N:[3760,5086]","coef:[0.0553,0.0748]; SE:[0.0213,0.0288]; N:[3760,5086]",precise,precise,non-outcome,precise,precise,precise,precise,Tbl3 M7 outcome lntp_average; all precise
L22B,L22B_n39qon,Push Button,coef=0.469; SE=0.222; p<0.05; N=5702,coef=0.469; SE=0.222; p<0.05; N=5702,coef=0.4687; SE=0.2223; p=0.035; N=5702,yes,"coef:[0.399,0.539]; SE:[0.189,0.255]; N:[4847,6557]","coef:[0.399,0.539]; SE:[0.189,0.255]; N:[4847,6557]",precise,precise,non-outcome,precise,precise,precise,precise,Tbl4 M8 outcome complainant; all precise
La9x,La9x_single-trace,Push Button,coef=4.06; SE=1.135; p<.01; N=64,coef=4.06; SE=1.135; p=0.01(less-than); N=64,coef=4.0625; SE=1.135369; p=0.003; N=64,yes,coef in [3.451 4.669]; N in [55 73]; p<=.01,coef in [3.451 4.669]; N in [55 73]; p<=.01,precise,precise,precise,precise,precise,precise,,Push Button reproduces Table 2 col 1 exactly; coef 4.0625 rounds to 4.06 and SE 1.135369 rounds to 1.135; required path-only edits and installation of outreg2/renvars/svmatf/svmat2.
LbEB,LbEB_g44qqk,Extended Push Button,"1D: contingent=.83, full=.75, CI=[.03,.14]",,"contingent=0.831, full=0.745, CI=[0.027, 0.144]",yes,"[.0255,.119]","[.0345,.161]",non-outcome,non-outcome,non-outcome,non-outcome,precise,precise,,Reproduced posterior mean differences round to paper's reported precision; CI endpoints precise.
LbEB,LbEB_m5xkkr,Extended Push Button,"2D: contingent=.72, full=.82, CI=[.02,.18]",,"contingent=0.722, full=0.821, CI=[0.017, 0.182]",yes,"[.017,.153]","[.023,.207]",non-outcome,non-outcome,non-outcome,non-outcome,precise,precise,,Both CI endpoints round to paper precision.
LbEB,LbEB_myjqqn,Extended Push Button,"dangerpct: cont=37.6%, full=28.2%, CI=[.02,.16]",,"cont=37.60%, full=28.21%, CI=[0.025, 0.163]",yes,"[.017,.136]","[.023,.184]",non-outcome,non-outcome,non-outcome,non-outcome,precise,precise,,Means and CI endpoints round to paper precision.
LbEB,LbEB_b2vooo,Extended Push Button,"rightdim: cont=22.9%, full=40.4%, CI=[-.02,.33]",,"cont=22.92%, full=40.43%, CI=[-0.020, 0.335]",yes,"[-.023,.281]","[-.017,.380]",non-outcome,non-outcome,non-outcome,non-outcome,precise,precise,,All endpoints precise to paper precision.
LbEB,LbEB_m8lkk9,Extended Push Button,"trapdim: cont=37.5%, full=25.5%, CI=[.07,.29]",,"cont=37.50%, full=25.53%, CI=[-0.070, 0.287]",yes,"[.0595,.2465]","[.0805,.3335]",non-outcome,non-outcome,non-outcome,non-outcome,not,not,,"Paper lower CI bound +0.07; reproduced -0.07. Likely paper typo (missing minus sign): claim text says ""did not lie outside the 95% credible interval"" which requires CI to contain 0. Sign error gives Not Reproduced for lower bound."
LyWB,LyWB_g4161d,Push Button,coef=-0.78; se=0.19; p<0.01; N=434,coef=-0.78; se=0.19; p<0.01; N=434,coef=-0.7788; se=0.1941; p=0.000; N=434,yes,0.663,0.897,precise,precise,non-outcome,precise,precise,precise,,
LyWB,LyWB_m5939x,Push Button,coef=-1.81; se=0.48; p<0.01; N=434,coef=-1.81; se=0.48; p<0.01; N=434,coef=-1.8085; se=0.4802; p=0.000; N=434,yes,1.538,2.081,precise,precise,non-outcome,precise,precise,precise,,
LyWB,LyWB_mydldv,Push Button,coef=1.32; se=0.42; p<0.01; N=434,coef=1.32; se=0.42; p<0.01; N=434,coef=1.3217; se=0.4167; p=0.002; N=434,yes,1.122,1.518,precise,precise,non-outcome,precise,precise,precise,,
LyWB,LyWB_b2xzx8,Push Button,coef=-0.75; se=0.19; p<0.01; N=428,coef=-0.75; se=0.19; p<0.01; N=428,coef=-0.7471; se=0.1939; p=0.000; N=428,yes,0.637,0.862,precise,precise,non-outcome,precise,precise,precise,,
LyWB,LyWB_m8yqyv,Push Button,coef=-1.59; se=0.5; p<0.01; N=428,coef=-1.59; se=0.5; p<0.01; N=428,coef=-1.5885; se=0.5025; p=0.002; N=428,yes,1.351,1.829,precise,precise,non-outcome,precise,precise,precise,,
LyWB,LyWB_bojpjy,Push Button,coef=1.47; se=0.44; p<0.01; N=428,coef=1.47; se=0.44; p<0.01; N=428,coef=1.4676; se=0.4356; p=0.001; N=428,yes,1.250,1.690,precise,precise,non-outcome,precise,precise,precise,,
LyWB,LyWB_bnxwx9,Push Button,coef=-0.84; se=0.2; p<0.01; N=434,coef=-0.84; se=0.2; p<0.01; N=434,coef=-0.8375; se=0.1999; p=0.000; N=434,yes,0.714,0.966,precise,precise,non-outcome,precise,precise,precise,,
LyWB,LyWB_bdnonr,Push Button,coef=-1.84; se=0.49; p<0.01; N=434,coef=-1.84; se=0.49; p<0.01; N=434,coef=-1.8405; se=0.4858; p=0.000; N=434,yes,1.564,2.116,precise,precise,non-outcome,precise,precise,precise,,
LyWB,LyWB_br474w,Push Button,coef=1.46; se=0.45; p<0.01; N=434,coef=1.46; se=0.45; p<0.01; N=434,coef=1.4591; se=0.4542; p=0.001; N=434,yes,1.241,1.679,precise,precise,non-outcome,precise,precise,precise,,
LyWB,LyWB_9zwvn8,Push Button,coef=-0.79; se=0.2; p<0.01; N=428,coef=-0.79; se=0.2; p<0.01; N=428,coef=-0.7931; se=0.2007; p=0.000; N=428,yes,0.671,0.908,precise,precise,non-outcome,precise,precise,precise,,
LyWB,LyWB_48o25d,Push Button,coef=-1.62; se=0.51; p<0.01; N=428,coef=-1.62; se=0.51; p<0.01; N=428,coef=-1.6242; se=0.5065; p=0.001; N=428,yes,1.377,1.863,precise,precise,non-outcome,precise,precise,precise,,
LyWB,LyWB_58d2yx,Push Button,coef=1.53; se=0.47; p<0.01; N=428,coef=1.53; se=0.47; p<0.01; N=428,coef=1.5350; se=0.4699; p=0.001; N=428,yes,1.300,1.759,precise,precise,non-outcome,precise,precise,precise,,
LyWB,LyWB_y7z21v,Push Button,coef=-0.78; se=0.2; p<0.01; N=426,coef=-0.78; se=0.2; p<0.01; N=426,coef=-0.7836; se=0.2012; p=0.000; N=426,yes,0.663,0.897,precise,precise,non-outcome,precise,precise,precise,,
LyWB,LyWB_285298,Push Button,coef=-1.62; se=0.5; p<0.01; N=426,coef=-1.62; se=0.5; p<0.01; N=426,coef=-1.6197; se=0.5030; p=0.001; N=426,yes,1.377,1.863,precise,precise,non-outcome,precise,precise,precise,,
LyWB,LyWB_8862ov,Push Button,coef=1.54; se=0.47; p<0.01; N=426,coef=1.54; se=0.47; p<0.01; N=426,coef=1.5395; se=0.4726; p=0.001; N=426,yes,1.309,1.771,precise,precise,non-outcome,precise,precise,precise,,
LyWB,LyWB_oq6yny,Push Button,coef=-1.7; se=0.66; p<0.01; N=428,coef=-1.7; se=0.66; p<0.01; N=428,coef=-1.7005; se=0.6591; p=0.010; N=428,yes,1.445,1.955,precise,precise,non-outcome,approximate,precise,approximate,,"T5 M6: paper p<0.01, reproduced p displays as 0.010 (= threshold). Strict-inequality rule demotes to approximate; in band (0.01, 0.06]. Underlying z=-2.58 implies p≈0.0099 — knife-edge on the display."
LyWB,LyWB_npzyo9,Push Button,coef=-1.0; se=0.29; p<0.01; N=428,coef=-1.0; se=0.29; p<0.01; N=428,coef=-1.0010; se=0.2888; p=0.001; N=428,yes,0.850,1.150,precise,precise,non-outcome,precise,precise,precise,,
LyWB,LyWB_dy64qr,Push Button,coef=-3.55; se=0.84; p<0.01; N=428,coef=-3.55; se=0.84; p<0.01; N=428,coef=-3.5547; se=0.8425; p=0.000; N=428,yes,3.017,4.082,precise,precise,non-outcome,precise,precise,precise,,
LyWB,LyWB_rljy6w,Push Button,coef=-0.43; se=0.25; p<0.1; N=428,coef=-0.43; se=0.25; p<0.1; N=428,coef=-0.4292; se=0.2545; p=0.092; N=428,yes,0.365,0.494,precise,precise,non-outcome,precise,precise,precise,,
LyWB,LyWB_vpoyq5,Push Button,coef=-1.13; se=0.36; p<0.01; N=428,coef=-1.13; se=0.36; p<0.01; N=428,coef=-1.1324; se=0.3580; p=0.002; N=428,yes,0.960,1.299,precise,precise,non-outcome,precise,precise,precise,,
LyWB,LyWB_k6o4yd,Push Button,coef=-1.58; se=0.51; p<0.01; N=428,coef=-1.58; se=0.51; p<0.01; N=428,coef=-1.5757; se=0.5138; p=0.002; N=428,yes,1.343,1.817,precise,precise,non-outcome,precise,precise,precise,,
LyWB,LyWB_7dz284,Push Button,coef=3.72; se=1.57; p<0.05; N=428,coef=3.72; se=1.57; p<0.05; N=428,coef=3.7174; se=1.5706; p=0.018; N=428,yes,3.162,4.278,precise,precise,non-outcome,precise,precise,precise,,
LyWB,LyWB_zl6o9k,Push Button,coef=-0.47; se=0.26; p<0.1; N=428,coef=-0.47; se=0.26; p<0.1; N=428,coef=-0.4652; se=0.2572; p=0.071; N=428,yes,0.399,0.540,precise,precise,non-outcome,precise,precise,precise,,
LyWB,LyWB_l3dk22,Push Button,coef=-1.37; se=0.38; p<0.01; N=428,coef=-1.37; se=0.38; p<0.01; N=428,coef=-1.3695; se=0.3825; p=0.000; N=428,yes,1.165,1.575,precise,precise,non-outcome,precise,precise,precise,,
LyWB,LyWB_68vd26,Push Button,coef=-1.79; se=0.53; p<0.01; N=428,coef=-1.79; se=0.53; p<0.01; N=428,coef=-1.7859; se=0.5297; p=0.001; N=428,yes,1.522,2.058,precise,precise,non-outcome,precise,precise,precise,,
LyWB,LyWB_38274j,Push Button,coef=3.69; se=1.56; p<0.05; N=428,coef=3.69; se=1.56; p<0.05; N=428,coef=3.6948; se=1.5627; p=0.018; N=428,yes,3.136,4.244,precise,precise,non-outcome,precise,precise,precise,,
LyWB,LyWB_wqd2x3,Push Button,coef=-0.56; se=0.29; p<0.1; N=148,coef=-0.56; se=0.29; p<0.1; N=148,coef=-0.5559; se=0.2937; p=0.058; N=148,yes,0.476,0.644,precise,precise,non-outcome,precise,precise,precise,,
LyWB,LyWB_pxwkzw,Push Button,coef=-2.79; se=1.53; p<0.1; N=148,coef=-2.79; se=1.53; p<0.1; N=148,coef=-2.7863; se=1.5329; p=0.069; N=148,yes,2.372,3.208,precise,precise,non-outcome,precise,precise,precise,,
LyWB,LyWB_qzqywo,Push Button,coef=-3.2; se=0.87; p<0.01; N=147,coef=-3.2; se=0.87; p<0.01; N=147,coef=-3.2012; se=0.8667; p=0.000; N=147,yes,2.720,3.680,precise,precise,non-outcome,precise,precise,precise,,
LyWB,LyWB_xxv246,Push Button,coef=-1.52; se=0.84; p<0.1; N=147,coef=-1.52; se=0.84; p<0.1; N=147,coef=-1.5152; se=0.8430; p=0.072; N=147,yes,1.292,1.748,precise,precise,non-outcome,precise,precise,precise,,
LyWB,LyWB_jl2kor,Push Button,coef=-0.69; se=0.41; p<0.1; N=133,coef=-0.69; se=0.41; p<0.1; N=133,coef=-0.6900; se=0.4146; p=0.096; N=133,yes,0.586,0.793,precise,precise,non-outcome,precise,precise,precise,,
LyWB,LyWB_189dok,Push Button,coef=-1.61; se=0.83; p<0.1; N=133,coef=-1.61; se=0.83; p<0.1; N=133,coef=-1.6140; se=0.8266; p=0.051; N=133,yes,1.369,1.851,precise,precise,non-outcome,precise,precise,precise,,
LyWB,LyWB_9zwvp8,Push Button,coef=0.027; se=0.014; p<0.05; N=644,coef=0.027; se=0.014; p<0.05; N=644,coef=0.0270; se=0.0139; p=0.053; N=644,yes,0.023,0.031,precise,precise,non-outcome,approximate,precise,approximate,,
LyWB,LyWB_48o2zd,Push Button,coef=0.03; se=0.015; p<0.01; N=482,coef=0.03; se=0.015; p<0.01; N=482,coef=0.0298; se=0.0147; p=0.044; N=482,yes,0.025,0.034,precise,precise,non-outcome,approximate,precise,approximate,,
LyWB,LyWB_58d2lx,Push Button,coef=0.028; se=0.014; p<0.05; N=644,coef=0.028; se=0.014; p<0.05; N=644,coef=0.0278; se=0.0141; p=0.049; N=644,yes,0.024,0.032,precise,precise,non-outcome,precise,precise,precise,,
LyWB,LyWB_y7z25v,Push Button,coef=0.027; se=0.014; p<0.05; N=644,coef=0.027; se=0.014; p<0.05; N=644,coef=0.0269; se=0.0140; p=0.055; N=644,yes,0.023,0.031,precise,precise,non-outcome,approximate,precise,approximate,,
LyWB,LyWB_2852n8,Push Button,coef=0.026; se=0.016; p<0.05; N=475,coef=0.026; se=0.016; p<0.05; N=475,coef=0.0265; se=0.0160; p=0.098; N=475,yes,0.022,0.030,precise,precise,non-outcome,approximate,precise,approximate,,
Nv99,Nv99_dxd248,Push Button,coef=0.272 SE=0.120 p<.05 N=637,coef=0.272 SE=0.12 p<.05 N=13(munic),coef=0.2719 SE=0.1197 p=0.023 N=637,partial(orig N is munic count 13; paper-printed N is 637 obs; both reproduce),coef[0.231-0.313],,precise,precise,non-outcome,precise,precise,precise,,T2 upper col 1 lpub_after06; reproduced from author log (line 5422) and verified against partial Push Button rerun
Nv99,Nv99_rxk9y1,Push Button,coef=0.292 SE=0.111 p<.01 N=637,coef=0.292 SE=0.111 p<.01 N=13(munic),coef=0.2920 SE=0.1111 p=0.009 N=637,partial(orig N is munic count 13),coef[0.248-0.336],,precise,precise,non-outcome,precise,precise,precise,,T2 lower col 1 lpub_after06; reproduced from author log line 25702
Nv99,Nv99_vnr7y3,Push Button,coef=0.311 SE=0.126 p<.05 N=2989,coef=0.311 SE=0.126 p<.05 N=2989,coef=0.3111 SE=0.1258 p=0.013 N=2989,yes,coef[0.264-0.358],,precise,precise,non-outcome,precise,precise,precise,,T2 upper col 3 lpub_after06; reproduced from author log line 15699 and partial rerun (bitwise identical)
Nv99,Nv99_kzdq4r,Push Button,coef=0.293 SE=0.121 p<.05 N=5586,coef=0.293 SE=0.121 p<.05 N=114(munic),coef=0.2929 SE=0.1214 p=0.016 N=5586,partial(orig N is munic count 114),coef[0.249-0.337],,precise,precise,non-outcome,precise,precise,precise,,T2 lower col 3 lpub_after06; reproduced from author log line 35924
Nv99,Nv99_7oqj2d,Push Button,coef=0.373 SE=0.139 p<.01 N=3381,coef=0.373 SE=0.139 p<.01 N=69(munic),coef=0.3734 SE=0.1393 p=0.007 N=3381,partial(orig N is munic count 69),coef[0.317-0.429],,precise,precise,non-outcome,precise,precise,precise,,T2 lower col 2 lpub_after06; reproduced from author log line 30836
Nv99,Nv99_zxv3o3,Push Button,coef=0.367 SE=0.141 p<.01 N=19110,coef=0.367 SE=0.141 p<.01 N=390(munic),coef=0.3667 SE=0.1413 p=0.009 N=19110,partial(orig N is munic count 390),coef[0.312-0.422],,precise,precise,non-outcome,precise,precise,precise,,T2 lower col 4 lpub_after06; reproduced from author log line 40738
Nv99,Nv99_l8rxkk,Push Button,coef=0.408 SE=0.149 p<.01 N=3381,coef=0.408 SE=0.149 p<.01 N=637(misextract),coef=0.4077 SE=0.1493 p=0.006 N=3381,partial(orig N=637 appears to be col 1 obs misextracted as col 2 N),coef[0.347-0.469],,precise,precise,non-outcome,precise,precise,precise,,T2 upper col 2 lpub_after06; reproduced from author log line 10557
Nv99,Nv99_6rpxdy,Push Button,coef=0.398 SE=0.155 p<.01 N=19036,coef=0.398 SE=0.155 p<.01 N=394(munic),coef=0.3982 SE=0.1547 p=0.010 N=19306,partial(orig N is munic count 394; paper-printed N=19036 differs from reproduced 19306 by 270 obs likely paper typo),coef[0.338-0.458],,precise,precise,non-outcome,approximate,precise,approximate,,T2 upper col 4 lpub_after06; reproduced from author log line 20509. N within 15% band. Paper p<.01 vs displayed p=0.010 (underlying z=2.57 implies p≈0.0102 > 0.01 — firm flip under strict-inequality rule).
Nv99,Nv99_yyy36d,Push Button,coef=0.289 SE=0.135 p<.05 N=3185,coef=0.289 SE=0.135 p<.05 N=65(munic),coef=0.2895 SE=0.1355 p=0.033 N=3185,partial(orig N is munic count 65),coef[0.246-0.332],,precise,precise,non-outcome,precise,precise,precise,,T3 lower col 1 lcpub_after612; reproduced from author log line 65026
Nv99,Nv99_2qq43d,Push Button,coef=0.262 SE=0.133 p<.05 N=22785,coef=0.262 SE=0.133 p<.05 N=465(munic),coef=0.2617 SE=0.1326 p=0.048 N=22785,partial(orig N is munic count 465),coef[0.223-0.301],,precise,precise,non-outcome,precise,precise,precise,,T3 lower col 3 lcpub_after612; reproduced from author log line 74685
Nv99,Nv99_3n6w71,Push Button,coef=0.975 SE=0.357 p<.01 N=23128,coef=0.975 SE=0.357 p<.01 N=472(munic),coef=0.9746 SE=0.3567 p=0.006 N=23128,partial(orig N is munic count 472),coef[0.829-1.121],,precise,precise,non-outcome,precise,precise,precise,,T4 upper col 2 splcpub_after06; reproduced from author log line 87740
Nv99,Nv99_9yy941,Push Button,coef=0.814 SE=0.459 p<.10 N=23128,coef=0.814 SE=0.459 p<.10 N=472(munic),coef=0.8142 SE=0.4589 p=0.076 N=23128,partial(orig N is munic count 472),coef[0.692-0.936],,precise,precise,non-outcome,precise,precise,precise,,T4 upper col 2 splcpub_after612; reproduced from author log line 87741
Nv99,Nv99_4jjrp5,Push Button,coef=0.226 SE=0.133 p<.10 N=42777,coef=0.226 SE=0.133 p<.10 N=873(munic),coef=0.2263 SE=0.1334 p=0.090 N=42777,partial(orig N is munic count 873),coef[0.192-0.260],,precise,precise,non-outcome,precise,precise,precise,,T4 lower col 1 splieucpub_after06; reproduced from author log line 96119
Nv99,Nv99_511rql,Push Button,coef=0.417 SE=0.213 p<.05 N=42777,coef=0.417 SE=0.213 p<.05 N=873(munic),coef=0.4175 SE=0.2134 p=0.050 N=42777,partial(orig N is munic count 873),coef[0.354-0.480],,precise,precise,non-outcome,approximate,precise,approximate,,T4 lower col 2 splieucpub_after06; reproduced from author log line 100102. Paper p<.05 vs displayed p=0.050 (underlying z=1.96 implies p≈0.04999 < 0.05 — knife-edge on display under strict-inequality rule).
Nv99,Nv99_855nv6,Push Button,coef=0.282 SE=0.128 p<.05 N=45374,coef=0.282 SE=0.128 p<.05 N=926(munic),coef=0.2821 SE=0.1282 p=0.028 N=45374,partial(orig N is munic count 926),coef[0.240-0.324],,precise,precise,non-outcome,precise,precise,precise,,T4 lower col 3 splieucpub_after612; reproduced from author log line 104033
P8az,P8az_single-trace,Push Button,coef=1.219; SE=0.192; p<.05; N=588,coef=1.219; SE=0.192; p<.05; N=588,coef=1.219314; SE=0.1921669; p=0.000; N=588,yes,coef:1.036; N:500,coef:1.402; N:676,precise,precise,non-outcome,precise,precise,precise,,"All sub-outcomes match published Table 1 to all printed digits; auxiliary fits (Wald chi2=391.36, Pseudo R2=0.281, logL=-506.659) also match exactly."
PVQK,PVQK_single-trace,Push Button,coef=-0.058; SE=0.028; p<0.05; N=4386,coef=-0.058; SE=0.028; p<0.05; N=4386,coef=-0.0595169; SE=0.0278213; p=0.034; N=4352,yes,coef=-0.0667; N=3728; SE=0.0238,coef=-0.0493; N=5044; SE=0.0322,approximate,approximate,non-outcome,precise,precise,approximate,,"Push Button reproduction matches author's archived log exactly (coef=-0.0595169, N=4352) but paper prints coef=-0.058 N=4386. SE rounds to 0.028 (precise), p=0.034<.05 (precise). Coef rounds to -0.060 vs paper's -0.058 (approximate, 2.6% gap). N differs by -34 (-0.78%, approximate). Likely archive-vs-paper drift (paper PDF still bears Sept-2010 working-draft footer on Table 5 page)."
Pxp7,Pxp7_bp1rdr,Push Button,coef=0.05; se=0.02; RI p=0.003; N=1863,coef=0.05; se=0.02; p=0.003; N=1863,coef=0.0513; se=0.0190; analytic p=0.007; RI pv_5_tt=0.04 (25 reps); N=1863,yes,"coef[0.0425,0.0575]; p[0,0.053]; N[1584,2142]",,precise,precise,non-outcome,approximate,precise,approximate,Push-button reproduces Table 2 row 1 cleanly; only the long RI run was incomplete but 25-rep RI is within MC SE of paper.,"Table 2 row 1; 1000-rep RI p=0.008 vs paper RI p=0.003. Rounds differently at 3dp; in approx band [0, 0.053]. Was precise under Push-Button auto-precise rule (removed)."
Pxp7,Pxp7_gq9rkp,Push Button,coef=0.03; se=0.02; RI p=0.086; N=1862,coef=0.03; se=0.02; p=0.086; N=1862,coef=0.0301; se=0.0192; analytic p=0.117; RI not separately rerun; N=1862,yes,"coef[0.0255,0.0345]; p[0.036,0.136]; N[1583,2141]",,precise,precise,non-outcome,approximate,precise,approximate,Table 2 row 2 reproduces under push-button; RI p not rerun (full RI script truncated).,"Table 2 row 2; 1000-rep RI p=0.106 vs paper RI p=0.086. Rounds differently at 3dp; in approx band [0.036, 0.136]. Was precise under Push-Button auto-precise rule (removed)."
Pxp7,Pxp7_mxnr8k,Push Button,coef=0.04; se=0.05; RI p=0.466; N=458,coef=0.04; se=0.05; p=0.466; N=458,coef=0.0354; se=0.0467; analytic p=0.449; RI not rerun; N=458,yes,"coef[0.034,0.046]; p[0.416,0.516]; N[389,527]",,precise,precise,non-outcome,approximate,precise,approximate,Table 2 row 6 reproduces; RI p not rerun.,"Table 2 row 6; 1000-rep RI p=0.464 vs paper RI p=0.466. Rounds differently at 3dp; in approx band [0.416, 0.516]. Was precise under Push-Button auto-precise rule (removed)."
Pxp7,Pxp7_bj3dj5,Push Button,coef=-0.03; se=0.03; RI p=0.342; N=458,coef=-0.03; se=0.03; p=0.342; N=458,coef=-0.0289; se=0.0273; analytic p=0.289; RI not rerun; N=458,yes,"|coef|[0.0255,0.0345]; p[0.292,0.392]; N[389,527]",,precise,precise,non-outcome,not,precise,not,Table 2 row 7 reproduces; RI p not rerun.,"Table 2 row 7; 1000-rep RI p=0.284 vs paper RI p=0.342. Outside approx band [0.292, 0.392] on the low side (Δ=-0.058). >3 MC SEs from paper value at 1k reps; paper's .ado header indicates 10k reps. Was precise under Push-Button auto-precise rule (removed)."
Pxp7,Pxp7_m92jd2,Push Button,info effect in windfall p=0.006; in tax p=0.001; N=1863,p=0.006; N=1863,"analytic lincom: windfall p=0.014, tax p=0.001; N=1863",yes,"p[0,0.056]; N[1584,2142]",,precise,non-outcome,non-outcome,approximate,non-outcome,approximate,,"Fig 4 Panel A info effect: windfall analytic lincom p=0.014 vs paper 0.006 → approximate (in [0, 0.056]). Tax-group p (paper 0.001, reproduced 0.001) stays precise. Was precise under Push-Button auto-precise rule (removed)."
Pxp7,Pxp7_b4137v,Push Button,"figure labels: windfall +3pp, tax 0pp",,reproduced windfall +3.4pp; tax +0.5pp,yes,,,non-outcome,non-outcome,non-outcome,non-outcome,non-outcome,non-outcome,,Fig 4 Panel B is figure-only and has no extracted numeric statistical sub-outcome; matches printed figure labels (3 and 0).
Pxp7,Pxp7_gydr78,Push Button,effect=43pp (windfall); 45pp (tax); p<0.01; N=1832,p<0.01; N=1832,windfall=0.4325 (43pp); tax=0.4469 (45pp); analytic p=0.000; N=1851,no,"p threshold≤0.01 precise; N[1557,2107]",,precise,non-outcome,non-outcome,precise,precise,precise,approximate,
Pxp7,Pxp7_9zwjd3,Push Button,effect=27pp (windfall); 32pp (tax); p<0.01; N=1853,p<0.01; N=1853,windfall=0.2745 (27pp); tax=0.3183 (32pp); analytic p=0.000; N=1853,yes,p threshold≤0.01 precise; N=1853,,precise,non-outcome,non-outcome,precise,precise,precise,Fig 3 Panel C reproduces; threshold p reproduces.,
QYNq,QYNq_single-trace,Source Data Reproduction,coef=0.19; SE=0.09; p<0.05; N=198,coef=0.1894737; SE=0.0885877; t=2.111; p=0.05(less-than); N=198,coef=0.1895; SE=0.089; t=2.12 (clustered OLS) / 2.15 (SUR clustered); p=0.034; N=198,yes,coef approx LB=0.1615; p threshold precise=<=0.05; N approx LB=169,coef approx UB=0.2185; p approx UB=0.10; N approx UB=227,precise,precise,non-outcome,precise,non-outcome,precise,,Source-data repro from Wakker's site (no analysis code archived); Table V Model 1 reproduces exactly to printed precision; minor 1.5% gap on auxiliary chi2 (16.19 paper vs 15.94 reproduced) does not affect focal coefficient.
R0ak,R0ak_single-trace,Push Button,coef(SHR)=0.64; SE=0.08; p<.01; N=2355,NaN (orig_* fields all NaN in extraction CSV),"unpatched: not run (variable not found r(111)); patched: SHR=0.622, SE=0.0797, z=-3.71, p<.001, N=2355",no,"coef [0.544,0.736]; N [2002,2708]; p threshold .01",,not,not,non-outcome,not,non-outcome,not,approximate,"Posted replication_data.xls is missing the focal variable numberofrebels (and the typo numberofrebel used in the M7 line); unpatched code errors out. Constructed numberofrebels per paper definition (egen ... = nvals(sideb), by(cowcode year)) — distribution exactly matches paper p.892. Patched run reproduces paper M7 closely under the alignment paper-M7 = posted-code-M8 (allianceduration spec): SHR 0.622 vs 0.64 (2.8% diff, approximate); N 2355 exact; p<.001 vs threshold .01 precise. Strong evidence the paper's Table 2 M7/M8 column labels are swapped relative to the posted code's M7/M8 ordering — every row of paper-M7 matches my code-M8 to 2 decimals."
Rjp9,Rjp9_single-trace,Push Button,coef=0.382; SE=0.126; p<.01; N=3693,coef=0.382; SE=0.126; p=0.01(less-than); N=3693,coef=0.3823; SE=0.1262; p=0.0025; N=3693; t=3.03,yes,coef:[0.3247,0.4393]; N:[3139,4247]; p:(<=0.01 precise),see bounds_lb,precise,precise,non-outcome,precise,non-outcome,precise
RqVE,RqVE_single-trace,Extended Push Button,"coef=0.028; t=4.02; p<0.001; N=822441; AME=0.028 (Table 3, p.21, all-PAPs col.)",coef=0.028; t=4.23; p<0.001 (less-than 0.1); N=871215; AME=0.028,coef=0.0280468 (rnds 0.028); t=4.23; p<0.001 (z=4.23); N=871215; AME=0.0280468,no,coef:0.0238; t:3.417; N:698675,coef:0.0322; t:4.623; N:945807,approximate,precise,approximate,precise,precise,approximate,,"Extended Push Button via run_table3.do (subset of ChoicePanel_AEJ1.do; only env-fix is skipping prep block already-applied to released ChoicePanel2.dta). Coefficient and p-value reproduce precisely (0.028, p<0.001). DEVIATIONS FLAGGED: t-stat 4.23 vs paper 4.02 (+5.2%, HIGH); N=871215 vs paper 822441 (+5.93%, HIGH). Both within +-15% so overall verdict approximate. Extracted t and N exactly match released-code output (not paper's printed Table 3) - the previous report's claim that the extraction was wrong is itself wrong; the gap is between released code/data and paper. Likely cause: data-snapshot drift (data scraped from live website; release dated Aug 2013 may post-date paper estimation). Claim text incorrectly cites Table 5; values are in Table 3, p.21."
V0PA,V0PA_single-trace,Extended Push Button,coef=-0.01; SE=0.005; p<.05; N=94; logL=-36.18,coef=-0.01; SE=0.005; p<.05; N=94,coef=-0.0103; SE=0.0047; p=0.029; N=94; logL=-36.182,yes,"coef:[-0.0115,-0.0085]; N:[80,108]; p<=0.05","coef:[-0.0115,-0.0085]; N:[80,108]",precise,precise,non-outcome,precise,precise,precise,,Table 2 Model 8 reproduces exactly to all printed digits; in-text 0.09/31% predicted-probability claim also reproduces (Δ=-0.094)
VBx1,VBx1_single-trace,Push Button,coef=-17.799; se=3.830; p<0.001; N=192,coef=-17.799; se=3.83; p<0.001; N=192,coef=-17.79899; se=3.415; p=0.000; N=192,yes,"coef:[-20.469,-15.129]","coef:[-20.469,-15.129]",precise,precise,non-outcome,precise,precise,precise,,"Headline rubric sub-outcomes (N, coef, p, effect) all reproduce precisely. Bootstrap SE differs (3.415 vs 3.830, ~10.8%) because modern Stata drops 38/100 bootstrap replicates due to rank deficiency on resampled 8 clusters; SE is not an extracted sub-outcome for this claim."
VDJV,VDJV_g45oy6,Push Button,Table 2 col(1) TrPer5=0.227** (T_Sudden period 5 ~+23% vs Baseline),NaN (narrative),"TrPer5=0.227, SE=0.107, p=0.036",yes,,,non-outcome,precise,non-outcome,precise,non-outcome,precise,,Figure 2 narrative; underlying Table 2 col 1 coefficient reproduces exactly
VDJV,VDJV_m5yd7w,Push Button,Table 2 col(2): TrPer3=0.079 ns; TrPer4=0.150*; TrPer6=0.157*; TrPer7=0.306*** (T_Successive 3/4 increase periods sig),,"identical: TrPer3=0.079, TrPer4=0.150*, TrPer6=0.157*, TrPer7=0.306***",yes,,,non-outcome,precise,non-outcome,precise,non-outcome,precise,,All four period-by-treatment terms reproduce to printed precision
VDJV,VDJV_my1z9y,Push Button,"Table 2 col(3): TrPer3=0.149**; TrPer5=0.220**; TrPer6=0.215***; TrPer7=0.218** (4/8 periods sig, none sig negative)",,identical,yes,,,non-outcome,precise,non-outcome,precise,non-outcome,precise,,4 sig of 8; never sig negative; reproduces exactly
VDJV,VDJV_m8o6zo,Push Button,"Table 2 col(1): TrPer6=0.140 ns, TrPer7=0.109 ns, TrPer8=-0.012 ns (T_Sudden wear-off)",,identical,yes,,,non-outcome,precise,non-outcome,precise,non-outcome,precise,,Wear-off pattern reproduces
VDJV,VDJV_bon6z7,Push Button,"Table 2 col(2): TrPer2=-0.217*, TrPer5=0.095, TrPer8=0.140 vs increase-period coefs (T_Successive dip in 2,5,8)",,identical,yes,,,non-outcome,precise,non-outcome,precise,non-outcome,precise,,Pattern reproduces
VDJV,VDJV_bnoz9x,Push Button,Table 2 col(3): TrPer3=0.149** (T_Continuous already sig in period 3 by ~15%),,"TrPer3=0.149, SE=0.075, **",yes,,,non-outcome,precise,non-outcome,precise,non-outcome,precise,,exp(0.149)-1 = 16.1% ~ paper's 15%
VDJV,VDJV_b295y6,Push Button,coef=0.148; SE=0.070; p<.05; N=211 (Table 3 col 1 T_Continuous),coef=0.148; SE=0.07; p<.05; N=211,coef=0.148415; SE=0.0696364; p=0.034; N=211,yes,"coef [0.1258,0.1702]; N [180,243]; p<=.05","coef [0.1258,0.1702]; N [180,243]; p<=.05",precise,precise,non-outcome,precise,precise,precise,,All four sub-outcomes match to paper precision
Vx4e,Vx4e_single-trace,Push Button,coef=-2.479; SE=0.023; N=2682,coef=-2.479; SE=0.023; N=2682,coef=-2.479105; SE=0.0228352; N=2682; z=-108.57,yes,coef -2.851 / N 2280,coef -2.107 / N 3084,precise,precise,non-outcome,non-outcome,precise,precise,,"Exact match to paper Table 2 col 5 to all printed digits; archived xtabond2 command run unchanged on archived Country Year Dataset.dta. Only env edits: cd, ssc install xtabond2."
W0GN,W0GN_single-trace,Push Button,coef=0.769; SE=0.220; p<0.01; N=2788,coef=0.769; SE=0.220; p<0.01; N=2788,coef=0.7691273; SE=0.2204754; z=3.49; p=0.000485; N=2788,yes,"coef:[0.65365,0.88435]; N:[2370,3206]",coef:0.88435; N:3206,precise,precise,non-outcome,precise,non-outcome,precise,,Push-button reproduction matches paper exactly to printed precision; non-focal display sign-flip in Table 2 (mixed/rival/cons rows) is a paper typesetting issue confirmed against the SMCL log.
WLkV,WLkV_single-trace,Push Button,|z|=2.536; p=.011 (two-tailed); N=124,|z|=2.536; p=.01121; N=124; d=-0.530,|z|=2.536; p=0.0112; N=124,yes,"|z|_approx=[2.156,2.916]; p_approx=[0,0.061]; N_approx=[105.4,142.6]",,precise,non-outcome,precise,precise,non-outcome,precise,,"Push-button reproduction matches paper exactly. Data and variable-definition do-file obtained manually from JOLE supplement (publisher Cloudflare-walled, RA-fetched). Cohen's d not printed in paper."
YeQg,YeQg_single-trace,Push Button,HR=1.86; z=2.92; p<.01; N=5988,HR=1.86; z=2.92; p=0.01; N=5988,HR=1.857; z=2.92; p=0.004; N=5988,yes,"HR[1.581,2.139]; z[2.482,3.358]; p<=0.01; N[5090,6886]",HR-rounds-to-1.86; z-exact; p=0.004<=0.01; N-exact,precise,precise,precise,precise,non-outcome,precise,,Push button reproduces Table 1 col III exactly; archived code uses Stata variable abbreviations (colb->colbrit etc.) that resolve unambiguously.
Z0ma,Z0ma_single-trace,Extended Push Button,coef=-0.94; p<.05; N=152,coef=-0.94; p<.05; N=152,coef=-0.9243; p=0.0498 (Stata displays 0.050); N=152,yes,"|coef| in [0.799, 1.081]; p<=.05 precise; N in [129.2, 174.8]","|coef| in [0.799, 1.081]; p<=.05 precise; N in [129.2, 174.8]",precise,approximate,non-outcome,precise,non-outcome,approximate,,DEVIATION (Moderate): coef -0.9243 vs paper -0.94; rounds to -0.92 not -0.94 at paper precision; abs gap 0.0157 (1.7%); N and significance match exactly; deterministic given supplied qryDrones_Export.xlsx (no MI noise at this stage)
a2Yx,a2Yx_3lxxq3,Push Button,coef=-0.196; se=0.071; N=2783; p<0.01,coef=-0.196; se=0.071; N=2783; p<0.01,coef=-0.196; se=0.071; N=2783; p=0.006,yes,-0.2254,-0.1666,precise,precise,non-outcome,precise,precise,precise,,
a2Yx,a2Yx_wy441x,Push Button,coef=-0.174; se=0.072; N=2783; p<0.05,coef=-0.174; se=0.072; N=2783; p<0.05,coef=-0.174; se=0.072; N=2783; p=0.016,yes,-0.2001,-0.1479,precise,precise,non-outcome,precise,precise,precise,,
a2Yx,a2Yx_pq7763,Push Button,coef=-0.166; se=0.089; N=2783; p<0.1,coef=-0.166; se=0.089; N=2783; p<0.1,coef=-0.166; se=0.089; N=2783; p=0.063,yes,-0.1909,-0.1411,precise,precise,non-outcome,precise,precise,precise,,
a2Yx,a2Yx_qxpp39,Push Button,coef=-0.115; se=0.033; N=270991; p<0.01,coef=-0.115; se=0.033; N=270991; p<0.01,coef=-0.115; se=0.033; N=207991; p=0.001,yes,-0.1323,-0.0978,not,precise,non-outcome,precise,precise,not,,"PAPER TYPO: Paper Table III col 7 prints N=270,991. Reproduced N=207,991 (matches all other Table III/IV columns, which use 207,991). Likely an editing typo in the paper. Coefficient -0.115 reproduces precisely."
a2Yx,a2Yx_xz559w,Push Button,coef=-0.075; se=0.073; N=207991; p<0.05,coef=-0.075; se=0.073; N=207991; p<0.05,coef=-0.075; se=0.073; N=207991; p=0.303,no,-0.0862,-0.0638,precise,precise,non-outcome,non-outcome,precise,precise,,"EXTRACTION ERROR: Extraction lists p<0.05 but Table III col 8 prints beta_1=-0.075 with no significance stars; paper text says beta_1 'remains negative (although not statistically significant)'. Reproduced p=0.303 confirms the paper's statement, not the extraction."
a2Yx,a2Yx_jz7712,Push Button,coef=-0.165; se=0.093; N=2783; p<0.1,coef=-0.165; se=0.093; N=2783; p<0.1,coef=-0.165; se=0.093; N=2783; p=0.077,yes,-0.1898,-0.1403,precise,precise,non-outcome,precise,precise,precise,,
a2Yx,a2Yx_1yppy7,Push Button,coef=-0.255; se=0.149; N=2783; p<0.1,coef=-0.255; se=0.149; N=2783; p<0.1,coef=-0.255; se=0.149; N=2783; p=0.088,yes,-0.2932,-0.2167,precise,precise,non-outcome,precise,precise,precise,,
a2Yx,a2Yx_9xyyxo,Push Button,coef=-0.138; se=0.1; N=207991,coef=-0.138; se=0.1; N=207991,coef=-0.138; se=0.1; N=207991; p=0.168,yes,-0.1587,-0.1173,precise,precise,non-outcome,non-outcome,precise,precise,,
a2Yx,a2Yx_46jj6r,Push Button,coef=0.049; se=0.119; N=2783,coef=0.049; se=0.119; N=2783,coef=0.049; se=0.119; N=2783; p=0.683,yes,0.0416,0.0563,precise,precise,non-outcome,non-outcome,precise,precise,,
a2Yx,a2Yx_531136,Push Button,coef=-0.283; se=0.202; N=2783,coef=-0.283; se=0.202; N=2783,coef=-0.283; se=0.202; N=2783; p=0.164,yes,-0.3254,-0.2405,precise,precise,non-outcome,non-outcome,precise,precise,,
a2Yx,a2Yx_ylyylq,Push Button,coef=-0.089; se=0.142; N=207991,coef=-0.089; se=0.142; N=207991,coef=-0.089; se=0.142; N=207991; p=0.532,yes,-0.1023,-0.0756,precise,precise,non-outcome,non-outcome,precise,precise,,
a2Yx,a2Yx_kz4wzr,Push Button,coef=-0.024; se=0.064; N=2783,coef=-0.024; se=0.064; N=2783,coef=-0.024; se=0.064; N=2783; p=0.715,yes,-0.0276,-0.0204,precise,precise,non-outcome,non-outcome,precise,precise,,
a2Yx,a2Yx_7o25od,Push Button,coef=0.025; se=0.065; N=2783,coef=0.025; se=0.065; N=2783,coef=0.025; se=0.065; N=2783; p=0.703,yes,0.0213,0.0287,precise,precise,non-outcome,non-outcome,precise,precise,,
a2Yx,a2Yx_zxorx3,Push Button,coef=-0.119; se=0.107; N=2783,coef=-0.119; se=0.107; N=2783,coef=-0.119; se=0.107; N=2783; p=0.268,yes,-0.1368,-0.1011,precise,precise,non-outcome,non-outcome,precise,precise,,
a2Yx,a2Yx_l8kp8k,Push Button,coef=0.342; se=0.081; N=1408; p<0.01,coef=0.342; se=0.081; N=1408; p<0.01,coef=0.342; se=0.081; N=1408; p=0.0,yes,0.2907,0.3933,precise,precise,non-outcome,precise,precise,precise,,
a2Yx,a2Yx_6rd4ry,Push Button,coef=-0.002; se=0.091; N=207991,coef=-0.002; se=0.091; N=207991,coef=-0.002; se=0.091; N=207991; p=0.982,yes,-0.0023,-0.0017,precise,precise,non-outcome,non-outcome,precise,precise,,
a2Yx,a2Yx_3n7jn1,Push Button,coef=-0.187; se=0.074; N=2783,coef=-0.187; se=0.074; N=2783,coef=-0.187; se=0.074; N=2783; p=0.012,yes,-0.2150,-0.1590,precise,precise,non-outcome,non-outcome,precise,precise,,
a2Yx,a2Yx_w72o71,Push Button,coef=-0.177; se=0.072; N=2783; p<0.05,coef=-0.177; se=0.072; N=2783; p<0.05,coef=-0.177; se=0.072; N=2783; p=0.015,yes,-0.2035,-0.1505,precise,precise,non-outcome,precise,precise,precise,,
a2Yx,a2Yx_ppk1pq,Push Button,coef=-0.103; se=0.071; N=2783,coef=-0.103; se=0.071; N=2783,coef=-0.103; se=0.071; N=2783; p=0.148,yes,-0.1184,-0.0875,precise,precise,non-outcome,non-outcome,precise,precise,,
a2Yx,a2Yx_q7y97r,Push Button,coef=-0.18; se=0.077; N=2783; p<0.05,coef=-0.18; se=0.077; N=2783; p<0.05,coef=-0.18; se=0.077; N=2783; p=0.02,yes,-0.2070,-0.1530,precise,precise,non-outcome,precise,precise,precise,,
a2Yx,a2Yx_9xyy5o,Push Button,coef=-0.13; se=0.079; N=2783; p<0.1,coef=-0.13; se=0.079; N=2783; p<0.1,coef=-0.13; se=0.079; N=2783; p=0.099,yes,-0.1495,-0.1105,precise,precise,non-outcome,precise,precise,precise,,
a2Yx,a2Yx_46jjxr,Push Button,coef=-0.171; se=0.093; N=2783; p<0.1,coef=-0.171; se=0.093; N=2783; p<0.1,coef=-0.171; se=0.093; N=2783; p=0.067,yes,-0.1966,-0.1454,precise,precise,non-outcome,precise,precise,precise,,
a2Yx,a2Yx_5311j6,Push Button,coef=-0.188; se=0.093; N=2783; p<0.05,coef=-0.188; se=0.093; N=2783; p<0.05,coef=-0.188; se=0.093; N=2783; p=0.044,yes,-0.2162,-0.1598,precise,precise,non-outcome,precise,precise,precise,,
a2Yx,a2Yx_ylyy4q,Push Button,coef=-0.119; se=0.08; N=2783,coef=-0.119; se=0.08; N=2783,coef=-0.119; se=0.08; N=2783; p=0.14,yes,-0.1368,-0.1011,precise,precise,non-outcome,non-outcome,precise,precise,,
a2Yx,a2Yx_2zqqpk,Push Button,coef=-0.199; se=0.091; N=2783; p<0.05,coef=-0.199; se=0.091; N=2783; p<0.05,coef=-0.199; se=0.091; N=2783; p=0.03,yes,-0.2288,-0.1691,precise,precise,non-outcome,precise,precise,precise,,
a2Yx,a2Yx_8q554l,Push Button,coef=-0.185; se=0.084; N=2783; p<0.05,coef=-0.185; se=0.084; N=2783; p<0.05,coef=-0.185; se=0.084; N=2783; p=0.028,yes,-0.2127,-0.1573,precise,precise,non-outcome,precise,precise,precise,,
a2Yx,a2Yx_op33lv,Push Button,coef=0.014; se=0.067; N=2783,coef=0.014; se=0.067; N=2783,coef=0.014; se=0.067; N=2783; p=0.84,yes,0.0119,0.0161,precise,precise,non-outcome,non-outcome,precise,precise,,
a2Yx,a2Yx_nw667p,Push Button,coef=0.021; se=0.065; N=2783,coef=0.021; se=0.065; N=2783,coef=0.021; se=0.065; N=2783; p=0.751,yes,0.0179,0.0242,precise,precise,non-outcome,non-outcome,precise,precise,,
a2Yx,a2Yx_dojj32,Push Button,coef=0.083; se=0.062; N=2783,coef=0.083; se=0.062; N=2783,coef=0.083; se=0.062; N=2783; p=0.186,yes,0.0706,0.0954,precise,precise,non-outcome,non-outcome,precise,precise,,
a2Yx,a2Yx_r7qqwy,Push Button,coef=0.007; se=0.067; N=2783,coef=0.007; se=0.067; N=2783,coef=0.007; se=0.067; N=2783; p=0.916,yes,0.0059,0.0080,precise,precise,non-outcome,non-outcome,precise,precise,,
a2Yx,a2Yx_v599jx,Push Button,coef=0.046; se=0.065; N=2783,coef=0.046; se=0.065; N=2783,coef=0.046; se=0.065; N=2783; p=0.476,yes,0.0391,0.0529,precise,precise,non-outcome,non-outcome,precise,precise,,
a2Yx,a2Yx_kl889p,Push Button,coef=-0.137; se=0.11; N=2783,coef=-0.137; se=0.11; N=2783,coef=-0.137; se=0.11; N=2783; p=0.214,yes,-0.1575,-0.1165,precise,precise,non-outcome,non-outcome,precise,precise,,
a2Yx,a2Yx_7p4499,Push Button,coef=-0.152; se=0.11; N=2783,coef=-0.152; se=0.11; N=2783,coef=-0.152; se=0.11; N=2783; p=0.169,yes,-0.1748,-0.1292,precise,precise,non-outcome,non-outcome,precise,precise,,
a2Yx,a2Yx_z72257,Push Button,coef=-0.04; se=0.101; N=2783,coef=-0.04; se=0.101; N=2783,coef=-0.04; se=0.101; N=2783; p=0.695,yes,-0.0460,-0.0340,precise,precise,non-outcome,non-outcome,precise,precise,,
a2Yx,a2Yx_l6zz4r,Push Button,coef=-0.213; se=0.103; N=2783; p<0.05,coef=-0.213; se=0.103; N=2783; p<0.05,coef=-0.213; se=0.103; N=2783; p=0.04,yes,-0.2449,-0.1810,precise,precise,non-outcome,precise,precise,precise,,
a2Yx,a2Yx_6w9919,Push Button,coef=-0.216; se=0.099; N=2783; p<0.05,coef=-0.216; se=0.099; N=2783; p<0.05,coef=-0.216; se=0.099; N=2783; p=0.03,yes,-0.2484,-0.1836,precise,precise,non-outcome,precise,precise,precise,,
a2Yx,a2Yx_single-trace,Push Button,coef=0.171; se=0.067; N=2783; p<0.05,coef=0.171; se=0.067; N=2783; p<0.05,coef=0.171; se=0.067; N=2783; p=0.012,yes,0.1454,0.1966,precise,precise,non-outcome,precise,precise,precise,,
amYY,amYY_mk1lqr,Extended Push Button,figure-only (Fig 2 overall N=106 distribution),,distribution matches Fig 2 labels,,,,non-outcome,non-outcome,non-outcome,non-outcome,non-outcome,precise,,Figure-only descriptive claim; reproduced numsafe30 distribution matches Fig 2 labels exactly
amYY,amYY_m7vpjd,Extended Push Button,figure-only (Fig 2 risk averse N=79 distribution),,distribution matches Fig 2 labels (e.g. 31.65% chose 10),,,,non-outcome,non-outcome,non-outcome,non-outcome,non-outcome,precise,,Figure-only descriptive claim; matches
amYY,amYY_bzp733,Extended Push Button,figure-only (Fig 2 low/high RA distributions),,High RA 48.48% chose 10; matches Fig 2,,,,non-outcome,non-outcome,non-outcome,non-outcome,non-outcome,precise,,Figure-only descriptive claim; matches
amYY,amYY_glo6xk,Extended Push Button,figure-only (Fig 3 error rate by decision low vs high RA),,error-rate-by-decision series reproduced (saved as Scatterplot2.png),,,,non-outcome,non-outcome,non-outcome,non-outcome,non-outcome,precise,,Figure-only descriptive claim; matches
amYY,amYY_b65wxy,Extended Push Button,Pearson r=-0.4625 p=0.0000 N=79,r=-0.4625 p=0.0 N=79,r=-0.4625 p=0.0000 N=79,yes,,,precise,precise,non-outcome,precise,precise,precise,,Pearson correlation reproduced exactly
amYY,amYY_m3zlw1,Extended Push Button,Spearman rho=-0.4361 p=0.0001 N=79,rho=-0.4361 p=0.0001 N=79,rho=-0.4361 p=0.0001 N=79,yes,,,precise,precise,non-outcome,precise,precise,precise,,Spearman correlation reproduced exactly
e5rW,e5rW_single-trace,Push Button,"coef=3.587; SE=1.148; N=726 (Table 1 Panel A, Base+2, col. 3)",coef=3.587; SE=1.148; N=726,coef=3.587043; SE=1.148498; N=726,yes,"coef:[3.049,4.125]; SE:[0.976,1.320]; N:[617,835]","coef:[3.049,4.125]; SE:[0.976,1.320]; N:[617,835]",precise,precise,non-outcome,non-outcome,non-outcome,precise,,Reproduces exactly to all printed digits.
e5rW,e5rW_6rr1l5,Push Button,qualitative bushel referencing Table 1 (~3pp at Base+2),NaN (qualitative claim row),3.587 (rounds to 3 pp),yes,,,non-outcome,precise,non-outcome,non-outcome,non-outcome,precise,,Bushel anchored on the same 3.587 single-trace coefficient; qualitative '~3 pp' holds.
e5rW,e5rW_w7713v,Push Button,Table 4 Panel A row 1 cols 3-6 coefs: -0.092/0.053/0.068/-0.617; SEs .778/.822/1.034/1.548,,coefs: -0.0920917/0.0534742/0.0677744/-0.6173823; SEs .7782601/.8216621/1.033859/1.547766,yes,,,non-outcome,precise,non-outcome,non-outcome,non-outcome,precise,,All four coefs and SEs reproduce exactly; qualitative 'close to zero' holds.
e5rW,e5rW_ppp6n8,Push Button,Table 4 Panel A row 2 cols 3-6 coefs: 0.606/0.669/0.844/0.622; SEs .461/.504/.625/.918,,coefs: 0.6056519/0.6686739/0.8439726/0.6224839; SEs .4606741/.5043462/.6250778/.9177854,yes,,,non-outcome,precise,non-outcome,non-outcome,non-outcome,precise,,All four coefs and SEs reproduce exactly; qualitative 'larger but not significant' holds.
gdlO,gdlO_single-trace,Source Data Reproduction,p=0.031 (one-sided); N=328,p=0.031; N=328,p=0.03125 (rounds to 0.031); W=15; N=328,yes,p:0.000;N:279,p:0.081;N:377,precise,non-outcome,non-outcome,precise,non-outcome,precise,,Wilcoxon signed-rank on 5 paired baseline sessions using session-level high-quality frequencies from footnote 16 (p.507); reproduced p=1/32=0.03125 matches paper exactly to printed precision.
jaK4,jaK4_single-trace,Push Button,coef=-0.5819; SE=0.091; p<0.01; N=156,coef=-0.5819; SE=0.091; p<0.01; N=156,coef=-0.58187926; SE=0.09138188; p=8.16e-05; N=156,yes,"coef[-0.6692,-0.4946]; N[133,179]",,precise,precise,precise,precise,non-outcome,precise,,Exact reproduction of Table 4 col 2 from author do-file + dta. Only edit: syntax fix to malformed line 1 ('clearset more off' -> 'clear' + 'set more off'); no logic edits.
k7wj,k7wj_single-trace,Extended Push Button,OR=2.508; SE=0.390; p<0.001; N=14168,OR=2.508; SE=0.39; p<0.001; N=14168,OR=2.5246; SE=0.3891; p=1.88e-09; z=6.01; N=14168,yes,"coef[2.1318,2.8842]; N[12043,16293]",coef ub 2.8842,precise,approximate,non-outcome,precise,approximate,approximate,,OR off by 0.66% (2.5246 vs 2.508); likely from documented GIS coordinate jittering in archived data; N and p match exactly
l22v,l22v_single-trace,Source Data Reproduction,coef=2.389; SE=1.012; p<=.05; N=232; t=2.36(implied),coef=2.389; SE=1.012; p<.05; N=232; t=2.361,coef=2.389; SE=1.012; p=0.018; N=232; t=2.36,yes,"coef:[2.031,2.747]; N:[197,267]; t:[2.007,2.715]",coef:2.747; N:267; t:2.715,precise,precise,precise,precise,precise,precise,,"Exact match on Table 2 Model 1: b=2.389, SE=1.012, N=232, 57 countries, R^2=.053, rho=.713. Source-Data reproduction (no code archived); xtpcse with correlation(ar1) pairwise on the 57-country appendix sample."
q8xv,q8xv_single-trace,Push Button,coef=-0.007; SE=0.001; t=-5.71; p=1.8e-7; N=393,coef=-0.007; SE=0.001; t=-5.71; p=1.8e-7; N=393,coef=-0.0073233; SE=0.001282; t=-5.71; p<.001; N=393,yes,coef=[-0.00805 / N=334],coef=[-0.00595 / N=452],precise,precise,precise,precise,non-outcome,precise,,Push Button (env-only path edits); coef rounds to -0.007 at paper precision; SE rounds to 0.001
q8xv,q8xv_524ll2,Push Button,coef=-0.038; SE=0.007; t=-5.49; p=4.4e-7; N=17554,coef=-0.038; SE=0.007; t=-5.49; p=4.4e-7; N=17554,coef=-0.0382702; SE=0.006967; t=-5.49; p<.001; N=17554,yes,coef=[-0.0437 / N=14921],coef=[-0.0323 / N=20187],precise,precise,precise,precise,non-outcome,precise,,Push Button; exact match to all printed digits
q8xv,q8xv_22jnnj,Push Button,coef=0.336; SE=0.054; t=6.17; p=2.6e-8; N=17554,coef=0.336; SE=0.054; t=6.17; p=2.6e-8; N=17554,coef=0.3357892; SE=0.054426; t=6.17; p<.001; N=17554,yes,coef=[0.286 / N=14921],coef=[0.386 / N=20187],precise,precise,precise,precise,non-outcome,precise,,Push Button; exact match
q8xv,q8xv_827ww4,Push Button,coef=-0.376; SE=0.057; t=-6.57; p=4.4e-9; N=17554,coef=-0.376; SE=0.057; t=-6.57; p=4.4e-9; N=17554,coef=-0.3757152; SE=0.057146; t=-6.57; p<.001; N=17554,yes,coef=[-0.432 / N=14921],coef=[-0.320 / N=20187],precise,precise,precise,precise,non-outcome,precise,,Push Button; exact match
q8xv,q8xv_d4r99j,Push Button,qualitative: negative and significant in virtually all of 44 age-specific r coefs (Table 4 col 1),,"all 44 r-coefs negative; 42/45 significant at p<.05 (only ages 60, 62, 63 NS)",yes,qualitative,qualitative,non-outcome,non-outcome,non-outcome,non-outcome,precise,precise,,Push Button reproduced; 'virtually all' confirmed
q8xv,q8xv_ryzpp8,Push Button,qualitative: negative and significant in virtually all of 44 age-specific r coefs (Table 4 col 3),,all 44 r-coefs negative; 44/45 significant at p<.05,yes,qualitative,qualitative,non-outcome,non-outcome,non-outcome,non-outcome,precise,precise,,Push Button reproduced; 'virtually all' confirmed
qg47,qg47_single-trace,Source Data Reproduction,coef=0.007; SE=0.003; p<0.05; N=1718,coef=0.007; SE=0.003; p<0.05; N=1718,coef=0.0073; SE=0.0032; p=0.020; N=1739,yes,"coef approx [0.00595,0.00805]; N approx [1461,1976]; p approx (0.05,0.10]",coef precise=0.007@3dp; N precise=1718; p precise<=0.05,approximate,precise,non-outcome,precise,precise,approximate,,Table 3 Eq 7 (random-effects ordered probit). Coef rounds to paper's 0.007 exactly; p=0.020 satisfies p<0.05; N=1739 vs paper 1718 (+1.2%) is the only deviation - approximate sub-verdict on N drives overall.
qggQ,qggQ_single-trace,Source Data Reproduction,OR=1.85; z=2.53; p<0.05; N=1728,p<0.05,OR=1.8456; z=2.526; p=0.012; N=1728,yes,0,0.05,precise,non-outcome,precise,precise,precise,precise,,Reproduces precisely. Source Data Reproduction (no code posted): reconstructed Appendix F3 Model 1 ordered logit on author's Stata file from Harvard Dataverse 10.7910/DVN/OL9VD3; all reported coefficients in Table F3 Model 1 match to printed precision.
rjb,rjb_m71nkm,Push Button,"B=.04; t(169)=2.28; p=.02; N=174; CI[.01,.07]",B=0.04; t=2.28; p=0.02; N=174,"B=0.0372; t=2.282; p=0.0237; N=174; CI[0.005,0.069]",yes,"coef:[.034,.046]; t:[1.94,2.62]; p:[0,.07]; N:[148,200]",,precise,precise,precise,precise,non-outcome,precise,,Study 1 ambivalence x certainty interaction reproduces precisely
rjb,rjb_bz1ddg,Push Button,"B=.07; t(130)=3.42; p<.001; N=135; CI[.03,.12]",B=0.07; t=3.42; p<.001; N=135,"B=0.0745; t=3.418; p=0.000844; N=135; CI[0.031,0.118]",yes,"coef:[.060,.080]; t:[2.91,3.93]; p<=.001 precise; N:[115,155]",,precise,precise,precise,precise,non-outcome,precise,,Study 2 ambivalence x certainty interaction reproduces precisely
rjb,rjb_gl9nvg,Push Button,B=.07; t(130)=3.42; p<.001; N=135 (interaction); also B=.13 t=3.12 p=.002 simple effect,B=0.07; t=3.42; p<.001; N=135,B=0.0745; t=3.418; p=0.000844; N=135 (interaction); B=0.130; t=3.117; p=0.0023 (simple effect),yes,"coef:[.060,.080]; t:[2.91,3.93]; p<=.001 precise; N:[115,155]",,precise,precise,precise,precise,non-outcome,precise,,Study 2 interaction stats and high-certainty simple effect (B=.13) both reproduce precisely
rym8,rym8_single-trace,Extended Push Button,coef=0.168; SE=0.033; chi2(19)=44041.069; p<0.001 (***); N=213454; effect=0.168 (probit),coef=0.168; SE=0.033; chi2=44041.069; p=0.001 (less-than); N=213454; effect=0.168,coef=0.1681248; SE=0.0333582; chi2(19)=44041.07; p~4.7e-7 (z=5.04); N=213454,yes,"coef[0.1428,0.1932]; chi2[37434.91,50647.23]; p<=0.001",coef approx upper 0.1932; chi2 upper 50647.23,precise,precise,precise,precise,precise,precise,,Manually-fetched SAGE supplement reproduces Table 2 Model 2.1 exactly. Skipped no-op preamble of midnuke_secondstage_112008.do (its renames target unsuffixed probnuke* vars that the supplied pre-built midnuke_dirdyad_112007.dta has already suffixed _a/_b); ran lines 157-171 verbatim. btscs.ado fetched from Wayback (Tucker/Vanderbilt 1999) and placed locally on adopath. Missing dip_rec_lag_122007.dta from supplement is irrelevant to Model 2.1.
vaWE,vaWE_single-trace,Push Button,coef=0.211; SE=0.076; perm-p=0.021; N=245; effect=0.21,coef=0.211; SE=0.076; p=0.021; N=245; effect=0.21,coef=0.211; SE=0.076; perm-p=paper-printed (deterministic OLS p=0.006); N=245; effect=0.211,yes,coef:[0.179-0.243] p:[0.000-0.071] N:[208-282] effect:[0.179-0.243],coef:0.243 p:0.071 N:282 effect:0.243,precise,precise,non-outcome,approximate,precise,approximate,,"T5 panel B col 1 p.106 deterministic stats reproduce exactly; published p=0.021 is permutation-based, no completed permutation reproduction. Deterministic clustered-OLS p=0.006 falls in approx band [0, 0.071] but ≠ 0.021 at 3dp. Was precise under Push-Button auto-precise rule (removed)."
vaWE,vaWE_gl78od,Push Button,coef=-0.121; SE=0.139; perm-p=0.408; N=287,coef=-0.121; SE=0.139; p=0.408; N=287,coef=-0.121; SE=0.139; perm-p=paper-printed (deterministic OLS p=0.385); N=287,yes,coef:[-0.139--0.103] p:[0.358-0.458] N:[244-330],coef:-0.103 p:0.458 N:330,precise,precise,non-outcome,approximate,non-outcome,approximate,,"T5 panel B col 2 p.106 deterministic stats reproduce exactly; permutation p=0.408 not reproduced. Deterministic OLS p=0.385 in approx band [0.358, 0.458] but ≠ 0.408 at 3dp. Was precise under Push-Button auto-precise rule (removed)."
vaWE,vaWE_bzyxpq,Push Button,coef=0.286; SE=0.090; perm-p=0.010; N=171,coef=0.286; SE=0.09; p=0.01; N=171,coef=0.286; SE=0.090; perm-p=paper-printed (deterministic OLS p=0.002); N=171,yes,coef:[0.243-0.329] p:[0.000-0.060] N:[145-197],coef:0.329 p:0.060 N:197,precise,precise,non-outcome,approximate,non-outcome,approximate,,"T7 panel B col 1 p.110 deterministic stats reproduce exactly; permutation p=0.010 not reproduced. Deterministic OLS p=0.002 in approx band [0, 0.060] but ≠ 0.010 at 3dp. Was precise under Push-Button auto-precise rule (removed)."
xYbO,xYbO_m63jjk,Source Data Reproduction,F=81.62 p<.001 N=603 eta2=.12,F=81.62 p<.001 N=603 eta2=.12,F=81.6216 p=2.2e-18 N=603 eta2=.1194,yes,69.38,93.86,precise,non-outcome,precise,precise,precise,precise,,Study 1 RM-ANOVA reproduces to 4 decimals
xYbO,xYbO_gwl88w,Source Data Reproduction,F(2,364)=6.17 p=.002 N=377 eta2=.03,F=6.17 p=.002 N=366 eta2=.03,F=6.1699 p=.00232 N=377 eta2_partial=.0328 / eta2=.0232,no (extracted N=366 but paper df implies N=377),5.245,7.095,precise,non-outcome,precise,precise,approximate,approximate,precise
xYbO,xYbO_blw99o,Source Data Reproduction,t=2.46 df=141 p=.01 d=.41,t=2.46 df=141 p=.01 d=.41,t=2.4708 df=141 p_one=.0073 d=.4133,yes,2.091,2.829,precise (df=141),non-outcome,approximate (rounds to 2.47),precise,precise,approximate,,t computed manually from Table 1 weighted means/SDs per author syntax notes; t reproduces to 0.01
xYbO,xYbO_4knqr8,Source Data Reproduction,t=1.90 df=113 p=.03 d=.36,t=1.90 df=113 p=.03 d=.36,t=1.9099 df=113 p_one=.0294 d=.3573,yes,1.615,2.185,precise (df=113),non-outcome,approximate (rounds to 1.91),precise,precise,approximate,,t computed manually from Table 1 per author syntax; t reproduces to 0.01
xYbO,xYbO_gjrjjk,Source Data Reproduction,F(2,370)=2.46 p=.09 N=372 eta2=.01,F=2.46 p=.09 N=372 eta2=.01,F=2.4600 p=.0868 N=377 eta2=.0097,yes (df match exactly; N from df implies 372 but actual N=377 within 1.4%),2.091,2.829,precise (377 within +-15% of 372),non-outcome,precise,precise,precise,precise,
yJwG,yJwG_mjqwop,Source Data Reproduction,t(27)=4.71; p<0.001; dz=0.89; N=28,t(27)=4.71; p<0.001; dz=0.89; N=28,t(27)=4.7079; p=6.68e-05; dz=0.8897; N=28,yes,t in [4.0035 5.4165]; dz in [0.7565 1.0235]; N in [23.8 32.2]; p<=0.001 precise,precise,non-outcome,precise,precise,precise,precise,precise,precise,
yJwG,yJwG_g12xod,Source Data Reproduction,t(27)=3.52; p=0.002; dz=0.67; N=28,t(27)=3.52; p=0.002; dz=0.67; N=28,t(27)=3.5231; p=0.001539; dz=0.6658; N=28,yes,t in [2.992 4.048]; dz in [0.5695 0.7705]; N in [23.8 32.2]; p in [0 0.052],precise,non-outcome,precise,precise,precise,precise,precise,Exp 1 t0 NoCue vs 85dB; reproduced p=0.0015 rounds to 0.002 = paper,
yJwG,yJwG_g9l3pl,Source Data Reproduction,t(27)=5.44; p<0.001; dz=1.03; N=28,t(27)=5.44; p<0.001; dz=1.03; N=28,t(27)=5.4410; p=9.34e-06; dz=1.0282; N=28,yes,t in [4.624 6.256]; dz in [0.8755 1.1845]; N in [23.8 32.2]; p<=0.001 precise,precise,non-outcome,precise,precise,precise,precise,precise,precise,
yJwG,yJwG_m4y9z9,Source Data Reproduction,t(27)=4.21; p<0.001; dz=0.80; N=28,t(27)=4.21; p<0.001; dz=0.80; N=28,t(27)=4.2095; p=2.54e-04; dz=0.7955; N=28,yes,t in [3.5785 4.8415]; dz in [0.68 0.92]; N in [23.8 32.2]; p<=0.001 precise,precise,non-outcome,precise,precise,precise,precise,precise,precise,
yJwG,yJwG_b574lj,Source Data Reproduction,t(24)=5.47; p<0.001; dz=1.09; N=25,t(24)=5.47; p<0.001; dz=1.09; N=25,t(24)=5.4745; p=1.26e-05; dz=1.0949; N=25,yes,t in [4.6495 6.2905]; dz in [0.9265 1.2535]; N in [21.25 28.75]; p<=0.001 precise,precise,non-outcome,precise,precise,precise,precise,precise,precise,
yQeR,yQeR_j66kzq,Push Button,t=6.79; N=2293 (Table 2A complaints),t=6.79; N=2293,t=6.7881; N=2293,yes,t:5.7715; N:1949,t:7.8085; N:2637,precise,non-outcome,precise,non-outcome,non-outcome,precise,,Reproduces exactly to paper precision; Push Button on author do-file
yQeR,yQeR_1rrdyx,Push Button,t=2.97; N=543 (Table 4 has fixed fee),t=2.97; N=543,t=2.9702; N=543,yes,t:2.5245; N:461,t:3.4155; N:625,precise,non-outcome,precise,non-outcome,non-outcome,precise,,Reproduces exactly to paper precision
yQeR,yQeR_9oovx5,Push Button,t=4.74; N=543 (Table 4 fixed fee level),t=4.74; N=543,t=4.7364; N=543,yes,t:4.029; N:461,t:5.451; N:625,precise,non-outcome,precise,non-outcome,non-outcome,precise,,Reproduces exactly to paper precision
yQeR,yQeR_4kk266,Push Button,t=3.97; N=543 (Table 4 hourly rate),t=3.97; N=543,t=3.9713; N=543,yes,t:3.3745; N:461,t:4.5655; N:625,precise,non-outcome,precise,non-outcome,non-outcome,precise,,Reproduces exactly to paper precision
yQeR,yQeR_5oo23w,Push Button,t=3.76; N=543 (Table 4 2-hour price),t=3.76; N=543,t=3.7565; N=543,yes,t:3.196; N:461,t:4.324; N:625,precise,non-outcome,precise,non-outcome,non-outcome,precise,,Reproduces exactly to paper precision
yQeR,yQeR_9vxx6n,Push Button,t=2.43; N=2293 (Table 2A ad spending),t=2.43; N=2293,t=2.4291; N=2293,yes,t:2.0655; N:1949,t:2.7945; N:2637,precise,non-outcome,precise,non-outcome,non-outcome,precise,,Reproduces exactly to paper precision
yjkQ,yjkQ_single-trace,Push Button,coef=0.557; SE=0.125; p<0.05; N=2216,coef=0.557; SE=0.125; p<0.05; N=2216,coef=0.5566; SE=0.1253; z=4.44; p=8.85e-6; N=2216,yes,"coef:[0.473,0.641]; SE:[0.106,0.144]; N:[1884,2548]",coef:0.641; SE:0.144; N:2548,precise,precise,non-outcome,precise,precise,precise,,Push-button R script reproduces Table 1 Alexandria Model 3 exactly to printed precision.
yypJ,yypJ_single-trace,Source Data Reproduction,pr=-0.51; p<.002 (Bonferroni); N=138,pr=-0.51; t=-6.88891; p=1.945e-10; N=138; f2=0.3515,pr=-0.513; t=-6.951; p=1.41e-10; N=138; f2=0.359,yes,coef:-0.5865; p:precise(<=.002); N:117,"coef:-0.4335; p:approx(.002,.052]; N:159",precise,precise,non-outcome,precise,non-outcome,precise,,"Focal cell Mini-K x DSM5 reproduces precisely from Elsevier supplementary mmc1.csv; means in Table 1 also match exactly. Two unrelated Mini-K cells in Table 5 differ by .07-.12 from printed values (Goal-corrected partnership, Physical aggression) but are not part of this claim."
zK2,zK2_single-trace,Source Data Reproduction,t=9.01;p<.001;d=0.45;N=1607,t=9.01;p=5.7e-19;d=0.45;N=1607,t=9.01;p=5.7e-19;d=0.45;N=1607,yes,"t:[7.66,10.36] d:[0.38,0.52]",,precise,non-outcome,precise,precise,precise,precise,,Reproduces exactly.
zK2,zK2_g8rq2b,Source Data Reproduction,t=-2.61;p=.010;d=-0.14;N=359,t=-2.61;p=.010;d=-0.14;N=359,t=-2.61;p=.0095;d=-0.14;N=359,yes,,,precise,non-outcome,precise,precise,precise,precise,,Reproduces exactly.
zK2,zK2_mokpzb,Source Data Reproduction,t=-5.79;p<.001;d=-0.20;N=856,t=-5.79;p<.001;d=-0.20;N=856,t=-5.79;p=1.0e-8;d=-0.20;N=856,yes,,,precise,non-outcome,precise,precise,precise,precise,,Reproduces exactly.
zK2,zK2_m85l4m,Source Data Reproduction,t=4.82;p<.001;d=0.25;N=361,t=4.82;p<.001;d=0.25;N=361,t=4.82;p=2.1e-6;d=0.25;N=361,yes,,,precise,non-outcome,precise,precise,precise,precise,,Reproduces exactly.
zK2,zK2_bvn5rm,Source Data Reproduction,t=-5.45;p<.001;d=-0.62;N=77,t=-5.45;p<.001;d=-0.62;N=77,t=-5.45;p=5.9e-7;d=-0.62;N=77,yes,,,precise,non-outcome,precise,precise,precise,precise,,Reproduces exactly.
zK2,zK2_bdj1jb,Source Data Reproduction,t=-0.90;p=.376;d=-0.09;N=91,t=-0.90;p=.376;d=-0.09;N=91,t=-0.89;p=.376;d=-0.09;N=91,yes,"t:[-1.04,-0.76]",,precise,non-outcome,approximate,precise,precise,approximate,,t rounds to -0.89 vs paper -0.90 (within ~1%).
zK2,zK2_gkzl8g,Source Data Reproduction,t(39)=-3.80;p=.001;d=-0.51;N=40,t(39)=-3.80;p=.001;d=-0.51;N=40,t(39)=-3.79;p=.0005;d=-0.60;N=40,yes,"d:[-0.59,-0.43]",,precise,non-outcome,precise,precise,not,not,,"Paper's printed M=-0.24, SD=0.47, t=-3.80, d=-0.51 are internally inconsistent (M/SD imply t=-3.23 not -3.80; t implies d=-0.60 not -0.51). Reproduced t and p match paper exactly; reproduced d=t/sqrt(N)=-0.60 falls outside +-15% of paper's printed d=-0.51. See Diagnostics."
zK2,zK2_mk8vnm,Source Data Reproduction,t(39)=1.03;p=.310;d=0.16;N=40,t(39)=1.03;p=.310;d=0.16;N=40,t(39)=1.03;p=.310;d=0.16;N=40,yes,,,precise,non-outcome,precise,precise,precise,precise,,Reproduces exactly.
zK2,zK2_m7475m,Source Data Reproduction,t(70)=3.86;p<.001;d=0.47;N=71,t(70)=3.86;p<.001;d=0.47;N=71,t(70)=3.86;p=.0003;d=0.46;N=71,yes,"d:[0.40,0.54]",,precise,non-outcome,precise,precise,approximate,approximate,,d rounds to 0.46 vs paper 0.47.
zK2,zK2_g7opxm,Source Data Reproduction,t=-3.31;p=.001;d=-0.31;N=113,t=-3.31;p=.001;d=-0.31;N=113,t=-3.31;p=.0013;d=-0.31;N=114,yes,"N:[96,130]",,approximate,non-outcome,precise,precise,precise,approximate,,Per-test N=114 vs paper's listwise-shared N=113 (Table 1 footnote).
zK2,zK2_bz28qb,Source Data Reproduction,t=4.45;p<.001;d=0.41;N=113,t=4.45;p<.001;d=0.41;N=113,t=4.45;p=2.0e-5;d=0.41;N=116,yes,"N:[96,130]",,approximate,non-outcome,precise,precise,precise,approximate,,Per-test N=116 vs paper's listwise-shared N=113.
zK2,zK2_glzvdm,Source Data Reproduction,t=0.22;p=.828;d=0.02;N=202,t=0.22;p=.828;d=0.02;N=202,t=0.22;p=.828;d=0.02;N=204,yes,"N:[172,232]",,approximate,non-outcome,precise,precise,precise,approximate,,Per-test N=204 vs paper's listwise-shared N=202.
zK2,zK2_gx58ym,Source Data Reproduction,"F(1,196)=5.56;p=.019;eta_p^2=0.03;N=198","F(1,196)=5.56;p=.019;eta_p^2=0.03;N=198","F(1,196)=5.56;p=.019;eta_p^2=0.03;N=198",yes,,,precise,non-outcome,precise,precise,precise,precise,,Reproduces exactly (mixed ANOVA Country x BIAT interaction).
zV1O,zV1O_single-trace,Push Button,coef=2.96; SE_Maddala=1.51; p=.051; N=798,coef=2.96; SE=1.51; p=0.051; N=798,coef=2.958612; SE=1.51288; z=1.96; p=0.051; N=798,yes,"coef:[2.516,3.404]; p:[0.001,0.101]; N:[678,918]",,precise,precise,non-outcome,precise,non-outcome,precise,,Push-button reproduction matches paper Table 3 exactly using cdsimeq.ado bundled in SAGE supplement on scamerica5.dta. Coef 2.958612 -> 2.96; SE 1.51288 -> 1.51; p=0.051; N=798. Test stat not printed in paper for this cell -> non-outcome.
zlm2,zlm2_single-trace,Source Data Reproduction,t=5.91; p<.001; d=2.20; N=29; M_a1=4.58(.82); M_a0=2.82(.79),t=5.91; p=2.68e-6; N=29; d=2.20,t=5.9083; p=2.69e-6; N=29; d=2.196; M_a1=4.583(.817); M_a0=2.821(.787),yes,"t:[5.024,6.797] d:[1.87,2.53] N:[25,33]",,precise,non-outcome,precise,precise,precise,precise,,All sub-outcomes reproduce precisely from Elsevier mmc1.xlsx. Note: methods text describes care2 as 'reversed' but data file stores it pre-recoded; literal 8-care2 reversal would NOT reproduce.
