paper_id,rr_id,claim_id,report_id,repro_type,orig_sample_criterion,repro_sample_size_value,repro_p_value,repro_coef_value,repro_stat_type,repro_stat_value,repro_effect_size_type,repro_effect_size_value,repro_pattern_criteria,repro_pattern_criteria_met,repro_pattern_description,repro_interpret_supported,repro_lb_sample,repro_ub_sample,repro_outcome_sample,repro_lb_coef,repro_ub_coef,repro_outcome_coef,repro_lb_stat,repro_ub_stat,repro_outcome_stat,repro_lb_p,repro_ub_p,repro_outcome_p,repro_lower_effect,repro_upper_effect,repro_outcome_effect,repro_outcome_overall,repro_secondary_criteria,is_covid,repro_version_of_record
q8xv,23g12,q8xv_l88v4q,23g12_0_1,Source Data Reproduction,393,405,0.010247297,-0.005088686,NA,NA,NA,NA,"Sample size, Focal variable coefficient, and Significance level fall within the “Approximate Reproduction Criteria”.",no,"The results were qualitatively reproduced, though not quantitatively (at least to a high degree of precision).",yes,334,452,approximate,-0.00805,-0.00595,not,NA,NA,non-outcome,0.01,0.060000000000000005,approximate,NA,NA,non-outcome,not,TRUE,FALSE,FALSE
q8xv,23g12,q8xv_524ll2,23g12_1_1,Source Data Reproduction,17554,17784,0.003523588,-0.025911843,NA,NA,NA,NA,"Sample size, Focal variable coefficient, and Significance level fall within the “Approximate Reproduction Criteria”.",no,"The results were qualitatively reproduced, though not quantitatively (at least to a high degree of precision).",yes,14921,20187,approximate,-0.0437,-0.0323,not,NA,NA,non-outcome,0.01,0.060000000000000005,precise,NA,NA,non-outcome,not,TRUE,FALSE,TRUE
q8xv,23g12,q8xv_22jnnj,23g12_2_1,Source Data Reproduction,17554,17784,0.004142291,0.226507819,NA,NA,NA,NA,"Sample size, Focal variable coefficient, and Significance level fall within the “Approximate Reproduction Criteria”.",no,"The results were qualitatively reproduced, though not quantitatively (at least to a high degree of precision).",yes,14921,20187,approximate,0.2856,0.3864,not,NA,NA,non-outcome,0.01,0.060000000000000005,precise,NA,NA,non-outcome,not,TRUE,FALSE,TRUE
q8xv,23g12,q8xv_827ww4,23g12_3_1,Source Data Reproduction,17554,17784,3.92550603478839e-4,-0.290724706,NA,NA,NA,NA,"Sample size, Focal variable coefficient, and Significance level fall within the “Approximate Reproduction Criteria”.",no,"The results were qualitatively reproduced, though not quantitatively (at least to a high degree of precision).",yes,14921,20187,approximate,-0.4324,-0.3196,not,NA,NA,non-outcome,0.01,0.060000000000000005,precise,NA,NA,non-outcome,not,TRUE,FALSE,TRUE
q8xv,23g12,q8xv_d4r99j,23g12_4_1,Source Data Reproduction,17554,17784,NA,NA,NA,NA,NA,NA,Sample size and both secondary outcomes all fall within the “Approximate Reproduction Criteria”.,no,"The results were qualitatively reproduced, though not quantitatively (at least to a high degree of precision).",yes,14921,20187,approximate,NA,NA,non-outcome,NA,NA,non-outcome,NA,NA,non-outcome,NA,NA,non-outcome,approximate,TRUE,FALSE,TRUE
q8xv,23g12,q8xv_ryzpp8,23g12_5_1,Source Data Reproduction,17554,17784,NA,NA,NA,NA,NA,NA,Sample size and both secondary outcomes all fall within the “Approximate Reproduction Criteria”.,no,NA,no,14921,20187,approximate,NA,NA,non-outcome,NA,NA,non-outcome,NA,NA,non-outcome,NA,NA,non-outcome,approximate,TRUE,FALSE,TRUE
RYKv,2k5g2,RYKv_g41jx8,2k5g2_6_1,Source Data Reproduction,NA,NA,2.62554650201301e-22,0.042158484,NA,NA,NA,NA,Focal variable coefficient and p-value both fall within the “Approximate Reproduction Criteria”.,no,NA,no,NA,NA,non-outcome,0.02839,0.03841,not,NA,NA,non-outcome,0.001,0.051000000000000004,precise,NA,NA,non-outcome,not,FALSE,FALSE,TRUE
RYKv,2k5g2,RYKv_y68q1l,2k5g2_7_1,Source Data Reproduction,NA,NA,2.75814553004506e-4,0.019791012,NA,NA,NA,NA,Focal variable coefficient and p-value both fall within the “Approximate Reproduction Criteria”.,yes,NA,yes,NA,NA,non-outcome,0.018275,0.024724999999999997,approximate,NA,NA,non-outcome,0.01,0.060000000000000005,precise,NA,NA,non-outcome,approximate,FALSE,FALSE,TRUE
RYKv,2k5g2,RYKv_6xnk65,2k5g2_8_1,Source Data Reproduction,NA,NA,4.17131422254792e-5,NA,NA,NA,NA,NA,Focal variable p-value falls within the “Approximate Reproduction Criteria”.,yes,NA,yes,NA,NA,non-outcome,-0.04439,-0.03281,non-outcome,NA,NA,non-outcome,0.001,0.051000000000000004,precise,NA,NA,non-outcome,precise,FALSE,FALSE,TRUE
RYKv,2k5g2,RYKv_3w5kdk,2k5g2_9_1,Source Data Reproduction,NA,NA,3.91880600599313e-4,NA,NA,NA,NA,NA,Focal variable p-value falls within the “Approximate Reproduction Criteria”.,yes,NA,yes,NA,NA,non-outcome,0.017935,0.024265000000000002,non-outcome,NA,NA,non-outcome,0.001,0.051000000000000004,precise,NA,NA,non-outcome,precise,FALSE,FALSE,TRUE
RYKv,2k5g2,RYKv_wzn69v,2k5g2_10_1,Source Data Reproduction,NA,NA,5.977859261219961e-14,NA,NA,NA,NA,NA,Focal variable p-value falls within the “Approximate Reproduction Criteria”.,yes,NA,yes,NA,NA,non-outcome,0.3077,0.4163,non-outcome,NA,NA,non-outcome,0.001,0.051000000000000004,precise,NA,NA,non-outcome,precise,FALSE,FALSE,TRUE
RYKv,2k5g2,RYKv_p5o238,2k5g2_11_1,Source Data Reproduction,NA,NA,1.6705709854412e-6,NA,NA,NA,NA,NA,Focal variable p-value falls within the “Approximate Reproduction Criteria”.,yes,NA,yes,NA,NA,non-outcome,0.025670000000000002,0.034730000000000004,non-outcome,NA,NA,non-outcome,0.001,0.051000000000000004,precise,NA,NA,non-outcome,precise,FALSE,FALSE,TRUE
EAa,675g9,EAa_single-trace,675g9_12_1,Author Data Reproduction,95,95,0.335,NA,f,1.157,partial eta-squared,0.05,Focal variable P-value and Effect size of focal variable will meet the Approximate Reproduction Criteria.,no,We believe that our failure to reproduce might be a result of our inability to identify the correct dependent variable due to the poorly documented data set.,no,81,109,precise,NA,NA,non-outcome,2.9495000000000005,3.9905,not,0,0.060000000000000005,not,0.1105,0.1495,not,not,FALSE,FALSE,TRUE
JRpA,6m516,JRpA_7oy1jv,6m516_13_1,Push Button Reproduction,375,375,0.0036,-13.7477,NA,NA,NA,NA,That all criteria meet Precise Reproduction Criteria.,yes,NA,yes,319,431,precise,-15.8102,-11.6858,precise,NA,NA,non-outcome,0.01,0.060000000000000005,precise,NA,NA,non-outcome,push button,TRUE,FALSE,TRUE
JRpA,6m516,JRpA_zxz13n,6m516_14_1,Push Button Reproduction,375,375,0,1.8723,NA,NA,NA,NA,That all criteria meet Precise Reproduction Criteria.,yes,NA,yes,319,431,precise,-0.5612,-0.4148,not,NA,NA,non-outcome,0.01,0.060000000000000005,precise,NA,NA,non-outcome,push button,FALSE,FALSE,TRUE
JRpA,6m516,JRpA_l8j9xn,6m516_15_1,Push Button Reproduction,375,375,0.0272,0.8085,NA,NA,NA,NA,That all criteria meet Precise Reproduction Criteria.,no,The only reason that the claim did not reproduce is the focal coefficient thousandths place – in the original table there’s 0.808 and replication shows 0.809. This might be due to software’s rounding scheme so the claim could be seen as reproduced.,yes,319,431,precise,-1.6537,-1.2223,not,NA,NA,non-outcome,0.01,0.060000000000000005,approximate,NA,NA,non-outcome,approximate,FALSE,FALSE,TRUE
JRpA,6m516,JRpA_6ryjx7,6m516_16_1,Push Button Reproduction,375,375,3e-4,0.2611,NA,NA,NA,NA,That all criteria meet Precise Reproduction Criteria.,yes,NA,yes,319,431,precise,-0.08855,-0.06545,not,NA,NA,non-outcome,0.01,0.060000000000000005,precise,NA,NA,non-outcome,push button,FALSE,FALSE,TRUE
JRpA,6m516,JRpA_3nyvwv,6m516_17_1,Push Button Reproduction,375,375,NA,7.2789,NA,NA,NA,NA,That all criteria meet Precise Reproduction Criteria.,yes,NA,yes,319,431,precise,6.18715,8.37085,precise,NA,NA,non-outcome,NA,NA,non-outcome,NA,NA,non-outcome,push button,FALSE,FALSE,TRUE
JRpA,6m516,JRpA_w7j8zq,6m516_18_1,Push Button Reproduction,363,363,0.0181,5.239,NA,NA,NA,NA,That all criteria meet Precise Reproduction Criteria.,yes,NA,yes,309,417,precise,4.45315,6.02485,precise,NA,NA,non-outcome,0.05,0.1,precise,NA,NA,non-outcome,push button,FALSE,FALSE,TRUE
OYX0,2y4km,OYX0_y5wnn9,2y4km_19_1,Source Data Reproduction,12012,13058,7.4e-16,NA,NA,NA,NA,NA,"Primary outcomes meet the Precise Reproduction Criteria, secondary outcome [1] < secondary outcome [2].",no,"The precise reproduction of the sample was not successful. Therefore, the reproduction of the claim was not possible. However, the difference between the models with constrained and the model with freely estimated intercept parameters in the two groups were significantly different, and the native English speaker’s intercept was lower than the Asian ELL children. Therefore, my analyses would suggest the same pattern of results.",yes,10210,13814,approximate,NA,NA,non-outcome,NA,NA,non-outcome,0.01,0.060000000000000005,precise,NA,NA,non-outcome,approximate,TRUE,FALSE,TRUE
OYX0,2y4km,OYX0_5o9y12,2y4km_20_1,Source Data Reproduction,12012,13058,1.5000000000000001e-30,NA,NA,NA,NA,NA,Primary outcomes meet the Precise Reproduction Criteria and Secondary Outcome [1] < Secondary Outcome [2].,no,"The precise reproduction of the sample was not successful. Therefore, the reproduction of the claim was not possible. However, the difference between the models with constrained and the model with freely estimated intercept parameters in the two groups were significantly different, and the Spanish ELL children’s intercept was lower than the Asian ELL children. Therefore, my analyses would suggest the same pattern of results.",yes,10210,13814,approximate,NA,NA,non-outcome,NA,NA,non-outcome,0.001,0.051000000000000004,precise,NA,NA,non-outcome,approximate,TRUE,FALSE,TRUE
OYX0,2y4km,OYX0_ywd1y9,2y4km_21_1,Source Data Reproduction,12012,13058,3e-11,NA,NA,NA,NA,NA,Primary outcomes meet the Precise Reproduction Criteria. Secondary Outcome [1] > Secondary Outcome [2],no,"The precise reproduction of the sample was not successful. Therefore, the reproduction of the claim was not possible. However, the difference between the models with constrained and the model with freely estimated intercept parameters in the two groups were significantly different, and the Spanish ELL children’s intercept was lower than the native English-speaking children. Therefore, my analyses would suggest the same pattern of results.",yes,10210,13814,approximate,NA,NA,non-outcome,NA,NA,non-outcome,0.05,0.1,precise,NA,NA,non-outcome,approximate,TRUE,FALSE,TRUE
OYX0,2y4km,OYX0_2n1rrj,2y4km_22_1,Source Data Reproduction,12012,13058,1.2e-9,NA,NA,NA,NA,NA,Primary outcomes meet the Precise Reproduction Criteria. Secondary Outcome [1] < Secondary Outcome [2],no,"The precise reproduction of the sample was not successful. Therefore, the reproduction of the claim was not possible. However, the difference between the models with constrained and the model with freely estimated intercept parameters in the two groups were significantly different, and the Spanish ELL children’s slope was lower than the Asian ELL children. Therefore, my analyses would suggest the same pattern of results.",yes,10210,13814,approximate,NA,NA,non-outcome,NA,NA,non-outcome,0.01,0.060000000000000005,precise,NA,NA,non-outcome,approximate,TRUE,FALSE,TRUE
OYX0,2y4km,OYX0_o7k44p,2y4km_23_1,Source Data Reproduction,12012,13058,6.3e-5,NA,NA,NA,NA,NA,All outcomes meet the Precise Reproduction Criteria.,no,NA,no,10210,13814,approximate,NA,NA,non-outcome,NA,NA,non-outcome,0,0.01,approximate,NA,NA,non-outcome,approximate,TRUE,FALSE,TRUE
OYX0,2y4km,OYX0_nl3ddr,2y4km_24_1,Source Data Reproduction,12012,13058,0.021,NA,NA,NA,NA,NA,All outcomes meet the Precise Reproduction Criteria.,no,"Although the analytical sample differed, the analysis, too, comes to the conclusion that the model with freely estimated parameters is not significantly better than the constrained model, on a significance level of   = .01.",yes,10210,13814,approximate,NA,NA,non-outcome,NA,NA,non-outcome,0,0.01,precise,NA,NA,non-outcome,approximate,FALSE,FALSE,TRUE
OYX0,2y4km,OYX0_n3xo6r,2y4km_25_1,Source Data Reproduction,12012,13058,0,NA,chi-square,79.34,NA,NA,All outcomes meet the Precise Reproduction Criteria.,no,"The claim could not be reproduced because the sample size could not be reproduced. The parameter estimates also do not reproduce. However, we also found smaller intercepts for Spanish-speaking ELL children than for native English speakers. The authors report no precise test, although they claim that there were significant differences. I performed an inferential test based on the Loglikelihood and came to the same conclusion, i. e. there are significant differences between the two groups’ intercept parameters ( ²(1) =χ79.34, p < .001).",yes,10210,13814,approximate,NA,NA,non-outcome,NA,NA,non-outcome,NA,NA,non-outcome,NA,NA,non-outcome,approximate,TRUE,FALSE,TRUE
OYX0,2y4km,OYX0_5lo662,2y4km_26_1,Source Data Reproduction,12012,13058,4.7e-4,NA,NA,NA,NA,NA,All outcomes meet the Precise Reproduction Criteria.,no,"The claim could not be reproduced because the sample size could not be reproduced. The parameter estimates also do not reproduce. However, we also found smaller intercepts for Spanish-speaking ELL children than for Asian ELL children. The authors report no precise test, although they claim that there were significant differences. I performed an inferential test based on the Loglikelihood and came to the same conclusion, i. e. there are significant differences between the two groups’ intercept parameters ( ²(1) =χ12.23, p < .001).",yes,10210,13814,approximate,NA,NA,non-outcome,NA,NA,non-outcome,NA,NA,non-outcome,NA,NA,non-outcome,approximate,TRUE,FALSE,TRUE
OYX0,2y4km,OYX0_8wrdd4,2y4km_27_1,Source Data Reproduction,12012,13058,0.0026448,NA,NA,NA,NA,NA,All outcomes meet the Precise Reproduction Criteria.,no,"The claim could not be reproduced because the sample size could not be reproduced. The parameter estimates also do not reproduce. However, we also found smaller linear slope parameters for Spanish-speaking ELL children than for Asian ELL children. The authors report no precise test. I also find a smaller slope parameter for Spanish ELL students.",yes,10210,13814,approximate,NA,NA,non-outcome,NA,NA,non-outcome,NA,NA,non-outcome,NA,NA,non-outcome,approximate,TRUE,FALSE,TRUE
DEmL,6zzzk,DEmL_single-trace,6zzzk_28_1,Source Data Reproduction,13,13,NA,0.155170757,NA,NA,NA,NA,All outcomes meet the Approximate Reproduction Criteria,yes,"It is important to note that, in order to achieve successful reproduction in the relationship between Case Analysis and Extraversion, modifications had to be made to the sample size of one of the primary studies, as explained in the report of analysis attempt 3. The modification is reasonable, as the sample size was not clear. This sensitivity of the result to small changes in the sample size of one of the included primary studies is due to the low number of primary studies included in this meta-analysis, and that the weighting factor was the sample size itself.",yes,11,15,precise,0.1275,0.1725,approximate,NA,NA,non-outcome,NA,NA,non-outcome,NA,NA,non-outcome,approximate,TRUE,FALSE,TRUE
DEmL,6zzzk,DEmL_5o6doq,6zzzk_29_1,Source Data Reproduction,3,3,NA,0.157825226,NA,NA,NA,NA,All outcomes meet the Approximate Reproduction Criteria,yes,NA,yes,3,3,precise,0.1275,0.1725,approximate,NA,NA,non-outcome,NA,NA,non-outcome,NA,NA,non-outcome,approximate,TRUE,FALSE,TRUE
DEmL,6zzzk,DEmL_21r51y,6zzzk_30_1,Source Data Reproduction,7,7,NA,0.069360679,NA,NA,NA,NA,All outcomes meet the Approximate Reproduction Criteria,yes,"In this case, a study that was listed in the references section as included in the meta-analysis, but not in the Appendix, had to be excluded. It is not clear what exactly happened to these studies (which have been mentioned during this report), but apparently, they were selected but ultimately not included in the analyses.",yes,6,8,precise,0.059500000000000004,0.0805,precise,NA,NA,non-outcome,NA,NA,non-outcome,NA,NA,non-outcome,precise,TRUE,FALSE,TRUE
DEmL,6zzzk,DEmL_ok46kl,6zzzk_31_1,Source Data Reproduction,10,10,NA,0.111320898,NA,NA,NA,NA,All outcomes meet the Approximate Reproduction Criteria,yes,NA,yes,9,12,precise,0.0935,0.1265,precise,NA,NA,non-outcome,NA,NA,non-outcome,NA,NA,non-outcome,precise,TRUE,FALSE,TRUE
DEmL,6zzzk,DEmL_n3dz3w,6zzzk_32_1,Source Data Reproduction,4,4,NA,0.131159502,NA,NA,NA,NA,All outcomes meet the Approximate Reproduction Criteria,yes,NA,yes,3,5,precise,0.11900000000000001,0.161,approximate,NA,NA,non-outcome,NA,NA,non-outcome,NA,NA,non-outcome,approximate,TRUE,FALSE,TRUE
DEmL,6zzzk,DEmL_vn2onk,6zzzk_33_1,Source Data Reproduction,10,10,NA,0.008978578,NA,NA,NA,NA,All outcomes meet the Approximate Reproduction Criteria,no,"Strictly based on the pre-registered criteria, the result does not meet it. This case is special, as the original result was 0. This made it difficult to establish criteria according to the instructions. The non-reproduction criteria were set in agreement with the COS team.",yes,9,12,precise,0,0,precise,NA,NA,non-outcome,NA,NA,non-outcome,NA,NA,non-outcome,precise,TRUE,FALSE,TRUE
DEmL,6zzzk,DEmL_kz1ozy,6zzzk_34_1,Source Data Reproduction,10,10,NA,0.052969879,NA,NA,NA,NA,All outcomes meet the Approximate Reproduction Criteria,no,This case does not meet the secondary replication criteria for the confidence interval.,no,9,12,precise,0.0425,0.0575,precise,NA,NA,non-outcome,NA,NA,non-outcome,NA,NA,non-outcome,precise,TRUE,FALSE,TRUE
0qar,756g,0qar_single-trace,756g_35_1,Author Data Reproduction,43,50,0.4097,-0.006641,t,-0.824,NA,NA,"The specified quantitative replication analyses on the original, author-provided data set will precisely reproduce the values reported in the original paper.",no,NA,no,37,49,not,0.03247,0.04393,not,NA,NA,non-outcome,0,0.058,not,NA,NA,non-outcome,not,TRUE,FALSE,FALSE
AvOr,21352,AvOr_gdyrdr,21352_36_1,Extended Push Button Reproduction,210,210,5.255e-4,NA,chi-squared,12.023,phi,-0.24,Success when p-value AND effect size are meeting approximate reproduction criteria,yes,"To obtain the negative phi value reported by Alves et al, the data needed to be rearranged. Without rearranging, the phi value is +.24. The data was rearranged by swapping the two columns: While R (and SPSS) are ordering the columns by default in a way that 0 is in the first column and 1 in the second, Alves et al. have presumably coded the first column as 1 and the second as 0. Doing the latter returns the negative phi-value of -.24, while leaving the chi squared value unchanged. The R-file contains both the code to compute the positive and negative phi-value.",yes,179,242,precise,NA,NA,non-outcome,10.216999999999999,13.823,precise,0.001,0.051000000000000004,precise,-0.276,-0.204,precise,precise,FALSE,FALSE,TRUE
AvOr,21352,AvOr_b7dlq4,21352_37_1,Extended Push Button Reproduction,208,208,0.06921,NA,chi-squared,3.3016,phi,-0.13,Success when p-value AND effect size are meeting approximate reproduction criteria,yes,"To obtain the negative phi value reported by Alves et al, the data needed to be rearranged. Without rearranging, the phi value is +.13. The data was rearranged by swapping the two columns: While R (and SPSS) are ordering the columns by default in a way that 0 is in the first column and 1 in the second, Alves et al. have presumably coded thefirst column as 1 and the second as 0. Doing the latter returns the negative phi-value of -.13,while leaving the chi squared value unchanged. The R-file contains both the code to compute the positive and negative phi-value.",yes,177,239,precise,NA,NA,non-outcome,2.8049999999999997,3.795,precise,0.019000000000000003,0.11900000000000001,precise,-0.1495,-0.1105,precise,precise,FALSE,FALSE,TRUE
AvOr,21352,AvOr_gzljvk,21352_38_1,Extended Push Button Reproduction,204,204,0.00843,NA,chi-squared,6.9399,phi,-0.18,Success when p-value AND effect size are meeting approximate reproduction criteria,yes,"To obtain the negative phi value reported by Alves et al, the data needed to be rearranged. Without rearranging, the phi value is +.18. The data was rearranged by swapping the two columns: While R (and SPSS) are ordering the columns by default in a way that 0 is in the first column and 1 in the second, Alves et al. have presumably coded the first column as 1 and the second as 0. Doing the latter returns the negative phi-value of -.18, while leaving the chi squared value unchanged. The R-file contains both the code to compute the positive and negative phi-value.",yes,173,235,precise,NA,NA,non-outcome,5.899000000000001,7.981,precise,0,0.058,precise,-0.207,-0.153,precise,precise,FALSE,FALSE,TRUE
AvOr,21352,AvOr_ml3qr2,21352_39_1,Extended Push Button Reproduction,208,208,0.012,0.266,z,2.522,NA,NA,Success when p-value AND b are meeting approximate reproduction criteria,yes,NA,yes,177,239,precise,0.2295,0.3105,precise,2.142,2.898,precise,0,0.062,precise,NA,NA,non-outcome,precise,FALSE,FALSE,TRUE
zqwm,2w7w2,zqwm_single-trace,2w7w2_40_1,Source Data Reproduction,NA,97,NA,NA,NA,NA,NA,NA,Outcome meets approximate reproduction criteria,yes,NA,yes,NA,NA,non-outcome,NA,NA,non-outcome,NA,NA,non-outcome,NA,NA,non-outcome,NA,NA,non-outcome,none,TRUE,FALSE,TRUE
g0XQ,6owm3,g0XQ_single-trace,6owm3_41_1,Source Data Reproduction,1079,1137,0.03,NA,NA,NA,cohen's d,-0.78,"Claim will be considered as reproduction success if at least 1 of the primary inferential criteria (focal variable p-value or focal effect size coefficient) and additional secondary outcome (SE) will pass the approximate reproduction criteria. Otherwise, the claim will be considered a reproduction failure.",no,NA,no,917,1241,approximate,NA,NA,non-outcome,NA,NA,non-outcome,0,0.051000000000000004,approximate,-0.9775,-0.7225,approximate,approximate,TRUE,FALSE,TRUE
8R9d,69yok,8R9d_d5r3o4,69yok_42_1,Extended Push Button Reproduction,516,516,1.069e-4,0.1697285,NA,NA,NA,NA,That all criteria meet Precise Reproduction Criteria.,yes,NA,yes,439,593,precise,0.14450000000000002,0.1955,precise,NA,NA,non-outcome,0.001,0.051000000000000004,precise,NA,NA,non-outcome,precise,FALSE,FALSE,TRUE
8R9d,69yok,8R9d_r1zw73,69yok_43_1,Extended Push Button Reproduction,516,516,0.003246,NA,t,2.9574,cohen's d,0.2603808,That all criteria meet Precise Reproduction Criteria.,no,T-test result has the opposite sign to the original outcome. This could be caused by the changes introduced to the code and using updated versions of the commands.,no,439,593,precise,NA,NA,non-outcome,-4.0595,-3.0005,not,0,0.057,approximate,0.204,0.27599999999999997,approximate,not,FALSE,FALSE,TRUE
8R9d,69yok,8R9d_v4wj5w,69yok_44_1,Extended Push Button Reproduction,516,516,3.923e-5,NA,chi-squared,16.908,phi,0.221382,That all criteria meet Precise Reproduction Criteria.,yes,NA,yes,439,593,precise,NA,NA,non-outcome,14.3735,19.4465,precise,0.001,0.051000000000000004,precise,0.187,0.253,precise,precise,FALSE,FALSE,TRUE
8R9d,69yok,8R9d_gdrl4o,69yok_45_1,Extended Push Button Reproduction,516,516,NA,NA,NA,NA,NA,NA,That all criteria meet Precise Reproduction Criteria.,yes,NA,yes,439,593,precise,NA,NA,non-outcome,NA,NA,non-outcome,NA,NA,non-outcome,NA,NA,non-outcome,precise,TRUE,FALSE,TRUE
8R9d,69yok,8R9d_grz8yk,69yok_46_1,Extended Push Button Reproduction,516,516,NA,NA,NA,NA,NA,NA,That all criteria meet Precise Reproduction Criteria.,yes,NA,yes,439,593,precise,NA,NA,non-outcome,NA,NA,non-outcome,NA,NA,non-outcome,NA,NA,non-outcome,precise,TRUE,FALSE,TRUE
8R9d,69yok,8R9d_mvwky9,69yok_47_1,Extended Push Button Reproduction,516,516,0,NA,t,-67.605,cohen's d,3.023,That all criteria meet Precise Reproduction Criteria.,no,"The p-value above is the most precise one produced by the test.bootSemNeT() function. Moreover, all the values are at least within the approximate reproduction criteria and given that the code was altered with new versions of some functions this outcome could be counted as a successful reproduction.",yes,439,593,precise,NA,NA,non-outcome,-75.5435,-55.8365,approximate,0.001,0.051000000000000004,precise,2.499,3.381,approximate,approximate,FALSE,FALSE,TRUE
8R9d,69yok,8R9d_bkpj4j,69yok_48_1,Extended Push Button Reproduction,516,516,0,NA,t,-44.527,cohen's d,1.991,That all criteria meet Precise Reproduction Criteria.,no,"The p-value above is the most precise one produced by the test.bootSemNeT() function. Moreover, all the values are at least within the approximate reproduction criteria and given that the code was altered with new versions of some functions this outcome could be counted as a successful reproduction.",yes,439,593,precise,NA,NA,non-outcome,-49.2085,-36.3715,approximate,0.001,0.051000000000000004,precise,1.6235,2.1965,approximate,approximate,FALSE,FALSE,TRUE
8R9d,69yok,8R9d_b7lx28,69yok_49_1,Extended Push Button Reproduction,516,516,0,NA,t,-29.067,cohen's d,1.3,That all criteria meet Precise Reproduction Criteria.,no,"The p-value above is the most precise one produced by the test.bootSemNeT() function. Moreover, all the values are at least within the approximate reproduction criteria and given that the code was altered with new versions of some functions this outcome could be counted as a successful reproduction.",yes,439,593,precise,NA,NA,non-outcome,-33.258,-24.582,approximate,0.001,0.051000000000000004,precise,1.0965,1.4835,approximate,approximate,FALSE,FALSE,TRUE
8R9d,69yok,8R9d_gzjkoy,69yok_50_1,Extended Push Button Reproduction,516,516,0,NA,t,-20.115,cohen's d,0.9,That all criteria meet Precise Reproduction Criteria.,no,"The p-value above is the most precise one produced by the test.bootSemNeT() function. Moreover, all the values are at least within the approximate reproduction criteria and given that the code was altered with new versions of some functions this outcome could be counted as a successful reproduction.",yes,439,593,precise,NA,NA,non-outcome,-23.0115,-17.0085,approximate,0.001,0.051000000000000004,precise,0.765,1.0350000000000001,precise,approximate,FALSE,FALSE,TRUE
8R9d,69yok,8R9d_mlq1kp,69yok_51_1,Extended Push Button Reproduction,516,516,0,NA,t,-14.336,cohen's d,0.641,That all criteria meet Precise Reproduction Criteria.,no,The p-value above is the most precise one produced by the test.bootSemNeT() function.,no,439,593,precise,NA,NA,non-outcome,-14.1105,-10.4295,not,0.001,0.051000000000000004,precise,0.4675,0.6325000000000001,not,not,FALSE,FALSE,TRUE
8R9d,69yok,8R9d_g6zqdl,69yok_52_1,Extended Push Button Reproduction,516,516,0,NA,t,58.487,cohen's d,2.616,That all criteria meet Precise Reproduction Criteria.,no,"The p-value above is the most precise one produced by the test.bootSemNeT() function. Moreover, all the values are at least within the approximate reproduction criteria and given that the code was altered with new versions of some functions this outcome could be counted as a successful reproduction.",yes,439,593,precise,NA,NA,non-outcome,57.7745,78.1655,approximate,0.001,0.051000000000000004,precise,2.584,3.496,approximate,approximate,FALSE,FALSE,TRUE
8R9d,69yok,8R9d_b31372,69yok_53_1,Extended Push Button Reproduction,516,516,0,NA,t,37.713,cohen's d,1.687,That all criteria meet Precise Reproduction Criteria.,no,The p-value above is the most precise one produced by the test.bootSemNeT() function.,no,439,593,precise,NA,NA,non-outcome,38.7005,52.359500000000004,not,0.001,0.051000000000000004,precise,1.734,2.346,not,not,FALSE,FALSE,TRUE
8R9d,69yok,8R9d_9q35x9,69yok_54_1,Extended Push Button Reproduction,516,516,0,NA,t,26.966,cohen's d,1.206,That all criteria meet Precise Reproduction Criteria.,no,The p-value above is the most precise one produced by the test.bootSemNeT() function.,no,439,593,precise,NA,NA,non-outcome,30.923000000000002,41.837,not,0.001,0.051000000000000004,precise,1.3855,1.8744999999999998,not,not,FALSE,FALSE,TRUE
8R9d,69yok,8R9d_4d9x6l,69yok_55_1,Extended Push Button Reproduction,516,516,0,NA,t,23.478,NA,1.05,That all criteria meet Precise Reproduction Criteria.,no,"The p-value above is the most precise one produced by the test.bootSemNeT() function. Moreover, all the values are at least within the approximate reproduction criteria and given that the code was altered with new versions of some functions this outcome could be counted as a successful reproduction.",yes,439,593,precise,NA,NA,non-outcome,22.797,30.843,approximate,0.001,0.051000000000000004,precise,1.02,1.38,approximate,approximate,FALSE,FALSE,TRUE
8R9d,69yok,8R9d_5v4j3k,69yok_56_1,Extended Push Button Reproduction,516,516,0,NA,t,16.197,cohen's d,0.724,That all criteria meet Precise Reproduction Criteria.,no,The p-value above is the most precise one produced by the test.bootSemNeT() function.,no,439,593,precise,NA,NA,non-outcome,18.453500000000002,24.9665,not,0.001,0.051000000000000004,precise,0.8245,1.1155,not,not,FALSE,FALSE,TRUE
8R9d,69yok,8R9d_yox4lo,69yok_57_1,Extended Push Button Reproduction,516,516,0,NA,t,-65.066,cohen's d,2.91,That all criteria meet Precise Reproduction Criteria.,no,"The p-value above is the most precise one produced by the test.bootSemNeT() function. Moreover, all the values are at least within the approximate reproduction criteria and given that the code was altered with new versions of some functions this outcome could be counted as a successful reproduction.",yes,439,593,precise,NA,NA,non-outcome,-75.049,-55.471,approximate,0.001,0.051000000000000004,precise,2.4819999999999998,3.358,approximate,approximate,FALSE,FALSE,TRUE
8R9d,69yok,8R9d_2kjpzv,69yok_58_1,Extended Push Button Reproduction,516,516,0,NA,t,-42.656,cohen's d,1.908,That all criteria meet Precise Reproduction Criteria.,no,"The p-value above is the most precise one produced by the test.bootSemNeT() function. Moreover, all the values are at least within the approximate reproduction criteria and given that the code was altered with new versions of some functions this outcome could be counted as a successful reproduction.",yes,439,593,precise,NA,NA,non-outcome,-47.5295,-35.1305,approximate,0.001,0.051000000000000004,precise,1.5725,2.1275,approximate,approximate,FALSE,FALSE,TRUE
8R9d,69yok,8R9d_8974q1,69yok_59_1,Extended Push Button Reproduction,516,516,0,NA,t,-28.436,cohen's d,1.272,That all criteria meet Precise Reproduction Criteria.,no,"The p-value above is the most precise one produced by the test.bootSemNeT() function. Moreover, all the values are at least within the approximate reproduction criteria and given that the code was altered with new versions of some functions this outcome could be counted as a successful reproduction.",yes,439,593,precise,NA,NA,non-outcome,-35.489,-26.231,approximate,0.001,0.051000000000000004,precise,1.1729999999999998,1.587,approximate,approximate,FALSE,FALSE,TRUE
8R9d,69yok,8R9d_od1lpq,69yok_60_1,Extended Push Button Reproduction,516,516,0,NA,t,-23.942,cohen's d,1.071,That all criteria meet Precise Reproduction Criteria.,no,"The p-value above is the most precise one produced by the test.bootSemNeT() function. Moreover, all the values are at least within the approximate reproduction criteria and given that the code was altered with new versions of some functions this outcome could be counted as a successful reproduction.",yes,439,593,precise,NA,NA,non-outcome,-29.877,-22.083,approximate,0.001,0.051000000000000004,precise,0.986,1.3339999999999999,approximate,approximate,FALSE,FALSE,TRUE
8R9d,69yok,8R9d_n1j7wn,69yok_61_1,Extended Push Button Reproduction,516,516,0,NA,t,-18.105,cohen's d,0.81,That all criteria meet Precise Reproduction Criteria.,no,"The p-value above is the most precise one produced by the test.bootSemNeT() function. Moreover, all the values are at least within the approximate reproduction criteria and given that the code was altered with new versions of some functions this outcome could be counted as a successful reproduction.",yes,439,593,precise,NA,NA,non-outcome,-22.034,-16.286,approximate,0.001,0.051000000000000004,precise,0.731,0.989,approximate,approximate,FALSE,FALSE,TRUE
7X54,21k52,7X54_m6qkxx,21k52_62_1,Source Data Reproduction,2901,2991,0.001,NA,NA,NA,NA,NA,The reproduction will be considered successful if all approximate reproduction criteria above are met (including the secondary reproduction criteria of the Lo-Mendell-Rubin likelihood-ratio test; 4 classes).,no,"The foundation for the replication was the last significant Lo-Mendell-Rubin likelihood-ratio test (LMR) to be in the three-class model (p < 0.001) compared to the four-class model, indicating the three-class model to best fit the data (Claim: m6qkxx). When the simple test inferential criteria of the LCA structure failed and the last significant Lo-Mendell-Rubin likelihood-ratio test (LMR) was not the three-class model (p < 0.001), the downstream tests (two-tailed t-tests) including all following claims were not performed and assumed to have failed, also.",no,2466,3336,approximate,NA,NA,non-outcome,NA,NA,non-outcome,0.001,0.051000000000000004,approximate,NA,NA,non-outcome,approximate,FALSE,FALSE,TRUE
J999,6zzgw,J999_ppp57q,6zzgw_63_1,Push Button Reproduction,17004,17004,0,0.0215837,NA,NA,NA,NA,That all criteria meet Precise Reproduction Criteria.,yes,NA,yes,14453,19555,precise,0.01836,0.02484,precise,NA,NA,non-outcome,0.001,0.051000000000000004,precise,NA,NA,non-outcome,push button,FALSE,FALSE,TRUE
J999,6zzgw,J999_q77vpr,6zzgw_64_1,Push Button Reproduction,17004,17004,0,0.0037427,NA,NA,NA,NA,That all criteria meet Precise Reproduction Criteria.,yes,NA,yes,14453,19555,precise,0.003145,0.004255,precise,NA,NA,non-outcome,0.001,0.051000000000000004,precise,NA,NA,non-outcome,push button,FALSE,FALSE,TRUE
J999,6zzgw,J999_x66l55,6zzgw_65_1,Push Button Reproduction,17004,17004,0,0.0209804,NA,NA,NA,NA,That all criteria meet Precise Reproduction Criteria.,yes,NA,yes,14453,19555,precise,0.01785,0.02415,precise,NA,NA,non-outcome,0.001,0.051000000000000004,precise,NA,NA,non-outcome,push button,FALSE,FALSE,TRUE
J999,6zzgw,J999_j66p7x,6zzgw_66_1,Push Button Reproduction,17004,17004,0,0.0025044,NA,NA,NA,NA,That all criteria meet Precise Reproduction Criteria.,yes,NA,yes,14453,19555,precise,0.002125,0.002875,precise,NA,NA,non-outcome,0.001,0.051000000000000004,precise,NA,NA,non-outcome,push button,FALSE,FALSE,TRUE
J999,6zzgw,J999_1rr6p1,6zzgw_67_1,Push Button Reproduction,17004,17004,0,0.0215038,NA,NA,NA,NA,That all criteria meet Precise Reproduction Criteria.,yes,NA,yes,14453,19555,precise,0.018275,0.024724999999999997,precise,NA,NA,non-outcome,0.001,0.051000000000000004,precise,NA,NA,non-outcome,push button,FALSE,FALSE,TRUE
J999,6zzgw,J999_9oo4yp,6zzgw_68_1,Push Button Reproduction,17004,17004,0,0.0036185,NA,NA,NA,NA,That all criteria meet Precise Reproduction Criteria.,yes,NA,yes,14453,19555,precise,0.00306,0.00414,precise,NA,NA,non-outcome,0.001,0.051000000000000004,precise,NA,NA,non-outcome,push button,FALSE,FALSE,TRUE
J999,6zzgw,J999_4kkpj1,6zzgw_69_1,Push Button Reproduction,17004,17004,0,0.0207559,NA,NA,NA,NA,That all criteria meet Precise Reproduction Criteria.,yes,NA,yes,14453,19555,precise,0.017679999999999998,0.02392,precise,NA,NA,non-outcome,0.001,0.051000000000000004,precise,NA,NA,non-outcome,push button,FALSE,FALSE,TRUE
J999,6zzgw,J999_5ooq1z,6zzgw_70_1,Push Button Reproduction,17004,17004,0,0.0042168,NA,NA,NA,NA,That all criteria meet Precise Reproduction Criteria.,yes,NA,yes,14453,19555,precise,0.00357,0.00483,precise,NA,NA,non-outcome,0.001,0.051000000000000004,precise,NA,NA,non-outcome,push button,FALSE,FALSE,TRUE
J999,6zzgw,J999_yww6yz,6zzgw_71_1,Push Button Reproduction,17004,17004,0,0.022014,NA,NA,NA,NA,That all criteria meet Precise Reproduction Criteria.,yes,NA,yes,14453,19555,precise,0.018699999999999998,0.0253,precise,NA,NA,non-outcome,0.001,0.051000000000000004,precise,NA,NA,non-outcome,push button,FALSE,FALSE,TRUE
J999,6zzgw,J999_9vxqq9,6zzgw_72_1,Push Button Reproduction,17004,17004,0,0.003742,NA,NA,NA,NA,That all criteria meet Precise Reproduction Criteria.,yes,NA,yes,14453,19555,precise,0.003145,0.004255,precise,NA,NA,non-outcome,0.001,0.051000000000000004,precise,NA,NA,non-outcome,push button,FALSE,FALSE,TRUE
J999,6zzgw,J999_426ddl,6zzgw_73_1,Push Button Reproduction,17004,17004,0,0.0193484,NA,NA,NA,NA,That all criteria meet Precise Reproduction Criteria.,yes,NA,yes,14453,19555,precise,0.016405000000000003,0.022195,precise,NA,NA,non-outcome,0.001,0.051000000000000004,precise,NA,NA,non-outcome,push button,FALSE,FALSE,TRUE
J999,6zzgw,J999_523vvk,6zzgw_74_1,Push Button Reproduction,17004,17004,0,0.0044393,NA,NA,NA,NA,That all criteria meet Precise Reproduction Criteria.,yes,NA,yes,14453,19555,precise,0.00374,0.00506,precise,NA,NA,non-outcome,0.001,0.051000000000000004,precise,NA,NA,non-outcome,push button,FALSE,FALSE,TRUE
J999,6zzgw,J999_y2looo,6zzgw_75_1,Push Button Reproduction,26411,26411,0,-0.0212141,NA,NA,NA,NA,That all criteria meet Precise Reproduction Criteria.,yes,NA,yes,22449,30373,precise,-0.02438,-0.01802,precise,NA,NA,non-outcome,0.001,0.051000000000000004,precise,NA,NA,non-outcome,push button,FALSE,FALSE,TRUE
J999,6zzgw,J999_22zkkv,6zzgw_76_1,Push Button Reproduction,26411,26411,0.001,-0.0209739,NA,NA,NA,NA,That all criteria meet Precise Reproduction Criteria.,no,NA,no,22449,30373,precise,-0.02415,-0.01785,precise,NA,NA,non-outcome,0.001,0.051000000000000004,approximate,NA,NA,non-outcome,approximate,FALSE,FALSE,TRUE
J999,6zzgw,J999_82q991,6zzgw_77_1,Push Button Reproduction,26411,26411,0,-0.0047987,NA,NA,NA,NA,That all criteria meet Precise Reproduction Criteria.,yes,NA,yes,22449,30373,precise,-0.00552,-0.00408,precise,NA,NA,non-outcome,0.001,0.051000000000000004,precise,NA,NA,non-outcome,push button,FALSE,FALSE,TRUE
J999,6zzgw,J999_oypddq,6zzgw_78_1,Push Button Reproduction,26411,26411,0,-0.0048718,NA,NA,NA,NA,That all criteria meet Precise Reproduction Criteria.,yes,NA,yes,22449,30373,precise,-0.005635,-0.004165,precise,NA,NA,non-outcome,0.001,0.051000000000000004,precise,NA,NA,non-outcome,push button,FALSE,FALSE,TRUE
J999,6zzgw,J999_ry7113,6zzgw_79_1,Push Button Reproduction,26411,26411,0,-0.0212022,NA,NA,NA,NA,That all criteria meet Precise Reproduction Criteria.,yes,NA,yes,22449,30373,precise,-0.02438,-0.01802,precise,NA,NA,non-outcome,0.001,0.051000000000000004,precise,NA,NA,non-outcome,push button,FALSE,FALSE,TRUE
J999,6zzgw,J999_vy544w,6zzgw_80_1,Push Button Reproduction,26411,26411,0,-0.0047673,NA,NA,NA,NA,That all criteria meet Precise Reproduction Criteria.,yes,NA,yes,22449,30373,precise,-0.00552,-0.00408,precise,NA,NA,non-outcome,0.001,0.051000000000000004,precise,NA,NA,non-outcome,push button,FALSE,FALSE,TRUE
J999,6zzgw,J999_k4l779,6zzgw_81_1,Push Button Reproduction,4655,4655,0.017,-0.0342582,NA,NA,NA,NA,That all criteria meet Precise Reproduction Criteria.,yes,NA,yes,3957,5353,precise,-0.039445,-0.029155,precise,NA,NA,non-outcome,0.05,0.1,precise,NA,NA,non-outcome,push button,FALSE,FALSE,TRUE
J999,6zzgw,J999_72pnnp,6zzgw_82_1,Push Button Reproduction,4655,4655,0.004,-0.0059607,NA,NA,NA,NA,That all criteria meet Precise Reproduction Criteria.,yes,NA,yes,3957,5353,precise,-0.0069,-0.0051,precise,NA,NA,non-outcome,0.01,0.060000000000000005,precise,NA,NA,non-outcome,push button,FALSE,FALSE,TRUE
J999,6zzgw,J999_zo7ddv,6zzgw_83_1,Push Button Reproduction,26411,26411,0,-0.0375812,NA,NA,NA,NA,That all criteria meet Precise Reproduction Criteria.,yes,NA,yes,22449,30373,precise,-0.04324,-0.03196,precise,NA,NA,non-outcome,0.001,0.051000000000000004,precise,NA,NA,non-outcome,push button,FALSE,FALSE,TRUE
J999,6zzgw,J999_lk6nnz,6zzgw_84_1,Push Button Reproduction,26313,26313,0.004,-0.0264042,NA,NA,NA,NA,That all criteria meet Precise Reproduction Criteria.,yes,NA,yes,22366,30260,precise,-0.03036,-0.02244,precise,NA,NA,non-outcome,0.01,0.060000000000000005,precise,NA,NA,non-outcome,push button,FALSE,FALSE,TRUE
J999,6zzgw,J999_6dwooq,6zzgw_85_1,Push Button Reproduction,26313,26313,NA,-0.0013522,NA,NA,NA,NA,NA,no,NA,no,22366,30260,precise,-0.001495,-0.001105,approximate,NA,NA,non-outcome,NA,NA,non-outcome,NA,NA,non-outcome,approximate,FALSE,FALSE,TRUE
J999,6zzgw,J999_37l994,6zzgw_86_1,Push Button Reproduction,3699613,3699613,0,10.8162,NA,NA,NA,NA,That all criteria meet Precise Reproduction Criteria.,yes,NA,yes,3144671,4254555,precise,9.197000000000001,12.443,precise,NA,NA,non-outcome,0.001,0.051000000000000004,precise,NA,NA,non-outcome,push button,FALSE,FALSE,TRUE
J999,6zzgw,J999_w2yvv9,6zzgw_87_1,Push Button Reproduction,3699613,3699613,0.002,9.238998,NA,NA,NA,NA,That all criteria meet Precise Reproduction Criteria.,yes,NA,yes,3144671,4254555,precise,7.854,10.626,precise,NA,NA,non-outcome,0.01,0.060000000000000005,precise,NA,NA,non-outcome,push button,FALSE,FALSE,TRUE
J999,6zzgw,J999_pkqvv1,6zzgw_88_1,Push Button Reproduction,3699613,3699613,0,8.368582,NA,NA,NA,NA,That all criteria meet Precise Reproduction Criteria.,yes,NA,yes,3144671,4254555,precise,7.1145,9.625499999999999,precise,NA,NA,non-outcome,0.001,0.051000000000000004,precise,NA,NA,non-outcome,push button,FALSE,FALSE,TRUE
J999,6zzgw,J999_qyx11d,6zzgw_89_1,Push Button Reproduction,3699613,3699613,0.002,10.42731,NA,NA,NA,NA,That all criteria meet Precise Reproduction Criteria.,yes,NA,yes,3144671,4254555,precise,8.865499999999999,11.9945,precise,NA,NA,non-outcome,0.01,0.060000000000000005,precise,NA,NA,non-outcome,push button,FALSE,FALSE,TRUE
J999,6zzgw,J999_x2zyyv,6zzgw_90_1,Push Button Reproduction,3699613,3699613,0.003,9.459226,NA,NA,NA,NA,That all criteria meet Precise Reproduction Criteria.,yes,NA,yes,3144671,4254555,precise,8.041,10.879000000000001,precise,NA,NA,non-outcome,0.01,0.060000000000000005,precise,NA,NA,non-outcome,push button,FALSE,FALSE,TRUE
J999,6zzgw,J999_jkznv9,6zzgw_91_1,Push Button Reproduction,3699613,3699613,0.002,4.878855,NA,NA,NA,NA,That all criteria meet Precise Reproduction Criteria.,yes,NA,yes,3144671,4254555,precise,4.148,5.612,precise,NA,NA,non-outcome,0.01,0.060000000000000005,precise,NA,NA,non-outcome,push button,FALSE,FALSE,TRUE
J999,6zzgw,J999_1dy45r,6zzgw_92_1,Push Button Reproduction,3699613,3699613,0.002,4.552465,NA,NA,NA,NA,That all criteria meet Precise Reproduction Criteria.,yes,NA,yes,3144671,4254555,precise,3.8674999999999997,5.2325,precise,NA,NA,non-outcome,0.01,0.060000000000000005,precise,NA,NA,non-outcome,push button,FALSE,FALSE,TRUE
J999,6zzgw,J999_9vxq69,6zzgw_93_1,Push Button Reproduction,3699613,3699613,0.008,6.276894,NA,NA,NA,NA,That all criteria meet Precise Reproduction Criteria.,yes,NA,yes,3144671,4254555,precise,5.338,7.222,precise,NA,NA,non-outcome,0.01,0.060000000000000005,precise,NA,NA,non-outcome,push button,FALSE,FALSE,TRUE
J999,6zzgw,J999_426d4l,6zzgw_94_1,Push Button Reproduction,3699613,3699613,0.023,5.463293,NA,NA,NA,NA,That all criteria meet Precise Reproduction Criteria.,yes,NA,yes,3144671,4254555,precise,4.641,6.279,precise,NA,NA,non-outcome,0.05,0.1,precise,NA,NA,non-outcome,push button,FALSE,FALSE,TRUE
9lBL,2kg19,9lBL_gd628o,2kg19_95_1,Push Button Reproduction,48,48,0.011,-0.75107,NA,NA,NA,NA,That all criteria meet Precise Reproduction Criteria.,yes,NA,yes,41,55,precise,-0.86365,-0.63835,precise,NA,NA,non-outcome,0.05,0.1,precise,NA,NA,non-outcome,push button,FALSE,FALSE,TRUE
9lBL,2kg19,9lBL_grj92k,2kg19_96_1,Push Button Reproduction,48,48,0.079,-0.690113,NA,NA,NA,NA,That all criteria meet Precise Reproduction Criteria.,no,NA,no,41,55,precise,-0.7935,-0.5865,precise,NA,NA,non-outcome,0.05,0.1,approximate,NA,NA,non-outcome,approximate,FALSE,FALSE,TRUE
9lBL,2kg19,9lBL_mvo7l9,2kg19_97_1,Push Button Reproduction,48,48,0.017,-0.787573,NA,NA,NA,NA,That all criteria meet Precise Reproduction Criteria.,yes,NA,yes,41,55,precise,-0.9062,-0.6698,precise,NA,NA,non-outcome,0.05,0.1,precise,NA,NA,non-outcome,push button,FALSE,FALSE,TRUE
9lBL,2kg19,9lBL_bkoqkj,2kg19_98_1,Push Button Reproduction,48,48,0.028,-0.826542,NA,NA,NA,NA,That all criteria meet Precise Reproduction Criteria.,yes,NA,yes,41,55,precise,-0.95105,-0.70295,precise,NA,NA,non-outcome,0.05,0.1,precise,NA,NA,non-outcome,push button,FALSE,FALSE,TRUE
9lBL,2kg19,9lBL_b7zjk8,2kg19_99_1,Push Button Reproduction,48,48,0.016,-0.732123,NA,NA,NA,NA,That all criteria meet Precise Reproduction Criteria.,yes,NA,yes,41,55,precise,-0.8418,-0.6222,precise,NA,NA,non-outcome,0.05,0.1,precise,NA,NA,non-outcome,push button,FALSE,FALSE,TRUE
9lBL,2kg19,9lBL_gz63ny,2kg19_100_1,Push Button Reproduction,48,48,0.03,-0.827489,NA,NA,NA,NA,That all criteria meet Precise Reproduction Criteria.,yes,NA,yes,41,55,precise,-0.95105,-0.70295,precise,NA,NA,non-outcome,0.05,0.1,precise,NA,NA,non-outcome,push button,FALSE,FALSE,TRUE
9lBL,2kg19,9lBL_mldx5p,2kg19_101_1,Extended Push Button Reproduction,48,48,0.023,-0.614109,NA,NA,NA,NA,That all criteria meet Precise Reproduction Criteria.,yes,NA,yes,41,55,precise,-0.7061,-0.5219,precise,NA,NA,non-outcome,0.05,0.1,precise,NA,NA,non-outcome,precise,FALSE,FALSE,TRUE
9lBL,2kg19,9lBL_g6vxkl,2kg19_102_1,Push Button Reproduction,48,48,0.031,-0.577541,NA,NA,NA,NA,That all criteria meet Precise Reproduction Criteria.,yes,NA,yes,41,55,precise,-0.6647,-0.4913,precise,NA,NA,non-outcome,0.05,0.1,precise,NA,NA,non-outcome,push button,FALSE,FALSE,TRUE
9lBL,2kg19,9lBL_b32wk2,2kg19_103_1,Push Button Reproduction,48,48,0.011,1.66446,NA,NA,NA,NA,That all criteria meet Precise Reproduction Criteria.,yes,NA,yes,41,55,precise,1.4143999999999999,1.9136,precise,NA,NA,non-outcome,0.05,0.1,precise,NA,NA,non-outcome,push button,FALSE,FALSE,TRUE
9lBL,2kg19,9lBL_941rr9,2kg19_104_1,Push Button Reproduction,48,48,0.019,-0.756669,NA,NA,NA,NA,That all criteria meet Precise Reproduction Criteria.,yes,NA,yes,41,55,precise,-0.87055,-0.64345,precise,NA,NA,non-outcome,0.05,0.1,precise,NA,NA,non-outcome,push button,FALSE,FALSE,TRUE
9lBL,2kg19,9lBL_4pwnnl,2kg19_105_1,Push Button Reproduction,48,48,0.061,-0.726883,NA,NA,NA,NA,That all criteria meet Precise Reproduction Criteria.,no,NA,no,41,55,precise,-0.83605,-0.61795,precise,NA,NA,non-outcome,0.05,0.1,approximate,NA,NA,non-outcome,approximate,FALSE,FALSE,TRUE
9lBL,2kg19,9lBL_5qpnnk,2kg19_106_1,Push Button Reproduction,48,48,0.026,-0.802352,NA,NA,NA,NA,That all criteria meet Precise Reproduction Criteria.,yes,NA,yes,41,55,precise,-0.9223,-0.6817,precise,NA,NA,non-outcome,0.05,0.1,precise,NA,NA,non-outcome,push button,FALSE,FALSE,TRUE
9lBL,2kg19,9lBL_y6k88o,2kg19_107_1,Push Button Reproduction,48,48,0.037,-0.856649,NA,NA,NA,NA,That all criteria meet Precise Reproduction Criteria.,yes,NA,yes,41,55,precise,-0.98555,-0.72845,precise,NA,NA,non-outcome,0.05,0.1,precise,NA,NA,non-outcome,push button,FALSE,FALSE,TRUE
9lBL,2kg19,9lBL_236wwv,2kg19_108_1,Push Button Reproduction,48,48,0.026,-0.775424,NA,NA,NA,NA,That all criteria meet Precise Reproduction Criteria.,yes,NA,yes,41,55,precise,-0.89125,-0.65875,precise,NA,NA,non-outcome,0.05,0.1,precise,NA,NA,non-outcome,push button,FALSE,FALSE,TRUE
9lBL,2kg19,9lBL_8vjpp1,2kg19_109_1,Push Button Reproduction,48,48,0.063,-0.833022,NA,NA,NA,NA,That all criteria meet Precise Reproduction Criteria.,no,NA,no,41,55,precise,-0.95795,-0.70805,precise,NA,NA,non-outcome,0.05,0.1,approximate,NA,NA,non-outcome,approximate,FALSE,FALSE,TRUE
9lBL,2kg19,9lBL_o95wwq,2kg19_110_1,Push Button Reproduction,45,48,0.094,-0.887882,NA,NA,NA,NA,That all criteria meet Precise Reproduction Criteria.,no,NA,no,38,52,approximate,-1.0212,-0.7548,precise,NA,NA,non-outcome,0.05,0.1,approximate,NA,NA,non-outcome,approximate,FALSE,FALSE,TRUE
9lBL,2kg19,9lBL_nn422n,2kg19_111_1,Push Button Reproduction,48,48,NA,NA,NA,NA,NA,NA,That all criteria meet Precise Reproduction Criteria.,yes,NA,yes,41,55,precise,NA,NA,non-outcome,NA,NA,non-outcome,NA,NA,non-outcome,NA,NA,non-outcome,push button,TRUE,FALSE,TRUE
Pxp7,288kk,Pxp7_bp1rdr,288kk_112_1,Extended Push Button Reproduction,1863,1863,0.0059,0.0512993,NA,NA,NA,NA,That all criteria meet Precise Reproduction Criteria.,no,"The p-value is within the Approximate reproduction criteria, but per author’s explanations: “(...) [RI p-values] results may differ slightly from what is reported in the text because of the stochastic process”. In hindsight, and given that all other values were precisely reproduced, the outcome should be considered as successful reproduction.",yes,1584,2142,precise,0.0425,0.0575,precise,NA,NA,non-outcome,0,0.053000000000000005,approximate,NA,NA,non-outcome,approximate,FALSE,FALSE,TRUE
Pxp7,288kk,Pxp7_gq9rkp,288kk_113_1,Extended Push Button Reproduction,1862,1862,0.1084,0.0300752,NA,NA,NA,NA,That all criteria meet Precise Reproduction Criteria.,no,"The p-value is within the Approximate reproduction criteria, but per author’s explanations: “(...) [RI p-values] results may differ slightly from what is reported in the text because of the stochastic process”. In hindsight, and given that all other values were precisely reproduced, the outcome should be considered as successful reproduction.",yes,1583,2141,precise,0.0255,0.034499999999999996,precise,NA,NA,non-outcome,0.036,0.136,approximate,NA,NA,non-outcome,approximate,FALSE,FALSE,TRUE
Pxp7,288kk,Pxp7_mxnr8k,288kk_114_1,Extended Push Button Reproduction,458,458,0.4819,0.035433,NA,NA,NA,NA,That all criteria meet Precise Reproduction Criteria.,no,"The p-value is within the Approximate reproduction criteria, but per author’s explanations: “(...) [RI p-values] results may differ slightly from what is reported in the textbecause of the stochastic process”. In hindsight, and given that all other values were precisely reproduced, the outcome should be considered as successful reproduction.",yes,389,527,precise,0.034,0.046,precise,NA,NA,non-outcome,0.41600000000000004,0.516,approximate,NA,NA,non-outcome,approximate,FALSE,FALSE,TRUE
Pxp7,288kk,Pxp7_bj3dj5,288kk_115_1,Extended Push Button Reproduction,458,458,0.2895,-0.02893,NA,NA,NA,NA,"Based on these criteria, the claim did not reproduce.",no,As in previous claims RI p-values may differ from what is reported in the but the p-value in this claim is not even within the Approximate criteria.,no,389,527,precise,-0.0345,-0.0255,precise,NA,NA,non-outcome,0.29200000000000004,0.392,not,NA,NA,non-outcome,not,FALSE,FALSE,TRUE
Pxp7,288kk,Pxp7_m92jd2,288kk_116_1,Extended Push Button Reproduction,1863,1863,0.0054,NA,NA,NA,NA,NA,That all criteria meet Precise Reproduction Criteria.,no,"The p-value is within the Approximate reproduction criteria (STATA outcome only provided three decimal places), but per author’s explanations: “(...) [RI p-values] results may differ slightly from what is reported in the text because of the stochastic process”. In hindsight, and given that all other values were precisely reproduced, the outcome should be considered as successful reproduction.",yes,1584,2142,precise,NA,NA,non-outcome,NA,NA,non-outcome,0,0.056,approximate,NA,NA,non-outcome,approximate,TRUE,FALSE,TRUE
Pxp7,288kk,Pxp7_b4137v,288kk_117_1,Extended Push Button Reproduction,1863,1863,NA,NA,NA,NA,NA,NA,That all criteria meet Precise Reproduction Criteria.,yes,NA,yes,1584,2142,precise,NA,NA,non-outcome,NA,NA,non-outcome,NA,NA,non-outcome,NA,NA,non-outcome,precise,TRUE,FALSE,TRUE
Pxp7,288kk,Pxp7_gydr78,288kk_118_1,Extended Push Button Reproduction,1832,1832,0,NA,NA,NA,NA,NA,That all criteria meet Precise Reproduction Criteria.,yes,NA,yes,1557,2107,precise,NA,NA,non-outcome,NA,NA,non-outcome,0.01,0.060000000000000005,precise,NA,NA,non-outcome,precise,TRUE,FALSE,TRUE
Pxp7,288kk,Pxp7_9zwjd3,288kk_119_1,Extended Push Button Reproduction,1853,1853,0,NA,NA,NA,NA,NA,That all criteria meet Precise Reproduction Criteria.,yes,NA,yes,1575,2131,precise,NA,NA,non-outcome,NA,NA,non-outcome,0.01,0.060000000000000005,precise,NA,NA,non-outcome,precise,TRUE,FALSE,TRUE
0a3Z,6okm6,0a3Z_g3711w,6okm6_120_1,Push Button Reproduction,6632,6632,0.004,0.0022955,NA,NA,NA,NA,That all criteria meet Precise Reproduction Criteria.,yes,NA,yes,5637,7627,precise,0.001955,0.002645,precise,NA,NA,non-outcome,0,0.054000000000000006,precise,NA,NA,non-outcome,push button,FALSE,FALSE,TRUE
0a3Z,6okm6,0a3Z_gw2pp2,6okm6_121_1,Push Button Reproduction,6632,6632,0.722,-4.08E-04,NA,NA,NA,NA,That all criteria meet Precise Reproduction Criteria.,yes,NA,yes,5637,7627,precise,-4.60E-04,-3.40E-04,precise,NA,NA,non-outcome,0.6719999999999999,0.772,precise,NA,NA,non-outcome,push button,FALSE,FALSE,TRUE
0a3Z,6okm6,0a3Z_gpk99l,6okm6_122_1,Push Button Reproduction,6632,6632,0.003,0.0023292,NA,NA,NA,NA,That all criteria meet Precise Reproduction Criteria.,yes,NA,yes,5637,7627,precise,0.001955,0.002645,precise,NA,NA,non-outcome,0,0.053000000000000005,precise,NA,NA,non-outcome,push button,FALSE,FALSE,TRUE
0a3Z,6okm6,0a3Z_mqy444,6okm6_123_1,Push Button Reproduction,6632,6632,0.781,-3.12E-04,NA,NA,NA,NA,That all criteria meet Precise Reproduction Criteria.,yes,NA,yes,5637,7627,precise,-3.45E-04,-2.55E-04,precise,NA,NA,non-outcome,0.731,0.8310000000000001,precise,NA,NA,non-outcome,push button,FALSE,FALSE,TRUE
LyWB,2w93z,LyWB_g4161d,2w93z_124_1,Push Button Reproduction,434,434,0,-0.7787512,NA,NA,NA,NA,That all criteria meet Precise Reproduction Criteria.,yes,NA,yes,369,499,precise,-0.897,-0.663,precise,NA,NA,non-outcome,0.01,0.060000000000000005,precise,NA,NA,non-outcome,push button,FALSE,FALSE,TRUE
LyWB,2w93z,LyWB_m5939x,2w93z_125_1,Push Button Reproduction,434,434,0,-1.808458,NA,NA,NA,NA,That all criteria meet Precise Reproduction Criteria.,yes,NA,yes,369,499,precise,-2.0815,-1.5385,precise,NA,NA,non-outcome,0.01,0.060000000000000005,precise,NA,NA,non-outcome,push button,FALSE,FALSE,TRUE
LyWB,2w93z,LyWB_mydldv,2w93z_126_1,Push Button Reproduction,434,434,0.002,1.32174,NA,NA,NA,NA,That all criteria meet Precise Reproduction Criteria.,yes,NA,yes,369,499,precise,1.122,1.518,precise,NA,NA,non-outcome,0.01,0.060000000000000005,precise,NA,NA,non-outcome,push button,FALSE,FALSE,TRUE
LyWB,2w93z,LyWB_b2xzx8,2w93z_127_1,Push Button Reproduction,428,428,0,-0.7470725,NA,NA,NA,NA,That all criteria meet Precise Reproduction Criteria.,yes,NA,yes,364,492,precise,-0.8625,-0.6375,precise,NA,NA,non-outcome,0.01,0.060000000000000005,precise,NA,NA,non-outcome,push button,FALSE,FALSE,TRUE
LyWB,2w93z,LyWB_m8yqyv,2w93z_128_1,Push Button Reproduction,428,428,0.002,-1.588462,NA,NA,NA,NA,That all criteria meet Precise Reproduction Criteria.,yes,NA,yes,364,492,precise,-1.8285,-1.3515,precise,NA,NA,non-outcome,0.01,0.060000000000000005,precise,NA,NA,non-outcome,push button,FALSE,FALSE,TRUE
LyWB,2w93z,LyWB_bojpjy,2w93z_129_1,Push Button Reproduction,428,428,0.001,1.467631,NA,NA,NA,NA,That all criteria meet Precise Reproduction Criteria.,yes,NA,yes,364,492,precise,1.2495,1.6905,precise,NA,NA,non-outcome,0.01,0.060000000000000005,precise,NA,NA,non-outcome,push button,FALSE,FALSE,TRUE
LyWB,2w93z,LyWB_bnxwx9,2w93z_130_1,Push Button Reproduction,434,434,0,-0.8374557,NA,NA,NA,NA,That all criteria meet Precise Reproduction Criteria.,yes,NA,yes,369,499,precise,-0.966,-0.714,precise,NA,NA,non-outcome,0.01,0.060000000000000005,precise,NA,NA,non-outcome,push button,FALSE,FALSE,TRUE
LyWB,2w93z,LyWB_bdnonr,2w93z_131_1,Push Button Reproduction,434,434,0,-1.840541,NA,NA,NA,NA,That all criteria meet Precise Reproduction Criteria.,yes,NA,yes,369,499,precise,-2.116,-1.564,precise,NA,NA,non-outcome,0.01,0.060000000000000005,precise,NA,NA,non-outcome,push button,FALSE,FALSE,TRUE
LyWB,2w93z,LyWB_br474w,2w93z_132_1,Push Button Reproduction,434,434,0.001,1.459053,NA,NA,NA,NA,That all criteria meet Precise Reproduction Criteria.,yes,NA,yes,369,499,precise,1.2409999999999999,1.679,precise,NA,NA,non-outcome,0.01,0.060000000000000005,precise,NA,NA,non-outcome,push button,FALSE,FALSE,TRUE
LyWB,2w93z,LyWB_9zwvn8,2w93z_133_1,Push Button Reproduction,428,428,0,-0.793064,NA,NA,NA,NA,That all criteria meet Precise Reproduction Criteria.,yes,NA,yes,364,492,precise,-0.9085,-0.6715,precise,NA,NA,non-outcome,0.01,0.060000000000000005,precise,NA,NA,non-outcome,push button,FALSE,FALSE,TRUE
LyWB,2w93z,LyWB_48o25d,2w93z_134_1,Push Button Reproduction,428,428,0.001,-1.624247,NA,NA,NA,NA,That all criteria meet Precise Reproduction Criteria.,yes,NA,yes,364,492,precise,-1.863,-1.377,precise,NA,NA,non-outcome,0.01,0.060000000000000005,precise,NA,NA,non-outcome,push button,FALSE,FALSE,TRUE
LyWB,2w93z,LyWB_58d2yx,2w93z_135_1,Push Button Reproduction,428,428,0.001,1.53499,NA,NA,NA,NA,That all criteria meet Precise Reproduction Criteria.,yes,NA,yes,364,492,precise,1.3005,1.7595,precise,NA,NA,non-outcome,0.01,0.060000000000000005,precise,NA,NA,non-outcome,push button,FALSE,FALSE,TRUE
LyWB,2w93z,LyWB_y7z21v,2w93z_136_1,Push Button Reproduction,426,426,0,-0.7836079,NA,NA,NA,NA,That all criteria meet Precise Reproduction Criteria.,yes,NA,yes,362,490,precise,-0.897,-0.663,precise,NA,NA,non-outcome,0.01,0.060000000000000005,precise,NA,NA,non-outcome,push button,FALSE,FALSE,TRUE
LyWB,2w93z,LyWB_285298,2w93z_137_1,Push Button Reproduction,426,426,0.001,-1.619692,NA,NA,NA,NA,That all criteria meet Precise Reproduction Criteria.,yes,NA,yes,362,490,precise,-1.863,-1.377,precise,NA,NA,non-outcome,0.01,0.060000000000000005,precise,NA,NA,non-outcome,push button,FALSE,FALSE,TRUE
LyWB,2w93z,LyWB_8862ov,2w93z_138_1,Push Button Reproduction,426,426,0.001,1.539501,NA,NA,NA,NA,That all criteria meet Precise Reproduction Criteria.,yes,NA,yes,362,490,precise,1.3090000000000002,1.771,precise,NA,NA,non-outcome,0.01,0.060000000000000005,precise,NA,NA,non-outcome,push button,FALSE,FALSE,TRUE
LyWB,2w93z,LyWB_oq6yny,2w93z_139_1,Push Button Reproduction,428,428,0.01,-1.700473,NA,NA,NA,NA,That all criteria meet Precise Reproduction Criteria.,no,The claim was not reproduced only because technically p is equal to 0.01 (and according to Precise Reproduction Criteria it should be below) but this is such a minor issue that it can also be recognized as reproduced.,yes,364,492,precise,-1.955,-1.445,precise,NA,NA,non-outcome,0.01,0.060000000000000005,approximate,NA,NA,non-outcome,approximate,FALSE,FALSE,TRUE
LyWB,2w93z,LyWB_npzyo9,2w93z_140_1,Push Button Reproduction,428,428,0.001,-1.000974,NA,NA,NA,NA,That all criteria meet Precise Reproduction Criteria.,yes,NA,yes,364,492,precise,-1.15,-0.85,precise,NA,NA,non-outcome,0.01,0.060000000000000005,precise,NA,NA,non-outcome,push button,FALSE,FALSE,TRUE
LyWB,2w93z,LyWB_dy64qr,2w93z_141_1,Push Button Reproduction,428,428,0,-3.554677,NA,NA,NA,NA,That all criteria meet Precise Reproduction Criteria.,yes,NA,yes,364,492,precise,-4.0825,-3.0175,precise,NA,NA,non-outcome,0.01,0.060000000000000005,precise,NA,NA,non-outcome,push button,FALSE,FALSE,TRUE
LyWB,2w93z,LyWB_rljy6w,2w93z_142_1,Push Button Reproduction,428,428,0.092,-0.4291938,NA,NA,NA,NA,That all criteria meet Precise Reproduction Criteria.,yes,NA,yes,364,492,precise,-0.4945,-0.3655,precise,NA,NA,non-outcome,0.1,0.15000000000000002,precise,NA,NA,non-outcome,push button,FALSE,FALSE,TRUE
LyWB,2w93z,LyWB_vpoyq5,2w93z_143_1,Push Button Reproduction,428,428,0.002,-1.132399,NA,NA,NA,NA,That all criteria meet Precise Reproduction Criteria.,yes,NA,yes,364,492,precise,-1.2995,-0.9605,precise,NA,NA,non-outcome,0.01,0.060000000000000005,precise,NA,NA,non-outcome,push button,FALSE,FALSE,TRUE
LyWB,2w93z,LyWB_k6o4yd,2w93z_144_1,Push Button Reproduction,428,428,0.002,-1.575688,NA,NA,NA,NA,That all criteria meet Precise Reproduction Criteria.,yes,NA,yes,364,492,precise,-1.817,-1.343,precise,NA,NA,non-outcome,0.01,0.060000000000000005,precise,NA,NA,non-outcome,push button,FALSE,FALSE,TRUE
LyWB,2w93z,LyWB_7dz284,2w93z_145_1,Push Button Reproduction,428,428,0.018,3.717408,NA,NA,NA,NA,That all criteria meet Precise Reproduction Criteria.,yes,NA,yes,364,492,precise,3.162,4.2780000000000005,precise,NA,NA,non-outcome,0.05,0.1,precise,NA,NA,non-outcome,push button,FALSE,FALSE,TRUE
LyWB,2w93z,LyWB_zl6o9k,2w93z_146_1,Push Button Reproduction,428,428,0.071,-0.4651682,NA,NA,NA,NA,That all criteria meet Precise Reproduction Criteria.,yes,NA,yes,364,492,precise,-0.5405,-0.3995,precise,NA,NA,non-outcome,0.1,0.15000000000000002,precise,NA,NA,non-outcome,push button,FALSE,FALSE,TRUE
LyWB,2w93z,LyWB_l3dk22,2w93z_147_1,Push Button Reproduction,428,428,0,-1.36951,NA,NA,NA,NA,That all criteria meet Precise Reproduction Criteria.,yes,NA,yes,364,492,precise,-1.5755,-1.1645,precise,NA,NA,non-outcome,0.01,0.060000000000000005,precise,NA,NA,non-outcome,push button,FALSE,FALSE,TRUE
LyWB,2w93z,LyWB_68vd26,2w93z_148_1,Push Button Reproduction,428,428,0.001,-1.785948,NA,NA,NA,NA,That all criteria meet Precise Reproduction Criteria.,yes,NA,yes,364,492,precise,-2.0585,-1.5215,precise,NA,NA,non-outcome,0.01,0.060000000000000005,precise,NA,NA,non-outcome,push button,FALSE,FALSE,TRUE
LyWB,2w93z,LyWB_38274j,2w93z_149_1,Push Button Reproduction,428,428,0.018,3.694845,NA,NA,NA,NA,That all criteria meet Precise Reproduction Criteria.,yes,NA,yes,364,492,precise,3.1365,4.2435,precise,NA,NA,non-outcome,0.05,0.1,precise,NA,NA,non-outcome,push button,FALSE,FALSE,TRUE
LyWB,2w93z,LyWB_wqd2x3,2w93z_150_1,Push Button Reproduction,148,148,0.058,-0.5559178,NA,NA,NA,NA,That all criteria meet Precise Reproduction Criteria.,yes,NA,yes,126,170,precise,-0.644,-0.476,precise,NA,NA,non-outcome,0.1,0.15000000000000002,precise,NA,NA,non-outcome,push button,FALSE,FALSE,TRUE
LyWB,2w93z,LyWB_pxwkzw,2w93z_151_1,Push Button Reproduction,148,148,0.069,-2.786266,NA,NA,NA,NA,That all criteria meet Precise Reproduction Criteria.,yes,NA,yes,126,170,precise,-3.2085,-2.3715,precise,NA,NA,non-outcome,0.1,0.15000000000000002,precise,NA,NA,non-outcome,push button,FALSE,FALSE,TRUE
LyWB,2w93z,LyWB_qzqywo,2w93z_152_1,Push Button Reproduction,147,147,0,-3.201219,NA,NA,NA,NA,That all criteria meet Precise Reproduction Criteria.,yes,NA,yes,125,169,precise,-3.68,-2.72,precise,NA,NA,non-outcome,0.01,0.060000000000000005,precise,NA,NA,non-outcome,push button,FALSE,FALSE,TRUE
LyWB,2w93z,LyWB_xxv246,2w93z_153_1,Push Button Reproduction,147,147,0.072,-1.515151,NA,NA,NA,NA,That all criteria meet Precise Reproduction Criteria.,yes,NA,yes,125,169,precise,-1.748,-1.292,precise,NA,NA,non-outcome,0.1,0.15000000000000002,precise,NA,NA,non-outcome,push button,FALSE,FALSE,TRUE
LyWB,2w93z,LyWB_jl2kor,2w93z_154_1,Push Button Reproduction,133,133,0.096,-0.6899715,NA,NA,NA,NA,That all criteria meet Precise Reproduction Criteria.,yes,NA,yes,113,153,precise,-0.7935,-0.5865,precise,NA,NA,non-outcome,0.1,0.15000000000000002,precise,NA,NA,non-outcome,push button,FALSE,FALSE,TRUE
LyWB,2w93z,LyWB_189dok,2w93z_155_1,Push Button Reproduction,133,133,0.051,-1.614038,NA,NA,NA,NA,That all criteria meet Precise Reproduction Criteria.,yes,NA,yes,113,153,precise,-1.8515,-1.3685,precise,NA,NA,non-outcome,0.1,0.15000000000000002,precise,NA,NA,non-outcome,push button,FALSE,FALSE,TRUE
LyWB,2w93z,LyWB_9zwvp8,2w93z_156_1,Push Button Reproduction,644,644,0.397,0.0111326,NA,NA,NA,NA,That all criteria meet Precise Reproduction Criteria.,no,"The claim did not reproduce but looking at the table and the results it seems that there was a mix-up between results for “mother” and for “splinter”; results for “mother” in the reproduced table match “splinter” criteria from the claim (except for the p-value): coef= .0270265, SE= .0139382, p= 0.053",no,547,741,precise,0.022949999999999998,0.03105,not,NA,NA,non-outcome,0.05,0.1,not,NA,NA,non-outcome,not,FALSE,FALSE,TRUE
LyWB,2w93z,LyWB_48o2zd,2w93z_157_1,Push Button Reproduction,482,482,0.157,0.0201282,NA,NA,NA,NA,That all criteria meet Precise Reproduction Criteria.,no,"Like in the claim 9zwvp8 above it seems that there was a mix-up between results for “mother” and for “splinter”; results for “mother” in the reproduced table match “splinter” criteria from the claim (except for the p-value): coef=.0297792, SE= .0147419, p=0.044.",no,410,554,precise,0.0255,0.034499999999999996,not,NA,NA,non-outcome,0.01,0.060000000000000005,not,NA,NA,non-outcome,not,FALSE,FALSE,TRUE
LyWB,2w93z,LyWB_58d2lx,2w93z_158_1,Push Button Reproduction,644,644,0.049,0.0277599,NA,NA,NA,NA,That all criteria meet Precise Reproduction Criteria.,yes,NA,yes,547,741,precise,0.0238,0.0322,precise,NA,NA,non-outcome,0.05,0.1,precise,NA,NA,non-outcome,push button,FALSE,FALSE,TRUE
LyWB,2w93z,LyWB_y7z25v,2w93z_159_1,Push Button Reproduction,644,644,0.055,0.0268594,NA,NA,NA,NA,That all criteria meet Precise Reproduction Criteria.,no,The coefficient was reproduced but p-value wasn’t.,no,547,741,precise,0.022949999999999998,0.03105,precise,NA,NA,non-outcome,0.05,0.1,approximate,NA,NA,non-outcome,approximate,FALSE,FALSE,TRUE
LyWB,2w93z,LyWB_2852n8,2w93z_160_1,Push Button Reproduction,475,475,0.098,0.026468,NA,NA,NA,NA,That all criteria meet Precise Reproduction Criteria.,no,The coefficient was reproduced but p-value wasn’t.,no,404,546,precise,0.022099999999999998,0.0299,precise,NA,NA,non-outcome,0.05,0.1,approximate,NA,NA,non-outcome,approximate,FALSE,FALSE,TRUE
9DZl,21474,9DZl_gd73pr,21474_161_1,Push Button Reproduction,49,49,0.005,NA,f,8.499,NA,NA,The primary outcomes meet the Precise Reproduction Criteria.,yes,NA,yes,42,56,precise,NA,NA,non-outcome,7.225,9.775,precise,0,0.055,precise,NA,NA,non-outcome,push button,FALSE,FALSE,TRUE
9DZl,21474,9DZl_grdwrw,21474_162_1,Push Button Reproduction,72,72,0.002,NA,f,10.781,NA,NA,The primary outcomes meet the Precise Reproduction Criteria.,no,NA,no,61,83,precise,NA,NA,non-outcome,8.925,12.075,approximate,0,0.052000000000000005,precise,NA,NA,non-outcome,approximate,FALSE,FALSE,TRUE
9DZl,21474,9DZl_mvdj65,21474_163_1,Push Button Reproduction,46,46,0.001,NA,f,11.973,NA,NA,The primary outcomes meet the Precise Reproduction Criteria.,yes,NA,yes,39,53,precise,NA,NA,non-outcome,10.1745,13.765500000000001,precise,0,0.051000000000000004,precise,NA,NA,non-outcome,push button,FALSE,FALSE,TRUE
9DZl,21474,9DZl_g6j1l6,21474_164_1,Push Button Reproduction,161,161,0.053,NA,f,3.79,NA,NA,The primary outcomes meet the Precise Reproduction Criteria.,yes,NA,yes,137,185,precise,NA,NA,non-outcome,3.2215,4.3585,precise,0.003,0.10300000000000001,precise,NA,NA,non-outcome,push button,FALSE,FALSE,TRUE
9DZl,21474,9DZl_b3vqrj,21474_165_1,Push Button Reproduction,161,161,0.012,NA,t,2.566,NA,NA,The primary outcomes meet the Precise Reproduction Criteria.,yes,NA,yes,137,185,precise,NA,NA,non-outcome,2.1845,2.9555,precise,0,0.062,precise,NA,NA,non-outcome,push button,FALSE,FALSE,TRUE
9DZl,21474,9DZl_9kdozq,21474_166_1,Push Button Reproduction,364,364,0.051,NA,t,1.984,NA,NA,The primary outcomes meet the Precise Reproduction Criteria.,yes,NA,yes,309,419,precise,NA,NA,non-outcome,1.683,2.277,precise,9.99999999999994e-4,0.101,precise,NA,NA,non-outcome,push button,FALSE,FALSE,TRUE
9DZl,21474,9DZl_dv7xy3,21474_167_1,Push Button Reproduction,364,364,0,NA,f,6.132,NA,NA,The primary outcomes meet the Precise Reproduction Criteria.,no,NA,no,309,419,precise,NA,NA,non-outcome,5.253,7.106999999999999,approximate,0.001,0.051000000000000004,precise,NA,NA,non-outcome,approximate,FALSE,FALSE,TRUE
9DZl,21474,9DZl_k1rz68,21474_168_1,Push Button Reproduction,251,251,0.003,NA,t,-3.06,NA,NA,The primary outcomes meet the Precise Reproduction Criteria.,no,NA,no,213,289,precise,NA,NA,non-outcome,2.601,3.519,not,0,0.053000000000000005,precise,NA,NA,non-outcome,not,FALSE,FALSE,TRUE
9DZl,21474,9DZl_7v1odx,21474_169_1,Push Button Reproduction,238,238,0.011,NA,f,3.781,NA,NA,The primary outcomes meet the Precise Reproduction Criteria.,yes,NA,yes,202,274,precise,NA,NA,non-outcome,3.213,4.3469999999999995,precise,0,0.061,precise,NA,NA,non-outcome,push button,FALSE,FALSE,TRUE
E4Am,69y39,E4Am_single-trace,69y39_170_1,Author Data Reproduction,82,82,0.03,NA,t,2.204,partial eta-squared,0.057,All outcomes meet the Precise Reproduction Criteria,yes,NA,yes,70,94,precise,NA,NA,non-outcome,1.87,2.5300000000000002,precise,0,0.08,precise,0.04845,0.06555,precise,precise,FALSE,FALSE,FALSE
E4Am,69y39,E4Am_m6oov9,69y39_171_1,Author Data Reproduction,105,105,0.035,NA,t,2.141,partial eta-squared,0.043,All outcomes meet the Precise Reproduction Criteria,yes,NA,yes,89,121,precise,NA,NA,non-outcome,1.8190000000000002,2.4610000000000003,precise,0,0.085,precise,0.03655,0.049449999999999994,precise,precise,FALSE,FALSE,TRUE
E4Am,69y39,E4Am_g39923,69y39_172_1,Author Data Reproduction,97,97,0.008,NA,f,7.433,partial eta-squared,0.073,All outcomes meet the Precise Reproduction Criteria,yes,NA,yes,82,112,precise,NA,NA,non-outcome,6.3580000000000005,8.602,approximate,0,0.057,approximate,0.059500000000000004,0.0805,precise,approximate,FALSE,FALSE,TRUE
E4Am,69y39,E4Am_gwvvdx,69y39_173_1,Author Data Reproduction,97,97,0.84,NA,t,0.202,NA,NA,All outcomes meet the Precise Reproduction Criteria,yes,NA,yes,82,112,precise,NA,NA,non-outcome,0.17,0.23,precise,0.7899999999999999,0.89,precise,0.034,0.046,non-outcome,precise,FALSE,FALSE,TRUE
E4Am,69y39,E4Am_gpvvw3,69y39_174_1,Author Data Reproduction,121,121,0,0.112,t,4.006,cohen's f-squared,0.135968,All outcomes meet the Precise Reproduction Criteria,no,NA,no,103,139,precise,0.0935,0.1265,precise,3.383,4.577,approximate,0.001,0.051000000000000004,precise,0.1105,0.1495,approximate,approximate,FALSE,FALSE,TRUE
E4Am,69y39,E4Am_mq11q9,69y39_175_1,Author Data Reproduction,261,261,0.009,NA,f,6.897,partial eta-squared,0.026,All outcomes meet the Precise Reproduction Criteria,yes,NA,yes,222,300,precise,NA,NA,non-outcome,5.865,7.9350000000000005,precise,0,0.059000000000000004,precise,0.022099999999999998,0.0299,precise,precise,FALSE,FALSE,TRUE
rWbG,6ow93,rWbG_single-trace,6ow93_176_1,Author Data Reproduction,697,697,0.002,NA,f,4.064,NA,NA,We will conclude that the given claim reproduced if the given test statistics (delta_F) and delta_R^2 will be within the 15% approximate reproduction bounds.,no,"Based on the pre-defined success criteria, the focal claim did not reproduce, as the delta_F statistic was outside of the approximate reproduction bounds. However, the numeric estimate was – although not identical – practically the same as in the original paper. The original paper reported a beta coefficient for cognitive ability (controlling for prior grades) of .09 and a t = 3.22, significant at alpha = .01. In our reproduction we found beta = .08, t = 3.11. The delta R^2 was similar, although not sufficiently close, .02 in original research vs. .01 in our reproduction. What made the difference in the outcome, was only the associated delta_F. During the back-and-forth discussion regarding which outcomes to include as criteria, we inadvertently did not replace one such outcome in the Analyst success criteria section. This statement thus included the standardised regression estimate instead of the test statistic (delta_F), which we settled upon after the discussion.The originally preregistered success criteria read as follows:“We will conclude that the given claim reproduced if the given standardised effect estimate (beta = .09) and delta_R^2 will be within the 15% approximate reproduction bounds.”If the reproduction success was judged based on that, the claim would still be deemed as not being reproduced, as the delta R^2 found in the reproduction was outside of the approximate reproduction bounds",no,592,802,precise,NA,NA,non-outcome,12.4525,16.8475,not,0.01,0.060000000000000005,precise,NA,NA,non-outcome,not,TRUE,FALSE,TRUE
9ey,69y31,9ey_single-trace,69y31_177_1,Author Data Reproduction,194,194,0,NA,f,41.71,partial eta-squared,0.178,All outcomes meet the Precise Reproduction Criteria,no,"The results are approximately reproducible owing to a slight difference in the focal test statistic and therefore, the focal effect size and p-value. However, the results are 
in the same direction and would be interpreted in a similar manner i.e., green targets are perceived as more feminine as opposed to non-green targets. It is speculated that the differences in results could be arising from slight differences in the statistical model (as it is not clearly mentioned in the manuscript) or the statistical software/version of software used.",yes,165,223,precise,NA,NA,non-outcome,37.4,50.6,approximate,0.001,0.051000000000000004,precise,0.1615,0.2185,approximate,approximate,FALSE,FALSE,TRUE
9ey,69y31,9ey_mvny2k,69y31_178_1,Author Data Reproduction,194,194,NA,-0.5867,NA,NA,NA,NA,All outcomes meet the Precise Reproduction Criteria,no,"The reproduction attempt resulted in a negative beta (-.5867) however, a beta of 0.59 is reported in the original paper. As the direction of the results is to be considered important, the results are concluded to not be reproducible.",no,165,223,precise,0.5015,0.6785,not,NA,NA,non-outcome,NA,NA,non-outcome,NA,NA,non-outcome,not,FALSE,FALSE,FALSE
G4mp,67519,G4mp_single-trace,67519_179_1,Push Button Reproduction,8240,8240,0,0.2453831,NA,NA,NA,NA,All outcomes meet the precise reproduction criteria,yes,"Because of the limited precision I had available by interpreting the original focal coefficient from a visual graph using graphreader, the reproduction result of 0.245 is properly classified as precise reproduction. Rounding the result up to 0.25 would incorrectly place this result in the “approximate reproduction” category.",yes,7004,9476,precise,0.204,0.27599999999999997,approximate,NA,NA,non-outcome,NA,NA,non-outcome,NA,NA,non-outcome,approximate,TRUE,FALSE,TRUE
YpZZ,2kgyw,YpZZ_single-trace,2kgyw_180_1,Author Data Reproduction,155,155,0,NA,t,-5.115,NA,NA,All outcomes meet the Precise Reproduction Criteria,no,Reproduction of the single trace claim was unsuccessful possibly owing to the aforementioned discrepancies identified in data processing in Ku & Zaroff (2014).,no,132,178,precise,NA,NA,non-outcome,4.1395,5.6005,not,0.001,0.051000000000000004,precise,0.408,0.5519999999999999,non-outcome,not,FALSE,FALSE,FALSE
YpZZ,2kgyw,YpZZ_m7k461,2kgyw_181_1,Author Data Reproduction,155,155,0,0.894,NA,NA,NA,NA,All outcomes meet the Precise Reproduction Criteria,no,NA,no,132,178,precise,0.459,0.621,not,NA,NA,non-outcome,0.001,0.051000000000000004,precise,NA,NA,non-outcome,not,FALSE,FALSE,TRUE
3B4j,6zzok,3B4j_single-trace,6zzok_182_1,Author Data Reproduction,116,116,0,0.381,NA,NA,NA,NA,"We will conclude that the given claim reproduced if both, (1) the structural equation model that the claim/parameter is part of converges without an error and (2) if the given effect estimate will be within the 15% approximate reproduction bounds.",yes,"Although the result reproduced, in our reproduction, the model had a poor fit to the data. Some model fit issues were probably present in the original analysis too. NO convergence or model fit issues were explicitly mentioned in the paper, but such issues are obvious from the structural model (Figure 2), where two of the standardized regression paths are larger than 1, namely the path from Education Diversity to Complementary Demands – Abilities Fit (1.01) and the path from Transactive Memory Systems to Group Performance (1.56).",yes,99,133,precise,0.28900000000000003,0.391,approximate,NA,NA,non-outcome,0.001,0.051000000000000004,precise,NA,NA,non-outcome,approximate,FALSE,FALSE,TRUE
OeGv,2y3w2,OeGv_bnxon4,2y3w2_183_1,Push Button Reproduction,24,24,0.01,-18.733,NA,NA,NA,NA,All outcomes meet the precise reproduction criteria.,yes,"Note, originally the sample size was preregistered to be 39 based on the information provided in page 548 (“The democracy index is not available for 5 countries, but we classify 3 of these countries as strong democracies, giving us a sample of 33 strong democracies in total”); however, as the focal coefficient reproduced, we double checked the sample size and found that in Table5 it was confirmed to be 24. Therefore, we retrospectively changed the Original value in the table above.",yes,20,28,precise,-21.5395,-15.9205,precise,NA,NA,non-outcome,0,0.060000000000000005,precise,NA,NA,non-outcome,push button,FALSE,FALSE,TRUE
OeGv,2y3w2,OeGv_br469p,2y3w2_184_1,Push Button Reproduction,33,33,0.01,-22.73,NA,NA,NA,NA,All outcomes meet the precise reproduction criteria.,yes,NA,yes,28,38,precise,-26.1395,-19.3205,precise,NA,NA,non-outcome,0,0.060000000000000005,precise,NA,NA,non-outcome,push button,FALSE,FALSE,TRUE
OeGv,2y3w2,OeGv_gv8q78,2y3w2_185_1,Push Button Reproduction,33,33,0.01,-19.563,NA,NA,NA,NA,All outcomes meet the precise reproduction criteria.,yes,NA,yes,28,38,precise,-22.494,-16.626,precise,NA,NA,non-outcome,0,0.060000000000000005,precise,NA,NA,non-outcome,push button,FALSE,FALSE,TRUE
OeGv,2y3w2,OeGv_jp69y8,2y3w2_186_1,Push Button Reproduction,39,36,NA,-0.006,NA,NA,NA,NA,All outcomes meet the precise reproduction criteria.,no,"Based on these criteria, the claim did not reproduce. However, the focal values were within the approximate reproduction criteria. The sample size was assumed to be 39 based on the information provided in page 548 (“and classify the... 39 countries with a score of 0 to 8 as “weak” democracies”); however, the exact sample size used for computation was not mentioned in the manuscript, as Table 4 did not provide N.",yes,33,45,approximate,-0.0115,-0.0085,precise,NA,NA,non-outcome,NA,NA,non-outcome,NA,NA,non-outcome,approximate,FALSE,FALSE,TRUE
OeGv,2y3w2,OeGv_y6w8q7,2y3w2_187_1,Push Button Reproduction,39,39,NA,-3.879,NA,NA,NA,NA,All outcomes meet the precise reproduction criteria.,yes,NA,yes,33,45,precise,-4.462,-3.298,precise,NA,NA,non-outcome,NA,NA,non-outcome,NA,NA,non-outcome,push button,FALSE,FALSE,TRUE
OeGv,2y3w2,OeGv_8vrpd2,2y3w2_188_1,Push Button Reproduction,29,29,0.05,-19.492,NA,NA,NA,NA,All outcomes meet the precise reproduction criteria.,yes,NA,yes,25,33,precise,-22.4135,-16.5665,precise,NA,NA,non-outcome,0,0.1,precise,NA,NA,non-outcome,push button,FALSE,FALSE,TRUE
OeGv,241w6,OeGv_bnxon4,241w6_189_1,Source Data Reproduction,24,22,0.13,-3.118,NA,NA,NA,NA,All outcomes meet the precise reproduction criteria.,no,NA,no,20,28,approximate,-21.5395,-15.9205,not,NA,NA,non-outcome,0,0.060000000000000005,not,NA,NA,non-outcome,not,FALSE,FALSE,FALSE
OeGv,241w6,OeGv_br469p,241w6_190_1,Source Data Reproduction,33,23,0.010757,-13.7,NA,NA,NA,NA,All outcomes meet the precise reproduction criteria.,no,NA,no,28,38,not,-26.1395,-19.3205,not,NA,NA,non-outcome,0,0.060000000000000005,precise,NA,NA,non-outcome,not,FALSE,FALSE,FALSE
OeGv,241w6,OeGv_gv8q78,241w6_191_1,Source Data Reproduction,33,23,0.0538,-11.7,NA,NA,NA,NA,All outcomes meet the precise reproduction criteria.,no,NA,no,28,38,not,-22.494,-16.626,not,NA,NA,non-outcome,0,0.060000000000000005,approximate,NA,NA,non-outcome,not,FALSE,FALSE,FALSE
OeGv,241w6,OeGv_jp69y8,241w6_192_1,Source Data Reproduction,39,39,NA,0.2436,NA,NA,NA,NA,All outcomes meet the precise reproduction criteria.,no,NA,no,33,45,precise,-0.0115,-0.0085,not,NA,NA,non-outcome,NA,NA,non-outcome,NA,NA,non-outcome,not,FALSE,FALSE,FALSE
OeGv,241w6,OeGv_y6w8q7,241w6_193_1,Source Data Reproduction,39,39,NA,3.041,NA,NA,NA,NA,All outcomes meet the precise reproduction criteria.,no,NA,no,33,45,precise,-4.462,-3.298,not,NA,NA,non-outcome,NA,NA,non-outcome,NA,NA,non-outcome,not,FALSE,FALSE,FALSE
OeGv,241w6,OeGv_8vrpd2,241w6_194_1,Source Data Reproduction,29,18,0.3343,9.08,NA,NA,NA,NA,All outcomes meet the precise reproduction criteria.,no,NA,no,25,33,not,-22.4135,-16.5665,not,NA,NA,non-outcome,0,0.1,not,NA,NA,non-outcome,not,FALSE,FALSE,FALSE
qQ9Z,28z92,qQ9Z_single-trace,28z92_195_1,Source Data Reproduction,580,580,0.0191862,0.0457351,t,2.348987,NA,NA,"A successful reproduction will meet all criteria above following preregistered code. Analyst notes that precise replication of the focal coefficient and test statistic is unlikely, even if precisely following the original procedures and sample sizes, due to the use of multiple imputation without reporting of code and random seed for original imputation. As a result, since precise reproduction is impossible, I will be following the approximate reproduction criteria.",yes,"This attempt successfully reproduced the focal coefficient within the approximate reproduction tolerance range, but only by the narrowest margin. The likely limiters of precision in the final analysis include: - Reliance on subjective decisions to code textual responses for move type (reflected in smaller coefficients for both move types in reproduction), - Missing data (all cases) on age for the second version of the survey form, necessitating increased levels of imputation, - Potential differences in coding decisions related to race (exclusivity, order of coding preference) (reflected in different patterns of significance for other-race renters), - Unclear education data labels in original data (coded to missing in reproduction) (reflected in differences in significance for Less than High School education), - Missing lagged dependent variable (poverty rate in previous location) likely due to moves from out of state",yes,493,667,precise,0.045899999999999996,0.0621,approximate,NA,NA,non-outcome,0.05,0.1,precise,NA,NA,non-outcome,approximate,FALSE,FALSE,TRUE
5Awm,2wkk2,5Awm_single-trace,2wkk2_196_1,Source Data Reproduction,2835,2333,NA,3.64,NA,NA,NA,NA,"Decisive for the assessment if the results could be replicated are the following criteria: (1) sample size; (2) focal variable coefficient; (3) focal variable p-value. The claim has been reproduced if all approximate reproduction criteria are fulfilled. If one criterion is not fulfilled, the claim is assessed as not reproduced.",no,"In our opinion the most profound issue with the study conducted by Maluch at al. is the lack of transparency concerning the development of the “bilingual” variable. It was not possible for us to retrieve the same sample size for analysis. The retrieved sample size is not within the range of the approximate reproduction criteria and, therefore, the following regression results cannot be evaluated properly.",no,2410,3260,not,2.278,3.0820000000000003,not,NA,NA,non-outcome,0.01,0.060000000000000005,non-outcome,NA,NA,non-outcome,not,FALSE,FALSE,TRUE
zlm2,675wo,zlm2_single-trace,675wo_197_1,Author Data Reproduction,29,29,2.695e-6,NA,t,5.9083,cohen's d,2.2,"Only if all four outcomes simultaneously (sample size, p-value, test statistic, and effect size) will be within the predicted values (Precise Reproduction Criteria).",yes,"Reproduction outcome is dependent on the fact, whether I have successfully identified excluded participant. If different participant would be excluded, it would logically change the result. Thus, my analysis proved only the fact, that given the data provided by authors and excluding 1 of the two specific participants (assuming that just one of them was exactly the one excluded in the original study) it is possible to get the same results as provided in the article.",yes,25,33,precise,NA,NA,non-outcome,5.0235,6.7965,precise,0.001,0.051000000000000004,precise,1.87,2.5300000000000002,precise,precise,FALSE,FALSE,TRUE
eg1q,2w9oz,eg1q_single-trace,2w9oz_218_1,Author Data Reproduction,102,102,0.01617,NA,t,2.4466,NA,NA,"Only if all three outcomes simultaneously (sample size, p-value, and test statistic) will be within the predicted values (Precise Reproduction Criteria).",no,"Since the value of t statistic is not precisely the same as in the article, the resulted outcome is “did not reproduce”. The difference is however only very subtle, probably due to the different statistical software used by original authors. I want to add that mean in enjoyability of the program for commercial group was 5.377358 and for no commercial group was 4.469388 which coincides with means provided in the article (5.38 vs 4.47).",yes,87,117,precise,NA,NA,non-outcome,2.0655,2.7945,approximate,0,0.066,precise,NA,NA,non-outcome,approximate,FALSE,FALSE,TRUE
eg1q,2w9oz,eg1q_gpp38z,2w9oz_219_1,Author Data Reproduction,102,102,0.0482,NA,t,2.0001,NA,NA,"Only if all three outcomes simultaneously (sample size, p-value, and test statistic) will be within the predicted values (Precise Reproduction Criteria).",yes,"After rounding the values of p (0.0482 to  0.048) and t statistic (2.0001 to 2.00) the outcomes match the original values. I want to add that unadjusted mean in log transformed willingness to pay for commercial group was 5.42 and for no commercial group was 4.18, which coincides with means provided in the article (5.42 vs 4.18).",yes,87,117,precise,NA,NA,non-outcome,1.7,2.3,precise,0,0.098,precise,NA,NA,non-outcome,precise,FALSE,FALSE,TRUE
qg47,21gg2,qg47_single-trace,21gg2_220_1,Author Data Reproduction,1718,1918,1.596e-4,0.0064062,NA,NA,NA,NA,"For this claim, a successful reproduction attempt is a focal coefficient (the ordered probit model coefficient) within 15% accuracy of the original focal coefficient (approximate reproduction).",yes,NA,yes,1460,1976,approximate,0.00595,0.00805,approximate,NA,NA,non-outcome,0.05,0.1,precise,NA,NA,non-outcome,approximate,FALSE,FALSE,TRUE
AqDO,65z92,AqDO_single-trace,65z92_221_1,Source Data Reproduction,1064,756,0.010738,-0.012474,NA,NA,NA,NA,All outcomes meet the precise reproduction criteria,no,NA,no,904,1224,not,-0.0099705,-0.0073695,not,NA,NA,non-outcome,NA,NA,non-outcome,NA,NA,non-outcome,not,TRUE,FALSE,TRUE
AqDO,65z92,AqDO_21v1on,65z92_222_1,Source Data Reproduction,3145,2375,0.037451,-0.003843,NA,NA,NA,NA,All outcomes meet the precise reproduction criteria,no,NA,no,2673,3617,not,-0.0033925,-0.0025075,not,NA,NA,non-outcome,NA,NA,non-outcome,NA,NA,non-outcome,not,TRUE,FALSE,TRUE
AqDO,65z92,AqDO_ok8kxo,65z92_223_1,Source Data Reproduction,1064,756,0.010738,-0.012474,NA,NA,NA,NA,All outcomes meet the precise reproduction criteria,no,NA,no,904,1224,not,-0.0099705,-0.0073695,not,NA,NA,non-outcome,0.05,0.1,precise,NA,NA,non-outcome,not,TRUE,FALSE,FALSE
AqDO,65z92,AqDO_n3k3qz,65z92_224_1,Source Data Reproduction,1064,756,0.679964,-0.008094,NA,NA,NA,NA,All outcomes meet the precise reproduction criteria,no,NA,no,904,1224,not,0.029146500000000002,0.0394335,not,NA,NA,non-outcome,NA,NA,non-outcome,NA,NA,non-outcome,not,TRUE,FALSE,TRUE
AqDO,65z92,AqDO_dx1x5w,65z92_225_1,Source Data Reproduction,3145,2375,0.045464,0.021434,NA,NA,NA,NA,All outcomes meet the precise reproduction criteria,no,NA,no,2673,3617,not,0.0234855,0.0317745,not,NA,NA,non-outcome,0.05,0.1,precise,NA,NA,non-outcome,not,TRUE,FALSE,TRUE
AqDO,65z92,AqDO_8rlrky,65z92_226_1,Source Data Reproduction,1100,718,0.092186,0.003841,NA,NA,NA,NA,All outcomes meet the precise reproduction criteria,no,NA,no,935,1265,not,0.0053125,0.0071875,not,NA,NA,non-outcome,0.05,0.1,approximate,NA,NA,non-outcome,not,TRUE,FALSE,TRUE
0P4r,28884,0P4r_l8rjny,28884_227_1,Extended Push Button Reproduction,1206,1206,0,1.2,NA,NA,NA,NA,All outcomes meet the Precise Reproduction Criteria,yes,"The original code uses a time ratio transformation of coefficients, which is also reported in the log file of this reproduction attempt. However, for table 1 in the article, the estimates are reported as raw coefficients. Accordingly, I took the focal coefficient from the table produced by the reproduction code and the focal p-value from the output of the log file.",yes,1025,1387,precise,1.02,1.38,precise,NA,NA,non-outcome,0.01,0.060000000000000005,precise,NA,NA,non-outcome,precise,FALSE,FALSE,TRUE
0P4r,28884,0P4r_6rpyov,28884_228_1,Extended Push Button Reproduction,906,906,0.011,0.85,NA,NA,NA,NA,All outcomes meet the Precise Reproduction Criteria,yes,"The original code uses a time ratio transformation of coefficients, which is also reported in the log file of this reproduction attempt. However, for table 1 in the article, the estimates are reported as raw coefficients. Accordingly, I took the focal coefficient from the table produced by the reproduction code and the focal p-value from the output of the log file.",yes,770,1042,precise,0.7224999999999999,0.9775,precise,NA,NA,non-outcome,0.05,0.1,precise,NA,NA,non-outcome,precise,FALSE,FALSE,TRUE
0P4r,28884,0P4r_3n6yo5,28884_229_1,Extended Push Button Reproduction,906,906,0.003,0.93,NA,NA,NA,NA,All outcomes meet the Precise Reproduction Criteria,yes,"The original code uses a time ratio transformation of coefficients, which is also reported in the log file of this reproduction attempt. However, for table 1 in the article, the estimates are reported as raw coefficients. Accordingly, I took the focal coefficient from the table produced by the reproduction code and the focal p-value from the output of the log file.",yes,770,1042,precise,0.7905,1.0695000000000001,precise,NA,NA,non-outcome,0.01,0.060000000000000005,precise,NA,NA,non-outcome,precise,FALSE,FALSE,TRUE
0P4r,28884,0P4r_w7rjw7,28884_230_1,Extended Push Button Reproduction,906,906,0.012,0.87,NA,NA,NA,NA,All outcomes meet the Precise Reproduction Criteria,yes,"The original code uses a time ratio transformation of coefficients, which is also reported in the log file of this reproduction attempt. However, for table 1 in the article, the estimates are reported as raw coefficients. Accordingly, I took the focal coefficient from the table produced by the reproduction code and the focal p-value from the output of the log file.",yes,770,1042,precise,0.7395,1.0005,precise,NA,NA,non-outcome,0.05,0.1,precise,NA,NA,non-outcome,precise,FALSE,FALSE,FALSE
0P4r,28884,0P4r_1rz255,28884_231_1,Extended Push Button Reproduction,92,92,0.021,0.8611052,NA,NA,NA,NA,All outcomes meet the Precise Reproduction Criteria,yes,NA,yes,78,106,precise,0.731,0.989,precise,NA,NA,non-outcome,0.05,0.1,precise,NA,NA,non-outcome,precise,FALSE,FALSE,TRUE
0P4r,28884,0P4r_855y48,28884_232_1,Extended Push Button Reproduction,979,979,0.015,-0.4816155,NA,NA,NA,NA,All outcomes meet the Precise Reproduction Criteria,yes,NA,yes,832,1126,precise,-0.552,-0.408,precise,NA,NA,non-outcome,0.05,0.1,precise,NA,NA,non-outcome,precise,FALSE,FALSE,TRUE
0P4r,28884,0P4r_djjn3z,28884_233_1,Extended Push Button Reproduction,131,131,0.023,-1.123916,NA,NA,NA,NA,All outcomes meet the Precise Reproduction Criteria,yes,NA,yes,111,151,precise,-1.288,-0.952,precise,NA,NA,non-outcome,0.05,0.1,precise,NA,NA,non-outcome,precise,FALSE,FALSE,TRUE
0P4r,28884,0P4r_v998jj,28884_234_1,Extended Push Button Reproduction,131,131,0.017,1.397902,NA,NA,NA,NA,All outcomes meet the Precise Reproduction Criteria,yes,NA,yes,111,151,precise,1.19,1.6099999999999999,precise,NA,NA,non-outcome,0.05,0.1,precise,NA,NA,non-outcome,precise,FALSE,FALSE,TRUE
0P4r,28884,0P4r_rqq4wz,28884_235_1,Extended Push Button Reproduction,130,130,0.042,-1.090647,NA,NA,NA,NA,All outcomes meet the Precise Reproduction Criteria,yes,NA,yes,111,150,precise,-1.2535,-0.9265,precise,NA,NA,non-outcome,0.05,0.1,precise,NA,NA,non-outcome,precise,FALSE,FALSE,TRUE
2lb5,2g781,2lb5_6rzo5z,2g781_236_1,Push Button Reproduction,631,631,0,0.2248871,t,4.27,NA,NA,"Using ACT_MainPaperTables_REPLICATION.do file and ACT_IllLvlMainWithMalProbs_FINAL_pub.dta dataset, regressions presented in Table 2 willbe reproduced. Coefficient for B1 predictor, its standard error and significance directly answer claim 4. If their values meet the Precise Reproduction Criteria, reproduction will be treated as successful.",yes,NA,yes,536,726,precise,0.19125,0.25875000000000004,precise,NA,NA,non-outcome,0.001,0.051000000000000004,precise,NA,NA,non-outcome,push button,TRUE,FALSE,TRUE
2lb5,2g781,2lb5_pp9v4r,2g781_237_1,Push Button Reproduction,190,190,NA,NA,NA,NA,NA,NA,"Using ACT_MainPaperTables_REPLICATION.do file and three datasets (ACT_IllLvlMainWithMalProbs_FINAL_pub.dta, ACT_AllMain_FINAL_pub.dta and ACT_PharmLogPos_FINAL_pub.dta), data presented in Table 3 will be reproduced. If value of ACT 92 percent, no RDT meets the Precise Reproduction Criteria, reproduction will be treated as successful.",yes,NA,yes,162,219,precise,NA,NA,non-outcome,NA,NA,non-outcome,NA,NA,non-outcome,NA,NA,non-outcome,push button,TRUE,FALSE,TRUE
2lb5,2g781,2lb5_q7415p,2g781_238_1,Push Button Reproduction,190,190,0.022,0.1866197,t,2.32,NA,NA,"Using ACT_MainPaperTables_REPLICATION.do file on three datasets (ACT_IllLvlMainWithMalProbs_FINAL_pub.dta, ACT_AllMain_FINAL_pub.dta and ACT_PharmLogPos_FINAL_pub.dta), regressions presented in Table 3 will be reproduced. Coefficient for A predictor, its standard error and significance directly answer claim 4. If their values meet the Precise Reproduction Criteria, reproduction will be treated as successful.",yes,NA,yes,162,219,precise,0.15895,0.21505,precise,NA,NA,non-outcome,0.05,0.1,precise,NA,NA,non-outcome,push button,TRUE,FALSE,TRUE
2lb5,2g781,2lb5_437d94,2g781_239_1,Push Button Reproduction,984,984,0.315,0.0350833,t,1,NA,NA,"Using ACT_MainPaperTables_REPLICATION.do file and ACT_AllMain_FINAL_pub.dta dataset, regressions presented in Table 4 will be reproduced. If values of all primary and secondary outcomes meet the Precise Reproduction Criteria, reproduction will be treated as successful.",yes,NA,yes,836,1132,precise,0.029750000000000002,0.04025,precise,NA,NA,non-outcome,NA,NA,non-outcome,NA,NA,non-outcome,push button,TRUE,FALSE,TRUE
2lb5,2g781,2lb5_yrvox7,2g781_240_1,Push Button Reproduction,58,58,0.088,0.2563025,t,1.74,NA,NA,"Using ACT_MainPaperTables_REPLICATION.do file and ACT_AllMain_FINAL_pub.dta dataset, regressions presented in Table 4 will be reproduced. Coefficient for A predictor in the second condition in Panel B, its standard error and significance directly answer claim 4. If their values meet the Precise Reproduction Criteria, reproduction will be treated as successful.",yes,NA,yes,49,67,precise,NA,NA,non-outcome,NA,NA,non-outcome,0.1,0.15000000000000002,precise,0.21760000000000002,0.2944,non-outcome,push button,TRUE,FALSE,TRUE
2lb5,2g781,2lb5_8x1972,2g781_241_1,Push Button Reproduction,1776,1776,0.343,0.024569,t,0.95,NA,NA,"Using ACT_MainPaperTables_REPLICATION.do file and ACT_AllMain_FINAL_pub.dta dataset, regressions presented in Table 6 will be reproduced. Coefficient for RDT subsidy predictor in the two conditions/subsamples in Panel A and its standard error directly answer claim 4. If their values meet the Precise Reproduction Criteria, reproduction will be treated as successful.",yes,NA,yes,1510,2042,precise,0.02125,0.02875,precise,NA,NA,non-outcome,NA,NA,non-outcome,NA,NA,non-outcome,push button,TRUE,FALSE,TRUE
2lb5,2g781,2lb5_orvd1z,2g781_242_1,Push Button Reproduction,755,755,0.071,0.1265636,t,1.81,NA,NA,"Using ACT_MainPaperTables_REPLICATION.do file and ACT_AllMain_FINAL_pub.dta dataset, regressions presented in Table 6 will be reproduced. Coefficient for RDT subsidy × 92% ACT subsidy predictor in the second condition/subsamples in Panel B and standard error directly answer claim 4. If their valuesmeet the Precise Reproduction Criteria, reproduction will be treated as successful.",yes,NA,yes,642,868,precise,0.10795,0.14605,precise,NA,NA,non-outcome,0.1,0.15000000000000002,precise,NA,NA,non-outcome,push button,TRUE,FALSE,TRUE
2lb5,2g781,2lb5_nr51jj,2g781_243_1,Push Button Reproduction,687,687,0.036,0.0808175,t,2.1,NA,NA,"Using ACT_MainPaperTables_REPLICATION.do file and ACT_AllMain_FINAL_pub.dta dataset, regressions presented in Table 6 will be reproduced. Coefficient for RDT subsidy predictor in the third condition/subsample in Panel A, its standard error and p value directly answer claim 4. If their values meet the Precise Reproduction Criteria, reproduction will be treated as successful.",yes,NA,yes,584,790,precise,0.06885,0.09315,precise,NA,NA,non-outcome,0.05,0.1,precise,NA,NA,non-outcome,push button,TRUE,FALSE,TRUE
VBx1,6m31g,VBx1_single-trace,6m31g_244_1,Push Button Reproduction,192,192,0,-17.79899,z,-4.65,NA,NA,"Using the subject_data ready.dta dataset and data_analysis do-file, the Linear regression with bootstrapped standard errors presented in Table III will be reproduced. Coefficient for “Short-Stochastic” predictor, its standard error and p-value directly answer claim 4. If their values meet the Precise Reproduction Criteria, reproduction will be treated as successful.",yes,NA,yes,163,221,precise,-20.46885,-15.12915,precise,NA,NA,non-outcome,0.001,0.051000000000000004,precise,NA,NA,non-outcome,push button,TRUE,FALSE,TRUE
3WmY,675ko,3WmY_single-trace,675ko_245_1,Push Button Reproduction,174,174,0.049,0.13005,z,1.96,NA,NA,"Using the SANDERS_replication.dta dataset and “Replicate Models in Table 1 and 2” do-file, the Multilevel linear model (Restricted Maximum Likelihood, REML) presented in Table 2 will be reproduced. Coefficient for “Deliberative quality – level of justification” predictor, its standard error and p value directly answer claim 4. If their values meet the Precise Reproduction Criteria, reproduction will be treated as successful.",yes,NA,yes,148,200,precise,0.1105,0.1495,precise,NA,NA,non-outcome,0.05,0.1,precise,NA,NA,non-outcome,push button,TRUE,FALSE,TRUE
YabW,2y474,YabW_single-trace,2y474_246_1,Push Button Reproduction,54,54,0.016,NA,f,6.204,partial eta-squared,0.114,All outcomes meet the Precise Reproduction Criteria.,yes,NA,yes,46,62,precise,NA,NA,non-outcome,5.2700000000000005,7.13,precise,0,0.066,precise,0.0935,0.1265,precise,push button,FALSE,FALSE,TRUE
k7wj,2kgg8,k7wj_single-trace,2kgg8_247_1,Push Button Reproduction,14168,14168,0,2.524578,NA,NA,NA,NA,"precise reproduction of all outcomes (sample size, focal p-value, variable coefficient)",no,"Based on these criteria, the claim did not reproduce. It supports the “Approximate reproduction.”",yes,12043,16293,precise,2.1318,2.8842,approximate,NA,NA,non-outcome,0.001,0.051000000000000004,precise,NA,NA,non-outcome,approximate,TRUE,FALSE,TRUE
yJwG,2kgy8,yJwG_mjqwop,2kgy8_248_1,Author Data Reproduction,28,28,6.678e-5,NA,t,4.7079,cohen's d,0.8897051,"For this claim, a successful reproduction attempt is the focal test statistic (t) within 15% accuracy of the original focal test statistic (approximate reproduction).",yes,NA,yes,24,32,precise,NA,NA,non-outcome,4.0035,5.4165,precise,0.001,0.051000000000000004,precise,0.7565,1.0235,precise,precise,FALSE,FALSE,TRUE
yJwG,2kgy8,yJwG_g12xod,2kgy8_249_1,Author Data Reproduction,28,28,0.001539,NA,t,3.5231,cohen's d,0.6657997,"For this claim, a successful reproduction attempt is the focal test statistic (t) within 15% accuracy of the original focal test statistic (approximate reproduction).",yes,NA,yes,24,32,precise,NA,NA,non-outcome,2.992,4.048,precise,0,0.052000000000000005,precise,0.5695,0.7705000000000001,precise,precise,FALSE,FALSE,TRUE
yJwG,2kgy8,yJwG_g9l3pl,2kgy8_250_1,Author Data Reproduction,28,28,9.336e-6,NA,t,5.441,cohen's d,1.028245,"For this claim, a successful reproduction attempt is the focal test statistic (t) and the test startistic for the secondary outcome [1] both within 15% accuracy of their respective original test statistics (approximate reproduction).",yes,NA,yes,24,32,precise,NA,NA,non-outcome,4.6240000000000006,6.256,precise,0.001,0.051000000000000004,precise,0.8755000000000001,1.1845,precise,precise,TRUE,FALSE,TRUE
yJwG,2kgy8,yJwG_m4y9z9,2kgy8_251_1,Author Data Reproduction,28,28,2.538e-4,NA,t,4.2095,cohen's d,0.7955148,"For this claim, a successful reproduction attempt is the focal test statistic (t) and the test statistic for the secondary outcomes [1] and [2] all within 15% accuracy of their respective original test statistics (approximate reproduction).",yes,Note the correct sample size that should have been registered for this reproduction is 28 (not 29; see Analysis Attempt 1 notes),yes,24,32,precise,NA,NA,non-outcome,3.5785,4.8415,precise,0.001,0.051000000000000004,precise,0.68,0.92,precise,precise,TRUE,FALSE,TRUE
yJwG,2kgy8,yJwG_b574lj,2kgy8_252_1,Author Data Reproduction,25,25,1.257e-5,NA,t,5.4745,cohen's d,1.094891,"For this claim, a successful reproduction attempt is the focal test statistic (t) and the test startistic for the secondary outcomes [1] and [2] all within 15% accuracy of their respective original test statistics (approximate reproduction).",yes,NA,yes,21,29,precise,NA,NA,non-outcome,4.6495,6.2905,precise,0.001,0.051000000000000004,precise,0.9265000000000001,1.2535,precise,precise,TRUE,FALSE,TRUE
Q1dl,2w94o,Q1dl_bl5l8k,2w94o_253_1,Push Button Reproduction,485,446,NA,0.013,NA,NA,NA,NA,All outcomes meet the precise reproduction criteria.,no,"Focal coefficient was precisely reproduced, however the sample size was lower (446) than that noted in the manuscript (“In order to ascertain that participants’ contact with differently aged workers was being assessed, participants were split into two groups, 40 and younger (n = 485), and over 40 (n = 86).”). It should be noted that the number of participants analysed was clear from the degrees of freedom reported in subsequent analyses in the manuscript (e.g., “F(3, 442) = 5.20, p = .002, R2 = .03.”) howeverthe total n reported was nevertheless inconsistent.",yes,412,558,approximate,0.0085,0.0115,precise,NA,NA,non-outcome,NA,NA,non-outcome,NA,NA,non-outcome,approximate,FALSE,FALSE,TRUE
Q1dl,2w94o,Q1dl_m6knry,2w94o_254_1,Push Button Reproduction,485,446,0,0.322,NA,NA,NA,NA,All outcomes meet the precise reproduction criteria.,no,"Focal coefficient and p-value was precisely reproduced, however the sample size was lower (446) than that noted in the manuscript (“In order to ascertain that participants’ contact with differently aged workers was being assessed, participants were split into two groups, 40 and younger (n = 485), and over 40 (n = 86).”). It should be noted that the number of participants analysed was clear from the degrees of freedom reported in subsequent analyses in the manuscript (e.g., “F(3, 442) = 5.20, p = .002, R2 = .03.”) however the total n reported was nevertheless inconsistent.",yes,412,558,approximate,0.272,0.368,precise,NA,NA,non-outcome,0.001,0.051000000000000004,precise,NA,NA,non-outcome,approximate,FALSE,FALSE,TRUE
Q1dl,2w94o,Q1dl_g3k5n1,2w94o_255_1,Push Button Reproduction,86,81,0.015,0.337,t,2.49,NA,NA,All outcomes meet the precise reproduction criteria.,no,"Focal coefficient was precisely reproduced, however the sample size was lower (81) than that noted in the manuscript (“In order to ascertain that participants’ contact with differently aged workers was being assessed, participants were split into two groups, 40 and younger (n = 485), and over 40 (n = 86).”). It should be noted that the number of participants analysed was clear from the degrees of freedom reported in subsequent analyses in the manuscript (e.g., “F(3, 77) = .66, p = .58, R2 = .03”) however the total n reported was nevertheless inconsistent.",yes,73,99,approximate,0.28900000000000003,0.391,precise,NA,NA,non-outcome,0.05,0.1,precise,NA,NA,non-outcome,approximate,FALSE,FALSE,TRUE
Q1dl,2w94o,Q1dl_gw6n71,2w94o_256_1,Push Button Reproduction,86,81,NA,0.159,NA,NA,NA,NA,All outcomes meet the precise reproduction criteria.,no,"Focal coefficient was precisely reproduced, however the sample size was lower (81) than that noted in the manuscript (“In order to ascertain that participants’ contact with differently aged workers was being assessed, participants were split into two groups, 40 and younger (n = 485), and over 40 (n = 86).”). It should be noted that the number of participants analysed was clear from the degrees of freedom reported in subsequent analyses in the manuscript (e.g., “F(3, 77) = .66, p = .58, R2 = .03”) however the total n reported was nevertheless inconsistent.",yes,73,99,approximate,0.136,0.184,precise,NA,NA,non-outcome,NA,NA,non-outcome,NA,NA,non-outcome,approximate,FALSE,FALSE,TRUE
Q1dl,2w94o,Q1dl_gp2opq,2w94o_257_1,Push Button Reproduction,86,81,NA,-0.131,NA,NA,NA,NA,All outcomes meet the precise reproduction criteria,no,"Focal coefficient was precisely reproduced, however the sample size was lower (81) than that noted in the manuscript (“In order to ascertain that participants’ contact with differently aged workers was being assessed, participants were split into two groups, 40 and younger (n = 485), and over 40 (n = 86).”). It should be noted that the number of participants analysed was clear from the degrees of freedom reported in subsequent analyses in the manuscript (e.g., “F(3, 77) = .66, p = .58, R2 = .03”) however the total n reported was nevertheless inconsistent.",yes,73,99,approximate,-0.1495,-0.1105,precise,NA,NA,non-outcome,NA,NA,non-outcome,NA,NA,non-outcome,approximate,FALSE,FALSE,TRUE
Q1dl,2w94o,Q1dl_mqjo7r,2w94o_258_1,Push Button Reproduction,485,446,0,NA,f,37.954,NA,NA,All outcomes meet the precise reproduction criteria.,no,"Focal coefficient, test statistic and p-value was precisely reproduced, however the sample size was lower (446) than that noted in the manuscript (“In order to ascertain 
that participants’ contact with differently aged workers was being assessed, participants were split into two groups, 40 and younger (n = 485), and over 40 (n = 86).”). It should be noted that the number of participants analysed was clear from the degrees of freedom reported in subsequent analyses in the manuscript (e.g., “F(3, 442) = 5.20, p = .002, R2 = .03.”) however the total n reported was nevertheless inconsistent.",yes,412,558,approximate,NA,NA,non-outcome,32.2575,43.642500000000005,precise,0.001,0.051000000000000004,precise,NA,NA,non-outcome,approximate,TRUE,FALSE,TRUE
Q1dl,2w94o,Q1dl_bx3d65,2w94o_259_1,Push Button Reproduction,86,81,0.015,NA,f,6.202,NA,NA,All outcomes meet the precise reproduction criteria,no,"Focal test statistic and secondary reproduction criteria were precisely reproduced, however the sample size was lower (81) than that noted in the manuscript 
(“In order to ascertain that participants’ contact with differently aged workers was being assessed, participants were split into two groups, 40 and younger (n = 485), and over 40 (n= 86).”). It should be noted that the number of participants analysed was clear from the degrees of freedom reported in subsequent analyses in the manuscript (e.g., “F(3, 77) = .66,p = .58, R2 = .03”) however the total n reported was nevertheless inconsistent. Furthermore, potential inconsistency was noted in reporting of the p-value where <.015 was reported but an exact value of .015 was reproduced. This is only potentially problematic due to the limited decimal places reported, and did not effect the reproduction outcome due to the sample size inconsistency.",yes,73,99,approximate,NA,NA,non-outcome,5.2700000000000005,7.13,precise,0.015,0.065,approximate,NA,NA,non-outcome,approximate,TRUE,FALSE,TRUE
PVQK,69y19,PVQK_single-trace,69y19_260_1,Push Button Reproduction,4386,4352,0.034,-0.0591,NA,NA,NA,NA,"The main outcome is the log price of housing. The estimation will be a triple difference based on time, treatment and a dummy for whether the block was in the city center. The Focal variable coefficient and Significance level must meet the PreciseReproduction Criteria for the replication to be considered successful.",no,"The reproduction coefficients are not exactly the same as in the paper, but are close. In hindsight, while the claim is not precisely reproduced, it can be relatively safely assumed that the author’s result is robust to reproduction.",yes,3728,5044,approximate,-0.0667,-0.0493,approximate,NA,NA,non-outcome,0.05,0.1,precise,NA,NA,non-outcome,approximate,TRUE,FALSE,TRUE
VDJV,6z582,VDJV_g45oy6,6z582_261_1,Push Button Reproduction,116,116,NA,NA,NA,NA,NA,NA,That all criteria meet Precise Reproduction Criteria.,yes,NA,yes,99,133,precise,NA,NA,non-outcome,NA,NA,non-outcome,NA,NA,non-outcome,NA,NA,non-outcome,push button,TRUE,FALSE,TRUE
VDJV,6z582,VDJV_m5yd7w,6z582_262_1,Push Button Reproduction,113,113,NA,NA,NA,NA,NA,NA,That all criteria meet Precise Reproduction Criteria.,yes,NA,yes,96,130,precise,NA,NA,non-outcome,NA,NA,non-outcome,NA,NA,non-outcome,NA,NA,non-outcome,push button,TRUE,FALSE,TRUE
VDJV,6z582,VDJV_my1z9y,6z582_263_1,Push Button Reproduction,128,128,NA,NA,NA,NA,NA,NA,That all criteria meet Precise Reproduction Criteria.,yes,NA,yes,109,147,precise,NA,NA,non-outcome,NA,NA,non-outcome,NA,NA,non-outcome,NA,NA,non-outcome,push button,TRUE,FALSE,TRUE
VDJV,6z582,VDJV_m8o6zo,6z582_264_1,Push Button Reproduction,116,116,NA,NA,NA,NA,NA,NA,That all criteria meet Precise Reproduction Criteria,yes,NA,yes,99,133,precise,NA,NA,non-outcome,NA,NA,non-outcome,NA,NA,non-outcome,NA,NA,non-outcome,push button,FALSE,FALSE,TRUE
VDJV,6z582,VDJV_bon6z7,6z582_265_1,Push Button Reproduction,113,113,NA,NA,NA,NA,NA,NA,That all criteria meet Precise Reproduction Criteria.,yes,NA,yes,96,130,precise,NA,NA,non-outcome,NA,NA,non-outcome,NA,NA,non-outcome,NA,NA,non-outcome,push button,TRUE,FALSE,TRUE
VDJV,6z582,VDJV_bnoz9x,6z582_266_1,Push Button Reproduction,128,128,NA,NA,NA,NA,NA,NA,That all criteria meet Precise Reproduction Criteria.,yes,NA,yes,109,147,precise,NA,NA,non-outcome,NA,NA,non-outcome,NA,NA,non-outcome,NA,NA,non-outcome,push button,TRUE,FALSE,TRUE
VDJV,6z582,VDJV_b295y6,6z582_267_1,Push Button Reproduction,211,211,0.034,0.148415,NA,NA,NA,NA,"Based on these criteria, the claim did reproduce.",yes,NA,yes,179,243,precise,0.1258,0.1702,precise,NA,NA,non-outcome,0.05,0.1,precise,NA,NA,non-outcome,push button,FALSE,FALSE,TRUE
zb3Y,67539,zb3Y_mknxyd,67539_268_1,Source Data Reproduction,NA,NA,1.39e-5,0.114,t,4.35,NA,NA,"Because not all covariates are available in the reproduction dataset (which will likely impact the coefficient estimates), the claim will be considered reproducible if it meets the approximate reproduction criteria for the p-value and the focal coefficient is of the same sign (i.e., a positive coefficient estimate).",yes,NA,yes,NA,NA,non-outcome,0.068,0.092,not,3.4085,4.6114999999999995,approximate,0.001,0.051000000000000004,precise,NA,NA,non-outcome,not,FALSE,FALSE,TRUE
zb3Y,67539,zb3Y_m73y84,67539_269_1,Source Data Reproduction,NA,NA,5.86e-10,0.0476,t,6.2,NA,NA,"Because not all covariates are available in the reproduction dataset (which will likely impact the coefficient estimates), the claim will be considered reproducible if it meets the approximate reproduction criteria for the p-value and the focal coefficient is of the same sign (i.e., a positive coefficient estimate).",yes,NA,yes,NA,NA,non-outcome,0.11900000000000001,0.161,not,6.281499999999999,8.4985,not,0.001,0.051000000000000004,precise,NA,NA,non-outcome,not,FALSE,FALSE,TRUE
zb3Y,67539,zb3Y_bzyz9k,67539_270_1,Source Data Reproduction,NA,NA,1.72e-7,0.138,t,5.23,NA,NA,"Because not all covariates are available in the reproduction dataset (which will likely impact the coefficient estimates), the claim will be considered reproducible if it meets the approximate reproduction criteria for the p-value and the focal coefficient is of the same sign (i.e., a positive coefficient estimate).",yes,NA,yes,NA,NA,non-outcome,0.14450000000000002,0.1955,not,8.84,11.96,not,0.001,0.051000000000000004,precise,NA,NA,non-outcome,not,FALSE,FALSE,TRUE
zb3Y,67539,zb3Y_gl7j22,67539_271_1,Source Data Reproduction,NA,NA,0.00518,0.0216,t,2.8,NA,NA,"Because not all covariates are available in the reproduction dataset (which will likely impact the coefficient estimates), the claim will be considered reproducible if it meets the approximate reproduction criteria for the p-value and the focal coefficient is of the same sign (i.e., a positive coefficient estimate).",yes,NA,yes,NA,NA,non-outcome,0.136,0.184,not,8.279,11.201,not,0.001,0.051000000000000004,approximate,NA,NA,non-outcome,not,FALSE,FALSE,TRUE
zb3Y,67539,zb3Y_b66y26,67539_272_1,Source Data Reproduction,NA,NA,0.0224,0.129,t,2.3,NA,NA,"Because not all covariates are available in the reproduction dataset (which will likely impact the coefficient estimates), the claim will be considered reproducible if it meets the approximate reproduction criteria for the p-value and the focal coefficient is of the same sign (i.e., a positive coefficient estimate).",yes,NA,yes,NA,NA,non-outcome,0.2635,0.3565,not,3.264,4.4159999999999995,not,0.001,0.051000000000000004,approximate,NA,NA,non-outcome,not,FALSE,FALSE,TRUE
zb3Y,67539,zb3Y_m3dy4j,67539_273_1,Source Data Reproduction,NA,NA,4.23e-11,0.165,t,6.6,NA,NA,"Because not all covariates are available in the reproduction dataset (which will likely impact the coefficient estimates), the claim will be considered reproducible if it meets the approximate reproduction criteria for the p-value and the focal coefficient is of the same sign (i.e., a positive coefficient estimate).",yes,NA,yes,NA,NA,non-outcome,0.187,0.253,not,15.784500000000001,21.3555,not,0.001,0.051000000000000004,precise,NA,NA,non-outcome,not,FALSE,FALSE,TRUE
zb3Y,67539,zb3Y_mw9jx3,67539_274_1,Source Data Reproduction,NA,NA,5.35e-207,0.226,t,30.9,NA,NA,"Because not all covariates are available in the reproduction dataset (which will likely impact the coefficient estimates), the claim will be considered reproducible if it meets the approximate reproduction criteria for the p-value and the focal coefficient is of the same sign (i.e., a positive coefficient estimate).",yes,NA,yes,NA,NA,non-outcome,0.2975,0.40249999999999997,not,27.438000000000002,37.122,approximate,0.001,0.051000000000000004,precise,NA,NA,non-outcome,not,FALSE,FALSE,TRUE
AXBY,2w9ko,AXBY_single-trace,2w9ko_275_1,Source Data Reproduction,1156,907,0.010529506,1.380207734,NA,NA,odds ratio,3.975727,All outcomes meet the Precise Reproduction Criteria,no,"Of the outcomes, the sample size did not meet approximate reproduction criteria, the focal unstandardized regression coefficient and the focal effect size meet approximate reproduction criteria, and the p-value meets precise reproduction criteria. The lack of reproduction of the sample size results from both the deviation from the original in the selection of the analytic sample, as well as the imputation strategy, whose description only mentioned imputation of three variables with the highest share of missing values.The lack of precise reproduction of the focal coefficient and effect size are due to the mismatch in the sample size, as well as deviations between the reconstructed variables in the reproduction from those in the original analysis – this is due to the inability to precisely reproduce the variables with the information provided in the article.",no,983,1329,not,1.1305,1.5295,approximate,NA,NA,non-outcome,0.05,0.1,precise,NA,NA,non-outcome,not,FALSE,FALSE,TRUE
BrGp,24783,BrGp_blv93q,24783_276_1,Source Data Reproduction,NA,NA,1.5e-4,1.72,t,5.44,NA,NA,The claim will be considered reproducible if Egger’s regression test for funnel plot asymmetry meets the approximate reproduction criteria for the test statistic (4.61 ≤ t ≤ 6.23) and the precise reproduction criteria for the p-value (p < .001).,yes,NA,yes,NA,NA,non-outcome,NA,NA,non-outcome,4.607,6.233,approximate,0.001,0.051000000000000004,precise,NA,NA,non-outcome,approximate,FALSE,FALSE,FALSE
BrGp,24783,BrGp_g3ov8l,24783_277_1,Source Data Reproduction,NA,NA,0.0871,3.49,t,1.8,NA,NA,"The claim will be considered reproducible if Egger’s regression test for funnel plot asymmetry meets the approximate reproduction criteria for the test statistic (1.61 ≤ t ≤ 2.17), and the p-value (.022 ≤ p ≤ .122).",yes,NA,yes,NA,NA,non-outcome,NA,NA,non-outcome,1.6065,2.1734999999999998,approximate,0.021999999999999992,0.122,approximate,NA,NA,non-outcome,approximate,FALSE,FALSE,FALSE
BrGp,24783,BrGp_gww8qr,24783_278_1,Source Data Reproduction,99,96,NA,NA,NA,NA,NA,NA,"The claim will be considered reproducible if a reproduction of Figure 1 will (1) meet the approximate reproduction criteria for sample size (85 ≤ n ≤ 144) and (2) lead to the same qualitative conclusion: a close alignment of effect sizes with the border of significance (i.e., statistically significant effects are packed together immediately adjacent to the grey contour representing statistical significance).",yes,NA,yes,84,114,approximate,NA,NA,non-outcome,NA,NA,non-outcome,NA,NA,non-outcome,NA,NA,non-outcome,approximate,FALSE,FALSE,FALSE
zmYY,2w9mo,zmYY_g82z5k,2w9mo_279_1,Source Data Reproduction,813,826,8.120623e-5,0.476924746,NA,NA,NA,NA,"The claim will be considered reproducible if a generalized mixed model predicting the log odds of arrest meets the approximate reproduction criteria for the sample size, p-value, and the focal coefficient of divorce.",yes,NA,yes,691,935,approximate,0.3553,0.48069999999999996,approximate,NA,NA,non-outcome,0.001,0.051000000000000004,precise,NA,NA,non-outcome,approximate,FALSE,FALSE,TRUE
zmYY,2w9mo,zmYY_moyz3d,2w9mo_280_1,Source Data Reproduction,430,453,0.00562246,0.48170489,NA,NA,NA,NA,"The claim will be considered reproducible if a generalized mixed model predicting the log odds of arrest meets the approximate reproduction criteria for the sample sizes of models 1, 2, 3, and 4, the approximate reproduction criteria for the coefficients of divorce for models 3 and 4, the approximate reproduction criteria for the p value of model 4, and the precise reproduction criteria for the p-values of models 1 and 2 (p > .05).",yes,NA,yes,366,495,approximate,0.44370000000000004,0.6003000000000001,approximate,NA,NA,non-outcome,0.001,0.051000000000000004,approximate,NA,NA,non-outcome,approximate,TRUE,FALSE,TRUE
amYY,235w2,amYY_mk1lqr,235w2_281_1,Push Button Reproduction,106,106,NA,NA,NA,NA,NA,NA,All outcomes meet the precise reproduction criteria.,yes,The precise reproduction criteria was met. The results showed that 24.53% ofthe total sample chose all 10 dominant lotteries (Mode=10).,yes,90,122,precise,NA,NA,non-outcome,NA,NA,non-outcome,NA,NA,non-outcome,NA,NA,non-outcome,push button,TRUE,FALSE,TRUE
amYY,235w2,amYY_m7vpjd,235w2_282_1,Push Button Reproduction,79,79,NA,NA,NA,NA,NA,NA,All outcomes meet the precise reproduction criteria.,yes,The precise reproduction criteria was met. The results showed that 31.65% of the risk averse sample chose all 10 dominant lotteries (Mode=10).,yes,67,91,precise,NA,NA,non-outcome,NA,NA,non-outcome,NA,NA,non-outcome,NA,NA,non-outcome,push button,TRUE,FALSE,TRUE
amYY,235w2,amYY_bzp733,235w2_283_1,Push Button Reproduction,33,33,NA,NA,NA,NA,NA,NA,All outcomes meet the precise reproduction criteria.,yes,The precise reproduction criteria was met. The results showed that 48.48% of the high risk averse sample chose all 10 dominant lotteries (Mode=10).,yes,28,38,precise,NA,NA,non-outcome,NA,NA,non-outcome,NA,NA,non-outcome,NA,NA,non-outcome,push button,TRUE,FALSE,TRUE
amYY,235w2,amYY_glo6xk,235w2_284_1,Extended Push Button Reproduction,79,79,NA,NA,NA,NA,NA,NA,All outcomes meet the precise reproduction criteria.,yes,The precise reproduction criteria was met. The results showed that the error rate for each decision was lower for high risk aversion participants as compared to low risk aversion participants.,yes,67,91,precise,NA,NA,non-outcome,NA,NA,non-outcome,NA,NA,non-outcome,NA,NA,non-outcome,precise,TRUE,FALSE,TRUE
amYY,235w2,amYY_b65wxy,235w2_285_1,Push Button Reproduction,79,79,0,-0.4625,NA,NA,NA,NA,All outcomes meet the precise reproduction criteria.,yes,"The precise reproduction criteria was met. The Pearson correlation coefficient indicates a negative relationship between risk aversion and decision error (r= -0.4625, p= 0.0000).",yes,67,91,precise,-0.531875,-0.393125,precise,NA,NA,non-outcome,0,0.05,precise,NA,NA,non-outcome,push button,FALSE,FALSE,TRUE
amYY,235w2,amYY_m3zlw1,235w2_286_1,Push Button Reproduction,79,79,1e-4,-0.4361,NA,NA,NA,NA,All outcomes meet the precise reproduction criteria.,yes,"The precise reproduction criteria was met. The Spearman’s rho indicates a negative relationship between risk aversion and decision error   = -0.4361, p= 0.0001).",yes,67,91,precise,-0.501515,-0.370685,precise,NA,NA,non-outcome,0,0.050100000000000006,precise,NA,NA,non-outcome,push button,FALSE,FALSE,TRUE
AQgj,6m3zm,AQgj_mko63d,6m3zm_287_1,Push Button Reproduction,195,195,0.011,-0.5782999,t,2.95,NA,NA,"Using the party dataset file and party_dofile, the OLS regression will be reproduced. OLS coefficients for “Minority from communist federal center” and “Other minority” directly answer claim 4. If their values meet Precise Reproduction Criteria, reproduction will be treated as successful.",yes,NA,yes,166,224,precise,-0.667,-0.493,precise,NA,NA,non-outcome,0.05,0.1,precise,NA,NA,non-outcome,push button,TRUE,FALSE,TRUE
AQgj,6m3zm,AQgj_m7zdw4,6m3zm_288_1,Push Button Reproduction,2471,2471,0,-1.178965,t,-11.74,NA,NA,"Using the ZA4054.dta dataset and individual_dofile, the OLS regression presented in Table 1 will be reproduced. OLS coefficients for “Minority from Federal Center” and “Other minority” directly answer claim 4. If their values meet Precise Reproduction Criteria, reproduction will be treated as successful.",yes,NA,yes,2100,2842,precise,-1.35585,-1.00215,precise,NA,NA,non-outcome,0.01,0.060000000000000005,precise,NA,NA,non-outcome,push button,TRUE,FALSE,TRUE
AQgj,6m3zm,AQgj_bz6lwk,6m3zm_289_1,Push Button Reproduction,2930,2930,0,0.184484,t,4.64,NA,NA,"Using the ZA4054.dta dataset and individual_dofile, the OLS regression presented in Table will be reproduced. OLS coefficients for “Minority from Federal Center” and “Other minority” directly answer claim 4. If their values meet Precise Reproduction Criteria, reproduction will be treated as successful.",yes,NA,yes,2491,3370,precise,0.15639999999999998,0.2116,precise,NA,NA,non-outcome,0.01,0.060000000000000005,precise,NA,NA,non-outcome,push button,TRUE,FALSE,TRUE
AQgj,6m3zm,AQgj_b6v8n6,6m3zm_290_1,Extended Push Button Reproduction,NA,NA,0,NA,t,10.597,NA,NA,"The analysis must be reconstructed. Due to the limited pieces of information that are given in the paper, the success of the reproduction must be decided bythe t-test significance only (p values) and the relative position/orderings of the groups’ means on the main dependent variable. If these values meet Precise Reproduction Criteria, reproduction will be treated as successful.",yes,NA,yes,NA,NA,non-outcome,NA,NA,non-outcome,NA,NA,non-outcome,0.05,0.1,precise,NA,NA,non-outcome,precise,TRUE,FALSE,TRUE
AQgj,6m3zm,AQgj_mpwxow,6m3zm_291_1,Extended Push Button Reproduction,NA,NA,0.01,NA,t,-2.593,NA,NA,"The analysis must be reconstructed. Due to the minimal pieces of information that are given in the paper, the success of the reproduction must be decided by the t-test significance only (p values) and the relative position/orderings of the groups’ means on the main dependent variable. If these values meet Precise Reproduction Criteria, reproduction will be treated as successful.",yes,NA,yes,NA,NA,non-outcome,NA,NA,non-outcome,NA,NA,non-outcome,0.05,0.1,precise,NA,NA,non-outcome,precise,TRUE,FALSE,TRUE
AQgj,6m3zm,AQgj_nn69kl,6m3zm_292_1,Extended Push Button Reproduction,NA,NA,0,NA,t,19.217,NA,NA,"The analysis must be reconstructed. Due to the minimal pieces of information that are given in the paper, the success of the reproduction must be decided by the t-test significance only (p values) and the relative position/orderings of the groups’ means on the main dependent variable. If these values meet Precise Reproduction Criteria, reproduction will be treated as successful.",yes,NA,yes,NA,NA,non-outcome,NA,NA,non-outcome,NA,NA,non-outcome,0.05,0.1,precise,NA,NA,non-outcome,precise,TRUE,FALSE,TRUE
xYbO,67442,xYbO_m63jjk,67442_293_1,Push Button Reproduction,603,603,0,NA,f,81.62,partial eta-squared,0.12,All outcomes need to meet the precise reproduction criteria.,yes,NA,yes,513,693,precise,NA,NA,non-outcome,69.37700000000001,93.863,precise,0.001,0.051000000000000004,precise,0.102,0.13799999999999998,precise,push button,FALSE,FALSE,TRUE
xYbO,67442,xYbO_gwl88w,67442_294_1,Push Button Reproduction,366,366,0.002,NA,f,6.17,partial eta-squared,0.033,All outcomes need to meet the precise reproduction criteria.,yes,NA,yes,311,421,precise,NA,NA,non-outcome,5.2445,7.0954999999999995,precise,0,0.052000000000000005,precise,0.0255,0.034499999999999996,precise,push button,FALSE,FALSE,TRUE
xYbO,67442,xYbO_blw99o,67442_295_1,Author Data Reproduction,142,142,0.006,NA,f,2.57,cohen's d,0.43,All outcomes need to meet the precise reproduction criteria.,no,"This is an approximate reproduction. In contrast with the others, this claim was not reproduced using the script provided by the authors. The authors did not provide the syntax for this analysis. They have done the analysis manually. I wrote a script in SPSS for running this analysis. The script is provided in the syntax document.Cohen’s d is calculated manually using the following formula: Cohen'sd= (M2-M1)⁄SD pooledOne tailed t-tests were conducted.",yes,121,163,precise,NA,NA,non-outcome,2.091,2.8289999999999997,approximate,0,0.060000000000000005,precise,0.3485,0.4715,approximate,approximate,FALSE,FALSE,TRUE
xYbO,67442,xYbO_4knqr8,67442_296_1,Author Data Reproduction,114,114,0.081,NA,f,1.41,cohen's d,0.26,All outcomes need to meet the precise reproduction criteria.,no,"In contrast with the others, this claim was not reproduced using the script provided by the authors. The authors did not provide the syntax for this analysis. They have done the analysis manually. I wrote a script in SPSS for running this analysis. The script is provided in the syntax document.Cohen’s d is calculated manually using the following formula: Cohen'sd= (M2-M1)⁄SD pooledOne tailed t-tests were conducted.",no,97,131,precise,NA,NA,non-outcome,1.615,2.185,not,0,0.08,approximate,0.306,0.414,not,not,FALSE,FALSE,TRUE
xYbO,67442,xYbO_gjrjjk,67442_297_1,Push Button Reproduction,372,372,0.087,NA,f,2.46,partial eta-squared,0.013,All outcomes need to meet the precise reproduction criteria.,yes,NA,yes,316,428,precise,NA,NA,non-outcome,2.091,2.8289999999999997,precise,0.039999999999999994,0.14,precise,0.0085,0.0115,precise,push button,FALSE,FALSE,TRUE
5PyD,2k4w6,5PyD_pp36jq,2k4w6_298_1,Push Button Reproduction,101,101,NA,NA,NA,NA,NA,NA,The reproduction will be considered a success if and only if all outcomes meet their associated precise reproduction criterion.,yes,"A majority of the subjects (61 of 101, 60.396039604%) preferred to have uncertainty resolved early and chose the first lottery. This can be directly verified via a count of the entries in STATA_data.xlsx, column H (choice).",yes,86,116,precise,NA,NA,non-outcome,NA,NA,non-outcome,NA,NA,non-outcome,NA,NA,non-outcome,push button,TRUE,FALSE,TRUE
5PyD,2k4w6,5PyD_q7w3nr,2k4w6_299_1,Push Button Reproduction,101,101,NA,NA,NA,NA,NA,NA,The reproduction will be considered a success if and only if all outcomes meet their associated precise reproduction criterion.,no,"Of the 101 participants, 70 were classified as having the third or fourth type according to the data in the experimenter-provided STATA_data.xlsx, which comes to 69.306930693%. Notably, when I add the numbers directly from Table 4 in the paper (0.407 and 0.288), I get 69.5%, which doesn’t match either my recomputed value or the value reported in the main text of the paper. I further note that the value meets the approximate reproduction criterion.",no,86,116,precise,NA,NA,non-outcome,NA,NA,non-outcome,NA,NA,non-outcome,NA,NA,non-outcome,push button,TRUE,FALSE,TRUE
5PyD,2k4w6,5PyD_x64975,2k4w6_300_1,Author Data Reproduction,101,101,0.065,0.2008457,t,1.86,NA,NA,The reproduction will be considered a success if and only if all outcomes meet their associated precise reproduction criterion.,yes,"The value 0.2008457 can be found directly in the output of the script and, when rounded to three places after the decimal point, reproduces the precise reproduction criterion exactly.",yes,86,116,precise,0.17085,0.23115000000000002,precise,NA,NA,non-outcome,0.1,0.15000000000000002,precise,NA,NA,non-outcome,precise,TRUE,FALSE,TRUE
5PyD,2k4w6,5PyD_j6o1rx,2k4w6_301_1,Author Data Reproduction,101,101,0,0.5072804,z,36.21,NA,NA,The reproduction will be considered a success if and only if all outcomes meet their associated precise reproduction criterion.,yes,"The values can be read directly from the table output by the script. The given p-value is given to only 3 places after the decimal (“0.000”) and so obtaining the precise p-value would require modifying the script. However, the value that is output is enough to confirm the stated reproduction criterion under the assumption that “significant at the 1% level” means “significant at the 1% level or lower”.",yes,86,116,precise,0.43095,0.58305,precise,NA,NA,non-outcome,0.01,0.060000000000000005,precise,NA,NA,non-outcome,precise,TRUE,FALSE,FALSE
yjkQ,6oww3,yjkQ_single-trace,6oww3_302_1,Push Button Reproduction,2216,2216,8.85e-6,0.556577,z,4.444,NA,NA,"Precise reproduction of p-value and coefficient. As a secondary outcome, approximate reproduction of the standard error within 15% precision.",yes,Reproduction was precise after accounting for rounding differences.,yes,1884,2548,precise,0.47345000000000004,0.6405500000000001,precise,NA,NA,non-outcome,0.05,0.1,precise,NA,NA,non-outcome,push button,TRUE,FALSE,TRUE
qggQ,2g7gy,qggQ_single-trace,2g7gy_303_1,Author Data Reproduction,1728,1728,0.012,1.84559,z,2.511895,NA,NA,"To assess whether or not the claim reproduced, the results of the ordered logit regression analysis and the obtained odds ratios were inspected. The value of odds ratio for the specific predictor variable (‘opposition voter who knows Golos’) and its 95% CI directly answer the question of reproduction so we were exclusively focused on them. If the odds ratio and 95% CI meet the Approximate Reproduction Criteria, this will be treated as a reproduction success.",yes,NA,yes,1469,1987,precise,NA,NA,non-outcome,NA,NA,non-outcome,0.05,0.1,precise,NA,NA,non-outcome,precise,TRUE,FALSE,TRUE
Gv3O,65996,Gv3O_q73v5y,65996_304_1,Push Button Reproduction,1861,1861,0.027,0.1047457,t,2.21,NA,NA,Outcomes all fall within the “approximate reproduction criteria.”,yes,NA,yes,1582,2140,precise,0.08925,0.12075,precise,NA,NA,non-outcome,NA,NA,non-outcome,NA,NA,non-outcome,push button,TRUE,FALSE,TRUE
Gv3O,65996,Gv3O_j61p8w,65996_305_1,Push Button Reproduction,1861,1861,NA,0.0973738,NA,NA,NA,NA,Outcomes all fall within the “approximate reproduction criteria.”,yes,NA,yes,1582,2140,precise,0.08245,0.11155000000000001,precise,NA,NA,non-outcome,NA,NA,non-outcome,NA,NA,non-outcome,push button,TRUE,FALSE,TRUE
Gv3O,65996,Gv3O_5ojq61,65996_306_1,Push Button Reproduction,1960,1960,NA,-0.023381,NA,NA,NA,NA,Outcomes all fall within the “approximate reproduction criteria.”,yes,NA,yes,1666,2254,precise,-0.02645,-0.01955,precise,NA,NA,non-outcome,NA,NA,non-outcome,NA,NA,non-outcome,push button,TRUE,FALSE,TRUE
Gv3O,65996,Gv3O_yw46nk,65996_307_1,Push Button Reproduction,933,933,NA,0.2058262,NA,NA,NA,NA,Outcomes all fall within the “approximate reproduction criteria.”,yes,NA,yes,793,1073,precise,0.17509999999999998,0.2369,precise,NA,NA,non-outcome,NA,NA,non-outcome,NA,NA,non-outcome,push button,TRUE,FALSE,TRUE
Gv3O,65996,Gv3O_2l95y4,65996_308_1,Push Button Reproduction,921,921,NA,0.0855,NA,NA,NA,NA,Outcomes all fall within the “approximate reproduction criteria.”,yes,Derived from SAS Output under section “OLS-ROBUST/college0_ls_g_top_2_linear,yes,783,1059,precise,0.0731,0.0989,precise,NA,NA,non-outcome,NA,NA,non-outcome,NA,NA,non-outcome,push button,TRUE,FALSE,TRUE
q4X2,675z9,q4X2_single-trace,675z9_309_1,Source Data Reproduction,52,51,0.0427,-0.0602,z,-2.027,NA,NA,Approximate Reproduction of all outcomes,no,"The results showed that the claim cannot be reproduce based on the reporting of the meta-analysis using SAS in the original paper by Stice et al. (2009). Moreover, the paper on p. 495 reported that: “At posttest, interventions below the median duration (12 hr) exhibited larger average effect sizes (M r = .19, p < .001, n = 23) than interventions above the median (M r = .07, p = ns, n = 29)”, i.e., 23+29 = 52 that does not account one missing value in the effect size list in Table 4. In addition, although reproduction result for the Focal p-value is within the interval for Approximate reproduction, there is a rather strong discrepancy in the original value and reproduction result. Without any explanation, Stice et al. (2009) used the ML method instead of the default in SAS (i.e., REML), the REML method would likely shift p-value to non-significant cutoff.",no,44,60,approximate,-0.1035,-0.0765,not,NA,NA,non-outcome,0.01,0.060000000000000005,approximate,-0.4025,-0.2975,non-outcome,not,FALSE,FALSE,TRUE
qg47,247ww,qg47_single-trace,247ww_310_1,Source Data Reproduction,1718,1640,0.4378,0.0042493,z,0.7761,NA,NA,"For this claim, a successful reproduction attempt is a focal coefficient (the ordered probit model coefficient) within 15% accuracy of the original focal coefficient (approximate reproduction).",no,"This claim did not reproduce, likely because the original article did not provide sufficient information on how the model was constructed such that the time-series cross-sectional data was used in a probit logit model. As a post-hoc attempt, I tried a couple of other models within the plm package such as the fixed effect model “within” and the random effect model “random”, but none of these models produced different results, i.e., all produced non-significant coefficient sizes for reliance on taxes on physical integrity index.",no,1460,1976,approximate,0.00595,0.00805,not,NA,NA,non-outcome,0.05,0.1,not,NA,NA,non-outcome,not,FALSE,FALSE,FALSE
J0Yv,2k7w2,J0Yv_pprv8w,2k7w2_311_1,Author Data Reproduction,71,71,0,NA,f,7.658,partial eta-squared,0.1,"For this claim, a successful reproduction attempt is considered the Focal test statistic and all Secondary Outcomes meet the Approximate Reproduction Criteria.",yes,NA,yes,60,82,precise,NA,NA,non-outcome,6.511,8.809000000000001,precise,0.001,0.051000000000000004,precise,0.085,0.115,precise,precise,TRUE,FALSE,TRUE
J0Yv,2k7w2,J0Yv_q7r1ko,2k7w2_312_1,Author Data Reproduction,71,71,0,NA,f,7.658,partial eta-squared,0.1,"For this claim, a successful reproduction attempt is considered the Focal test statistic and all Secondary Outcomes meet the Approximate Reproduction Criteria.",yes,NA,yes,60,82,precise,NA,NA,non-outcome,6.511,8.809000000000001,precise,0.001,0.051000000000000004,precise,0.085,0.115,precise,precise,TRUE,FALSE,TRUE
J0Yv,2k7w2,J0Yv_x6ry86,2k7w2_313_1,Author Data Reproduction,204,204,0,NA,f,73.81,partial eta-squared,0.271,"For this claim, a successful reproduction attempt is considered the Focal test statistic and all Secondary Outcomes meet the Approximate Reproduction Criteria.",yes,NA,yes,173,235,precise,NA,NA,non-outcome,62.7385,84.8815,precise,0.001,0.051000000000000004,precise,0.2295,0.3105,precise,precise,TRUE,FALSE,TRUE
J0Yv,2k7w2,J0Yv_j6dnjr,2k7w2_314_1,Author Data Reproduction,204,204,0,NA,f,73.81,partial eta-squared,0.271,"For this claim, a successful reproduction attempt is considered the Focal test statistic and all Secondary Outcomes meet the Approximate Reproduction Criteria.",yes,NA,yes,173,235,precise,NA,NA,non-outcome,62.7385,84.8815,precise,0.001,0.051000000000000004,precise,0.2295,0.3105,precise,precise,TRUE,FALSE,TRUE
J0Yv,2k7w2,J0Yv_1rz4jk,2k7w2_315_1,Author Data Reproduction,204,204,0.006,NA,f,7.678,partial eta-squared,0.037,"For this claim, a successful reproduction attempt is considered the Focal test statistic meet the Approximate Reproduction Criteria.",yes,NA,yes,173,235,precise,NA,NA,non-outcome,6.528,8.831999999999999,precise,0,0.056,precise,0.034,0.046,precise,precise,FALSE,FALSE,TRUE
BrGp,6zz1k,BrGp_blv93q,6zz1k_317_1,Source Data Reproduction,NA,NA,1.55e-4,1.72,t,5.42,NA,NA,The claim will be considered reproducible if Egger’s regression test for funnel plot asymmetry meets the approximate reproduction criteria for the test statistic (4.61≤t≤6.23) and the precise reproduction criteria for the p-value (p < .001).,yes,NA,yes,NA,NA,non-outcome,NA,NA,non-outcome,4.607,6.233,precise,0.001,0.051000000000000004,precise,NA,NA,non-outcome,precise,FALSE,FALSE,TRUE
BrGp,6zz1k,BrGp_g3ov8l,6zz1k_318_1,Source Data Reproduction,NA,NA,0.072,3.86,t,1.89,NA,NA,"The claim will be considered reproducible if Egger’s regression test for funnel plot asymmetry meets the approximate reproduction criteria for the test statistic (1.61≤t≤2.17), and the p-value (.022≤p≤.122).",yes,NA,yes,NA,NA,non-outcome,NA,NA,non-outcome,1.6065,2.1734999999999998,precise,0.021999999999999992,0.122,precise,NA,NA,non-outcome,precise,FALSE,FALSE,TRUE
BrGp,6zz1k,BrGp_gww8qr,6zz1k_319_1,Source Data Reproduction,99,100,NA,NA,NA,NA,NA,NA,"The claim will be considered reproducible if a reproduction of Figure 1 will (1)meet the approximate reproduction criteria for sample size (85≤n≤144) and (2) lead to the same qualitative conclusion: a close alignment of effect sizes with the border of significance (i.e., statistically significant effects are packed together immediately adjacent to the grey contour representing statistical significance).",yes,NA,yes,84,114,approximate,NA,NA,non-outcome,NA,NA,non-outcome,NA,NA,non-outcome,NA,NA,non-outcome,approximate,FALSE,FALSE,TRUE
BrGp,6zz1k,BrGp_gjvjlo,6zz1k_320_1,Source Data Reproduction,116,117,NA,NA,NA,NA,NA,NA,The claim will be considered reproducible if a reproduction of Figure 2 will(1) meet the approximate reproduction criterion for sample size (99≤n≤134) and (2) lead to the same qualitative conclusion: the density function of the z scores for Vohs et al. (2006) and Caruso et al. (2013)peaks only slightly to the right of the vertical line that represents statistical significance (z = 1.96).,yes,NA,yes,99,133,approximate,NA,NA,non-outcome,NA,NA,non-outcome,NA,NA,non-outcome,NA,NA,non-outcome,approximate,FALSE,FALSE,TRUE
BrGp,6zz1k,BrGp_b15j8q,6zz1k_321_1,Source Data Reproduction,99,100,NA,NA,NA,NA,NA,NA,"The claim will be considered reproducible if a reproduction of Figure 3 (top panel: Dear & Begg selection model) will (1) meet the approximate reproduction criterion for sample size (85< n < 114, inclusive of endpoints) and (2) lead to the same qualitative conclusion: nonflat weight functions for the distribution of effect sizes reported in Vohs et al. (2006) and Caruso et al. (2013) and in Tables 1and 2 from Vohs (2015), with the weights being highest for lower p-values (in particular, p < .10), while the weight functions for Rohrer et al. (2015) and Klein et al. (2014) will be much less flat and will display less“bunching” at lower p-values.",yes,NA,yes,84,114,approximate,NA,NA,non-outcome,NA,NA,non-outcome,NA,NA,non-outcome,NA,NA,non-outcome,approximate,FALSE,FALSE,TRUE
BrGp,6zz1k,BrGp_y3kqy7,6zz1k_322_1,Source Data Reproduction,NA,NA,0.01666001,NA,NA,NA,NA,NA,"The claim will be considered reproducible if a one-tailed binomial test contrasting the observed proportion of significant results with the probability of success given the estimate of power meets the precise reproduction criteria outlined above for the p-value (p = .017) and proportion of significant results (proportion = .86), and the approximate reproduction criteria for the mean power to detect the fixed effects estimate (.47≤mean power≤.63).",yes,NA,yes,NA,NA,non-outcome,NA,NA,non-outcome,NA,NA,non-outcome,0,0.067,precise,NA,NA,non-outcome,precise,TRUE,FALSE,TRUE
OY3B,2gwz2,OY3B_ywpnj6,2gwz2_323_1,Source Data Reproduction,13718,14481,NA,NA,NA,NA,NA,NA,All outcomes meet the Approximate Reproduction Criteria.,yes,"The preregistered criteria were not mutually exclusive as 10 countries were considered within the range of both approximate reproduction and non-reproduction criteria. However, in the spirit of considering approximate reproduction as within 15% of the original value, the approximate reproduction range is 10.2 to 13.8. Rounding this to the whole number, the approximate values should have been specified as 10-14, whereas the non-reproduction values as 9 or lower or 15 or higher.",yes,11660,15776,approximate,NA,NA,non-outcome,NA,NA,non-outcome,NA,NA,non-outcome,NA,NA,non-outcome,approximate,TRUE,FALSE,TRUE
OY3B,2gwz2,OY3B_21drv2,2gwz2_324_1,Source Data Reproduction,10477,10707,0.020693,0.04692872,NA,NA,NA,NA,The Focal variable coefficient meets the Approximate Reproduction Criteria.,no,"The focal coefficient, although statistically significant and in the expected direction, was considerably higher than the range reported in the approximate reproduction criteria. In this view, the reproduction was not successful. However, the original claim made by the author was supported by the data.",yes,8905,12049,approximate,0.0017,0.0023,not,NA,NA,non-outcome,0.05,0.1,precise,NA,NA,non-outcome,not,FALSE,FALSE,TRUE
OY3B,2gwz2,OY3B_8r3dlz,2gwz2_325_1,Source Data Reproduction,13718,13713,5.96901055e-6,0.076619618,NA,NA,NA,NA,The Focal variable coefficient meets the Approximate Reproduction Criteria.,no,"The focal coefficient, although statistically significant and in the expected direction, was considerably higher than the range reported in the approximate reproduction criteria. In this view, the reproduction was not successful. However, the original claim made by the author was supported by the data.",yes,11660,15776,approximate,0.00255,0.00345,not,NA,NA,non-outcome,0.01,0.060000000000000005,precise,NA,NA,non-outcome,not,FALSE,FALSE,TRUE
OY3B,2gwz2,OY3B_oko481,2gwz2_326_1,Source Data Reproduction,13718,13713,0.00567,-0.057150244,NA,NA,NA,NA,The Focal variable coefficient meets the Approximate Reproduction Criteria.,no,"The focal coefficient, although statistically significant and in the expected direction, not in the range reported in the approximate reproduction criteria. In this view, the reproduction was not successful. However, the original claim made by the author was supported by the statistically significant p-value.",yes,11660,15776,approximate,-0.1403,-0.1037,not,NA,NA,non-outcome,NA,NA,non-outcome,NA,NA,non-outcome,not,FALSE,FALSE,TRUE
OY3B,2gwz2,OY3B_n38dk7,2gwz2_327_1,Source Data Reproduction,13718,13713,0.02781,-0.033733211,NA,NA,NA,NA,The Focal variable coefficient meets the Approximate Reproduction Criteria.,no,"The focal coefficient, although statistically significant and in the expected direction, was not within the range reported in the approximate reproduction criteria. In this view, the reproduction was not successful. However, the original claim made by the author was supported by the statistically significant p-value.",yes,11660,15776,approximate,-0.09085,-0.06715,not,NA,NA,non-outcome,0.01,0.060000000000000005,approximate,NA,NA,non-outcome,not,FALSE,FALSE,TRUE
a2Yx,28m96,a2Yx_3lxxq3,28m96_328_1,Push Button Reproduction,2783,2783,NA,-0.196,NA,NA,NA,NA,That all criteria meet Precise Reproduction Criteria.,yes,NA,yes,2366,3200,precise,-0.2254,-0.1666,precise,NA,NA,non-outcome,0.01,0.060000000000000005,non-outcome,NA,NA,non-outcome,push button,FALSE,FALSE,TRUE
a2Yx,28m96,a2Yx_wy441x,28m96_329_1,Push Button Reproduction,2783,2783,NA,-0.174,NA,NA,NA,NA,That all criteria meet Precise Reproduction Criteria.,yes,NA,yes,2366,3200,precise,-0.2001,-0.1479,precise,NA,NA,non-outcome,0.05,0.1,non-outcome,NA,NA,non-outcome,push button,FALSE,FALSE,TRUE
a2Yx,28m96,a2Yx_pq7763,28m96_330_1,Push Button Reproduction,2783,2783,NA,-0.166,NA,NA,NA,NA,That all criteria meet Precise Reproduction Criteria.,yes,NA,yes,2366,3200,precise,-0.1909,-0.1411,precise,NA,NA,non-outcome,0.1,0.15000000000000002,non-outcome,NA,NA,non-outcome,push button,FALSE,FALSE,TRUE
a2Yx,28m96,a2Yx_qxpp39,28m96_331_1,Push Button Reproduction,270991,207991,NA,-0.115,NA,NA,NA,NA,That all criteria meet Precise Reproduction Criteria.,no,It’s the sample size that differs but it seems like a typo (0 and 7 are switched).,no,230342,311640,not,-0.13225,-0.09775,precise,NA,NA,non-outcome,0.01,0.060000000000000005,non-outcome,NA,NA,non-outcome,not,FALSE,FALSE,TRUE
a2Yx,28m96,a2Yx_xz559w,28m96_332_1,Push Button Reproduction,207991,207991,NA,-0.075,NA,NA,NA,NA,That all criteria meet Precise Reproduction Criteria.,yes,NA,yes,176792,239190,precise,-0.08625,-0.06375,precise,NA,NA,non-outcome,0.05,0.1,non-outcome,NA,NA,non-outcome,push button,FALSE,FALSE,TRUE
a2Yx,28m96,a2Yx_jz7712,28m96_333_1,Push Button Reproduction,2783,2783,NA,-0.165,NA,NA,NA,NA,That all criteria meet Precise Reproduction Criteria.,yes,NA,yes,2366,3200,precise,-0.18975,-0.14025,precise,NA,NA,non-outcome,0.1,0.15000000000000002,non-outcome,NA,NA,non-outcome,push button,FALSE,FALSE,TRUE
a2Yx,28m96,a2Yx_1yppy7,28m96_334_1,Push Button Reproduction,2783,2783,NA,-0.255,NA,NA,NA,NA,That all criteria meet Precise Reproduction Criteria.,yes,NA,yes,2366,3200,precise,-0.29325,-0.21675,precise,NA,NA,non-outcome,0.1,0.15000000000000002,non-outcome,NA,NA,non-outcome,push button,FALSE,FALSE,TRUE
a2Yx,28m96,a2Yx_9xyyxo,28m96_335_1,Push Button Reproduction,207991,207991,NA,-0.138,NA,NA,NA,NA,That all criteria meet Precise Reproduction Criteria.,yes,NA,yes,176792,239190,precise,-0.1587,-0.1173,precise,NA,NA,non-outcome,NA,NA,non-outcome,NA,NA,non-outcome,push button,FALSE,FALSE,TRUE
a2Yx,28m96,a2Yx_46jj6r,28m96_336_1,Push Button Reproduction,2783,2783,NA,0.049,NA,NA,NA,NA,That all criteria meet Precise Reproduction Criteria.,yes,NA,yes,2366,3200,precise,0.04165,0.056350000000000004,precise,NA,NA,non-outcome,NA,NA,non-outcome,NA,NA,non-outcome,push button,FALSE,FALSE,TRUE
a2Yx,28m96,a2Yx_531136,28m96_337_1,Push Button Reproduction,2783,2783,NA,-0.283,NA,NA,NA,NA,That all criteria meet Precise Reproduction Criteria.,yes,NA,yes,2366,3200,precise,-0.32545,-0.24055,precise,NA,NA,non-outcome,NA,NA,non-outcome,NA,NA,non-outcome,push button,FALSE,FALSE,TRUE
a2Yx,28m96,a2Yx_ylyylq,28m96_338_1,Push Button Reproduction,207991,207991,NA,-0.089,NA,NA,NA,NA,That all criteria meet Precise Reproduction Criteria.,yes,NA,yes,176792,239190,precise,-0.10235,-0.07565,precise,NA,NA,non-outcome,NA,NA,non-outcome,NA,NA,non-outcome,push button,FALSE,FALSE,TRUE
a2Yx,28m96,a2Yx_kz4wzr,28m96_339_1,Push Button Reproduction,2783,2783,NA,-0.024,NA,NA,NA,NA,That all criteria meet Precise Reproduction Criteria.,yes,NA,yes,2366,3200,precise,-0.0276,-0.0204,precise,NA,NA,non-outcome,NA,NA,non-outcome,NA,NA,non-outcome,push button,FALSE,FALSE,TRUE
a2Yx,28m96,a2Yx_7o25od,28m96_340_1,Push Button Reproduction,2783,2783,NA,0.025,NA,NA,NA,NA,That all criteria meet Precise Reproduction Criteria.,yes,NA,yes,2366,3200,precise,0.02125,0.02875,precise,NA,NA,non-outcome,NA,NA,non-outcome,NA,NA,non-outcome,push button,FALSE,FALSE,TRUE
a2Yx,28m96,a2Yx_zxorx3,28m96_341_1,Push Button Reproduction,2783,2783,NA,-0.119,NA,NA,NA,NA,That all criteria meet Precise Reproduction Criteria.,yes,NA,yes,2366,3200,precise,-0.13685,-0.10115,precise,NA,NA,non-outcome,NA,NA,non-outcome,NA,NA,non-outcome,push button,FALSE,FALSE,TRUE
a2Yx,28m96,a2Yx_l8kp8k,28m96_342_1,Push Button Reproduction,1408,1408,NA,0.342,NA,NA,NA,NA,That all criteria meet Precise Reproduction Criteria.,yes,NA,yes,1197,1619,precise,0.2907,0.39330000000000004,precise,NA,NA,non-outcome,0.01,0.060000000000000005,non-outcome,NA,NA,non-outcome,push button,FALSE,FALSE,TRUE
a2Yx,28m96,a2Yx_6rd4ry,28m96_343_1,Push Button Reproduction,207991,207991,NA,-0.002,NA,NA,NA,NA,That all criteria meet Precise Reproduction Criteria.,yes,NA,yes,176792,239190,precise,-0.0023,-0.0017,precise,NA,NA,non-outcome,NA,NA,non-outcome,NA,NA,non-outcome,push button,FALSE,FALSE,TRUE
a2Yx,28m96,a2Yx_3n7jn1,28m96_344_1,Push Button Reproduction,2783,2783,NA,-0.187,NA,NA,NA,NA,That all criteria meet Precise Reproduction Criteria.,yes,NA,yes,2366,3200,precise,-0.21505,-0.15895,precise,NA,NA,non-outcome,NA,NA,non-outcome,NA,NA,non-outcome,push button,FALSE,FALSE,TRUE
a2Yx,28m96,a2Yx_w72o71,28m96_345_1,Push Button Reproduction,2783,2783,NA,-0.177,NA,NA,NA,NA,That all criteria meet Precise Reproduction Criteria.,yes,NA,yes,2366,3200,precise,-0.20355,-0.15045,precise,NA,NA,non-outcome,0.05,0.1,non-outcome,NA,NA,non-outcome,push button,FALSE,FALSE,TRUE
a2Yx,28m96,a2Yx_ppk1pq,28m96_346_1,Push Button Reproduction,2783,2783,NA,-0.103,NA,NA,NA,NA,That all criteria meet Precise Reproduction Criteria.,yes,NA,yes,2366,3200,precise,-0.11845,-0.08755,precise,NA,NA,non-outcome,NA,NA,non-outcome,NA,NA,non-outcome,push button,FALSE,FALSE,TRUE
a2Yx,28m96,a2Yx_q7y97r,28m96_347_1,Push Button Reproduction,2783,2783,NA,-0.18,NA,NA,NA,NA,That all criteria meet Precise Reproduction Criteria.,yes,NA,yes,2366,3200,precise,-0.207,-0.153,precise,NA,NA,non-outcome,0.05,0.1,non-outcome,NA,NA,non-outcome,push button,FALSE,FALSE,TRUE
a2Yx,28m96,a2Yx_9xyy5o,28m96_348_1,Push Button Reproduction,2783,2783,NA,-0.13,NA,NA,NA,NA,That all criteria meet Precise Reproduction Criteria.,yes,NA,yes,2366,3200,precise,-0.1495,-0.1105,precise,NA,NA,non-outcome,0.1,0.15000000000000002,non-outcome,NA,NA,non-outcome,push button,FALSE,FALSE,TRUE
a2Yx,28m96,a2Yx_46jjxr,28m96_349_1,Push Button Reproduction,2783,2783,NA,-0.171,NA,NA,NA,NA,That all criteria meet Precise Reproduction Criteria.,yes,NA,yes,2366,3200,precise,-0.19665,-0.14535,precise,NA,NA,non-outcome,0.1,0.15000000000000002,non-outcome,NA,NA,non-outcome,push button,FALSE,FALSE,TRUE
a2Yx,28m96,a2Yx_5311j6,28m96_350_1,Push Button Reproduction,2783,2783,NA,-0.188,NA,NA,NA,NA,That all criteria meet Precise Reproduction Criteria.,yes,NA,yes,2366,3200,precise,-0.2162,-0.1598,precise,NA,NA,non-outcome,0.05,0.1,non-outcome,NA,NA,non-outcome,push button,FALSE,FALSE,TRUE
a2Yx,28m96,a2Yx_ylyy4q,28m96_351_1,Push Button Reproduction,2783,2783,NA,-0.119,NA,NA,NA,NA,That all criteria meet Precise Reproduction Criteria.,yes,NA,yes,2366,3200,precise,-0.13685,-0.10115,precise,NA,NA,non-outcome,NA,NA,non-outcome,NA,NA,non-outcome,push button,FALSE,FALSE,TRUE
a2Yx,28m96,a2Yx_2zqqpk,28m96_352_1,Push Button Reproduction,2783,2783,NA,-0.199,NA,NA,NA,NA,That all criteria meet Precise Reproduction Criteria.,yes,NA,yes,2366,3200,precise,-0.22885,-0.16915,precise,NA,NA,non-outcome,0.05,0.1,non-outcome,NA,NA,non-outcome,push button,FALSE,FALSE,TRUE
a2Yx,28m96,a2Yx_8q554l,28m96_353_1,Push Button Reproduction,2783,2783,NA,-0.185,NA,NA,NA,NA,That all criteria meet Precise Reproduction Criteria.,yes,NA,yes,2366,3200,precise,-0.21275,-0.15725,precise,NA,NA,non-outcome,0.05,0.1,non-outcome,NA,NA,non-outcome,push button,FALSE,FALSE,TRUE
a2Yx,28m96,a2Yx_op33lv,28m96_354_1,Push Button Reproduction,2783,2783,NA,0.014,NA,NA,NA,NA,That all criteria meet Precise Reproduction Criteria.,yes,NA,yes,2366,3200,precise,0.0119,0.0161,precise,NA,NA,non-outcome,NA,NA,non-outcome,NA,NA,non-outcome,push button,FALSE,FALSE,TRUE
a2Yx,28m96,a2Yx_nw667p,28m96_355_1,Push Button Reproduction,2783,2783,NA,0.021,NA,NA,NA,NA,That all criteria meet Precise Reproduction Criteria.,yes,NA,yes,2366,3200,precise,0.01785,0.02415,precise,NA,NA,non-outcome,NA,NA,non-outcome,NA,NA,non-outcome,push button,FALSE,FALSE,TRUE
a2Yx,28m96,a2Yx_dojj32,28m96_356_1,Push Button Reproduction,2783,2783,NA,0.083,NA,NA,NA,NA,That all criteria meet Precise Reproduction Criteria.,yes,NA,yes,2366,3200,precise,0.07055,0.09545,precise,NA,NA,non-outcome,NA,NA,non-outcome,NA,NA,non-outcome,push button,FALSE,FALSE,TRUE
a2Yx,28m96,a2Yx_r7qqwy,28m96_357_1,Push Button Reproduction,2783,2783,NA,0.007,NA,NA,NA,NA,That all criteria meet Precise Reproduction Criteria.,yes,NA,yes,2366,3200,precise,0.00595,0.00805,precise,NA,NA,non-outcome,NA,NA,non-outcome,NA,NA,non-outcome,push button,FALSE,FALSE,TRUE
a2Yx,28m96,a2Yx_v599jx,28m96_358_1,Push Button Reproduction,2783,2783,NA,0.046,NA,NA,NA,NA,That all criteria meet Precise Reproduction Criteria.,yes,NA,yes,2366,3200,precise,0.039099999999999996,0.0529,precise,NA,NA,non-outcome,NA,NA,non-outcome,NA,NA,non-outcome,push button,FALSE,FALSE,TRUE
a2Yx,28m96,a2Yx_kl889p,28m96_359_1,Push Button Reproduction,2783,2783,NA,-0.137,NA,NA,NA,NA,That all criteria meet Precise Reproduction Criteria.,yes,NA,yes,2366,3200,precise,-0.15755,-0.11645,precise,NA,NA,non-outcome,NA,NA,non-outcome,NA,NA,non-outcome,push button,FALSE,FALSE,TRUE
a2Yx,28m96,a2Yx_7p4499,28m96_360_1,Push Button Reproduction,2783,2783,NA,-0.152,NA,NA,NA,NA,That all criteria meet Precise Reproduction Criteria.,yes,NA,yes,2366,3200,precise,-0.1748,-0.1292,precise,NA,NA,non-outcome,NA,NA,non-outcome,NA,NA,non-outcome,push button,FALSE,FALSE,TRUE
a2Yx,28m96,a2Yx_z72257,28m96_361_1,Push Button Reproduction,2783,2783,NA,-0.04,NA,NA,NA,NA,Analyst success criteria:,yes,NA,yes,2366,3200,precise,-0.046,-0.034,precise,NA,NA,non-outcome,NA,NA,non-outcome,NA,NA,non-outcome,push button,FALSE,FALSE,TRUE
a2Yx,28m96,a2Yx_l6zz4r,28m96_362_1,Push Button Reproduction,2783,2783,NA,-0.213,NA,NA,NA,NA,That all criteria meet Precise Reproduction Criteria.,yes,NA,yes,2366,3200,precise,-0.24495,-0.18105,precise,NA,NA,non-outcome,0.05,0.1,non-outcome,NA,NA,non-outcome,push button,FALSE,FALSE,TRUE
a2Yx,28m96,a2Yx_6w9919,28m96_363_1,Push Button Reproduction,2783,2783,NA,-0.216,NA,NA,NA,NA,That all criteria meet Precise Reproduction Criteria.,yes,NA,yes,2366,3200,precise,-0.2484,-0.1836,precise,NA,NA,non-outcome,0.05,0.1,non-outcome,NA,NA,non-outcome,push button,FALSE,FALSE,TRUE
e5rW,67746,e5rW_6rr1l5,67746_364_1,Extended Push Button Reproduction,726,726,NA,NA,NA,NA,NA,NA,That all criteria meet Precise Reproduction Criteria.,yes,N doesn’t appear directly in the output. It was calculated by counting the non-missing data of the two newly generated variables (sw_resid_pt_gcse_5_a_c_base_2 sl_resid_pt_gcse_5_a_c_base_2) that were used for constructing the figure.,yes,617,835,precise,NA,NA,non-outcome,NA,NA,non-outcome,NA,NA,non-outcome,NA,NA,non-outcome,precise,TRUE,FALSE,TRUE
e5rW,67746,e5rW_w7713v,67746_365_1,Extended Push Button Reproduction,717,717,NA,NA,NA,NA,NA,NA,That all criteria meet Precise Reproduction Criteria.,no,Secondary outcomes reproduced almost precisely ([2] pass rate estimates col(4) would be an approximate reproduction).,yes,609,825,precise,NA,NA,non-outcome,NA,NA,non-outcome,NA,NA,non-outcome,NA,NA,non-outcome,precise,TRUE,FALSE,TRUE
e5rW,67746,e5rW_ppp6n8,67746_366_1,Extended Push Button Reproduction,711,711,NA,NA,NA,NA,NA,NA,That all criteria meet Precise Reproduction Criteria.,yes,The preregistered sample size was 717 schools but upon rechecking the table the analyst realized that the correct value was 711 so it was changed in the above table to reflect that.,yes,604,818,precise,NA,NA,non-outcome,NA,NA,non-outcome,NA,NA,non-outcome,NA,NA,non-outcome,precise,TRUE,FALSE,TRUE
L22B,2g182,L22B_4kyq5l,2g182_367_1,Push Button Reproduction,6027,6027,0.021,0.4300721,t,2.39,NA,NA,That all criteria meet Precise Reproduction Criteria.,yes,NA,yes,5123,6931,precise,0.3655,0.4945,precise,NA,NA,non-outcome,0.05,0.1,precise,0.153,0.207,non-outcome,push button,TRUE,FALSE,TRUE
L22B,2g182,L22B_5o7kyk,2g182_368_1,Push Button Reproduction,12066,12391,0.7,0.0516309,t,0.39,NA,NA,That all criteria meet Precise Reproduction Criteria.,no,"All results for Model 3 in Table 1 are a little different in reproduced table (but they do not differ much). Clustered standard errors are sometimes identical (like in the tested claims) and sometimes they differ a little too. The difference in sample size (original = 12066 vs reproduced = 12391) suggest that there might have been some further changes in the code that resulted in more excluded data and slightly different results, but the code version uploaded in the supplementary materials is different that the one used for final analysis. All the results are within the approximate reproduction criteria.",yes,10256,13876,approximate,0.0527,0.0713,not,NA,NA,non-outcome,NA,NA,non-outcome,NA,NA,non-outcome,not,TRUE,FALSE,TRUE
L22B,2g182,L22B_yw9q1o,2g182_369_1,Push Button Reproduction,5272,5272,0.018,0.8036965,z,2.36,NA,NA,That all criteria meet Precise Reproduction Criteria.,yes,NA,yes,4481,6063,precise,0.6834,0.9246000000000001,precise,NA,NA,non-outcome,0.05,0.1,precise,NA,NA,non-outcome,push button,TRUE,FALSE,TRUE
L22B,2g182,L22B_21yo9v,2g182_370_1,Push Button Reproduction,5272,5272,0.021,3.434027,z,2.31,NA,NA,That all criteria meet Precise Reproduction Criteria.,yes,NA,yes,4481,6063,precise,2.9189000000000003,3.9491,precise,NA,NA,non-outcome,0.05,0.1,precise,NA,NA,non-outcome,push button,TRUE,FALSE,TRUE
L22B,2g182,L22B_8rzko1,2g182_371_1,Push Button Reproduction,5272,5272,0.009,2.319582,z,2.59,NA,NA,That all criteria meet Precise Reproduction Criteria.,no,"Only the p value did not reproduce, the rest of the criteria (including secondary outcomes) meet precise reproduction criteria. This could be a typo on authors’ end – they might have wanted to put this result in the category of p < 0.01 instead of p < 0.001. Or they might have misread the actual result as p = 0.0009 instead of p = 0.009.",no,4481,6063,precise,1.972,2.6679999999999997,precise,NA,NA,non-outcome,0.001,0.051000000000000004,approximate,0.7599,1.0281,non-outcome,approximate,TRUE,FALSE,TRUE
L22B,2g182,L22B_okzxnq,2g182_372_1,Push Button Reproduction,4423,4423,0.011,0.0650514,z,2.55,NA,NA,That all criteria meet Precise Reproduction Criteria.,yes,NA,yes,3760,5086,precise,0.05525,0.07475,precise,NA,NA,non-outcome,0.05,0.1,precise,NA,NA,non-outcome,push button,TRUE,FALSE,TRUE
L22B,2g182,L22B_n39qon,2g182_373_1,Push Button Reproduction,5702,5702,0.035,0.4686892,z,2.11,NA,NA,That all criteria meet Precise Reproduction Criteria.,yes,NA,yes,4847,6557,precise,0.39864999999999995,0.53935,precise,NA,NA,non-outcome,0.05,0.1,precise,NA,NA,non-outcome,push button,TRUE,FALSE,TRUE
Njqj,6o5m6,Njqj_m56p47,6o5m6_374_1,Extended Push Button Reproduction,602,560,0.252,-0.0889374,z,-1.15,NA,NA,All outcomes must meet the precise reproduction criteria.,no,There is some missing information related to data cleaning that would be necessary to precisely replicate this claim.,no,512,692,approximate,-0.10695,-0.07905,approximate,NA,NA,non-outcome,0.11,0.21000000000000002,not,NA,NA,non-outcome,not,FALSE,FALSE,TRUE
Njqj,6o5m6,Njqj_b2r6jp,6o5m6_375_1,Extended Push Button Reproduction,658,452,0.988,-1.25E-04,z,-0.01,NA,NA,All outcomes must meet the precise reproduction criteria.,no,There is some missing information related to data cleaning that would be necessary to precisely replicate this claim.,no,559,757,not,-0.004945,-0.003655,not,NA,NA,non-outcome,0.01,0.060000000000000005,not,NA,NA,non-outcome,not,FALSE,FALSE,FALSE
yypJ,21952,yypJ_single-trace,21952_376_1,Author Data Reproduction,138,138,1.41e-10,-0.51,NA,NA,NA,NA,Reproduction will be successful if partial correlation coefficient = -0.51 and p<0.002.,yes,NA,yes,117,159,precise,-0.5865,-0.4335,precise,NA,NA,non-outcome,0.002,0.052000000000000005,precise,NA,NA,non-outcome,precise,FALSE,FALSE,FALSE
zK2,245w6,zK2_single-trace,245w6_377_1,Push Button Reproduction,1607,1607,0,NA,t,9.01,cohen's d,0.45,success criterion is precise reproduction of the primary outcome p-value,yes,"the t-value and d-effect size were negative (t = -9.01 and d =-0.45) rather than positive. However, this is because in the script, the good-focal condition was enteredfirst: T-TEST GROUPS=Condition('good' 'bad'). We changed this by entering the bad-focal condition first: T-TEST GROUPS=Condition('bad' 'good') and observed the correct values.",yes,1366,1848,precise,NA,NA,non-outcome,7.6585,10.3615,precise,0.001,0.051000000000000004,precise,0.3825,0.5175000000000001,precise,push button,FALSE,FALSE,TRUE
zK2,245w6,zK2_g8rq2b,245w6_378_1,Extended Push Button Reproduction,359,359,0.01,NA,t,-2.61,cohen's d,-0.14,success criterion is precise reproduction of the primary outcome p-value,yes,NA,yes,305,413,precise,NA,NA,non-outcome,-3.0015,-2.2185,precise,0,0.060000000000000005,precise,-0.161,-0.119,precise,precise,FALSE,FALSE,TRUE
zK2,245w6,zK2_mokpzb,245w6_379_1,Author Data Reproduction,856,856,0,NA,t,-5.79,cohen's d,-0.2,success criterion is precise reproduction of the primary outcome p-value,yes,NA,yes,728,984,precise,NA,NA,non-outcome,-6.6585,-4.9215,precise,0.001,0.051000000000000004,precise,-0.23,-0.17,precise,precise,FALSE,FALSE,TRUE
zK2,245w6,zK2_m85l4m,245w6_380_1,Author Data Reproduction,361,361,0,NA,t,4.82,cohen's d,0.25,success criterion is precise reproduction of the primary outcome p-value,yes,NA,yes,307,415,precise,NA,NA,non-outcome,4.097,5.543,precise,0.001,0.051000000000000004,precise,0.2125,0.2875,precise,precise,FALSE,FALSE,TRUE
zK2,245w6,zK2_bvn5rm,245w6_381_1,Author Data Reproduction,77,77,0,NA,t,-5.45,cohen's d,-0.62,success criterion is precise reproduction of the primary outcome p-value,yes,NA,yes,65,89,precise,NA,NA,non-outcome,-6.2675,-4.6325,precise,0.001,0.051000000000000004,precise,-0.713,-0.527,precise,precise,FALSE,FALSE,TRUE
zK2,245w6,zK2_bdj1jb,245w6_382_1,Author Data Reproduction,91,91,0.376,NA,t,-0.89,cohen's d,-0.09,success criterion is precise reproduction of the primary outcome p-value,yes,There was only approximate reproduction of the focal test statistic (t=-0.89).,yes,77,105,precise,NA,NA,non-outcome,-1.035,-0.765,precise,0.326,0.426,precise,-0.1035,-0.0765,precise,precise,FALSE,FALSE,TRUE
zK2,245w6,zK2_gkzl8g,245w6_383_1,Author Data Reproduction,40,40,0,NA,t,-3.8,cohen's d,-0.6,success criterion is precise reproduction of the primary outcome p-value,no,The p-value was actually <0.001 rather than = 0.001.  There was only approximate reproduction of the focal effect size (d=-0.60),no,34,46,precise,NA,NA,non-outcome,-4.37,-3.23,precise,0,0.051000000000000004,approximate,-0.5865,-0.4335,not,not,FALSE,FALSE,TRUE
zK2,245w6,zK2_mk8vnm,245w6_384_1,Author Data Reproduction,40,40,0.31,NA,t,1.03,cohen's d,0.16,success criterion is precise reproduction of the primary outcome p-value,yes,NA,yes,34,46,precise,NA,NA,non-outcome,0.8755000000000001,1.1845,precise,0.26,0.36,precise,0.136,0.184,precise,precise,FALSE,FALSE,TRUE
zK2,245w6,zK2_m7475m,245w6_385_1,Author Data Reproduction,71,71,0,NA,t,3.86,cohen's d,0.46,success criterion is precise reproduction of the primary outcome p-value,yes,There was only approximate reproduction of the focal effect size (d=0.46).,yes,60,82,precise,NA,NA,non-outcome,3.2809999999999997,4.439,precise,0.001,0.051000000000000004,precise,0.39949999999999997,0.5405,approximate,approximate,FALSE,FALSE,TRUE
zK2,245w6,zK2_g7opxm,245w6_386_1,Author Data Reproduction,113,114,0.001,NA,t,-3.31,cohen's d,-0.31,success criterion is precise reproduction of the primary outcome p-value,yes,There was only approximate reproduction of the sample size (N = 114).,yes,96,130,approximate,NA,NA,non-outcome,-3.8065,-2.8135,precise,0,0.051000000000000004,precise,-0.3565,-0.2635,precise,approximate,FALSE,FALSE,TRUE
zK2,245w6,zK2_bz28qb,245w6_387_1,Author Data Reproduction,113,116,0,NA,t,4.45,cohen's d,0.41,success criterion is precise reproduction of the primary outcome p-value,yes,There was only approximate reproduction of the sample size (N = 114).,yes,96,130,approximate,NA,NA,non-outcome,3.7825,5.1175,precise,0.001,0.051000000000000004,precise,0.3485,0.4715,precise,approximate,FALSE,FALSE,TRUE
zK2,245w6,zK2_glzvdm,245w6_388_1,Author Data Reproduction,202,204,0.828,NA,t,0.22,cohen's d,0.02,success criterion is precise reproduction of the primary outcome p-value,yes,There was only approximate reproduction of the sample size (N = 204).,yes,172,232,approximate,NA,NA,non-outcome,0.187,0.253,precise,0.7779999999999999,0.878,precise,0.017,0.023,precise,approximate,FALSE,FALSE,TRUE
zK2,245w6,zK2_gx58ym,245w6_389_1,Push Button Reproduction,198,198,0.019,NA,f,5.56,partial eta-squared,0.03,success criterion is precise reproduction of the primary outcome p-value and the secondary outcome values,yes,NA,yes,168,228,precise,NA,NA,non-outcome,4.726,6.393999999999999,precise,0,0.069,precise,0.0255,0.034499999999999996,precise,push button,TRUE,FALSE,TRUE
EdQy,2y9w2,EdQy_l8kz8o,2y9w2_391_1,Push Button Reproduction,38189,38189,0,NA,f,37.27,NA,NA,"Sample size, focal variable p-value, and focal test statistic all fall within the “approximate reproduction criteria.”",yes,NA,yes,32461,43917,precise,NA,NA,non-outcome,31.679500000000004,42.8605,precise,0,0.05,precise,NA,NA,non-outcome,push button,FALSE,FALSE,TRUE
EdQy,2y9w2,EdQy_6rd9rk,2y9w2_392_1,Push Button Reproduction,38189,38189,0,NA,f,33.65,NA,NA,"Sample size, focal variable p-value, and focal test statistic all fall within the “approximate reproduction criteria.”",yes,NA,yes,32461,43917,precise,NA,NA,non-outcome,28.6025,38.6975,precise,0,0.05,precise,NA,NA,non-outcome,push button,FALSE,FALSE,TRUE
EdQy,2y9w2,EdQy_ppk7pd,2y9w2_393_1,Push Button Reproduction,38189,38189,0,NA,f,13.13,NA,NA,"Sample size, focal variable p-value, and focal test statistic all fall within the “approximate reproduction criteria.”",yes,NA,yes,32461,43917,precise,NA,NA,non-outcome,11.1605,15.0995,precise,0.005,0.055,precise,NA,NA,non-outcome,push button,FALSE,FALSE,TRUE
EdQy,2y9w2,EdQy_j6k76k,2y9w2_394_1,Push Button Reproduction,11594,11594,0.00514,NA,f,2.527,NA,NA,"Sample size, focal variable p-value, and focal test statistic all fall within the “approximate reproduction criteria.”",yes,NA,yes,9855,13333,precise,NA,NA,non-outcome,2.1505,2.9094999999999995,precise,0,0.055,precise,NA,NA,non-outcome,push button,FALSE,FALSE,TRUE
EdQy,2y9w2,EdQy_9xxwld,2y9w2_395_1,Push Button Reproduction,33737,33737,2.55e-8,NA,f,5.008,NA,NA,"Sample size, focal variable p-value, and focal test statistic all fall within the “approximate reproduction criteria.”",yes,NA,yes,28676,38798,precise,NA,NA,non-outcome,4.2585,5.7615,precise,0,0.05,precise,NA,NA,non-outcome,push button,FALSE,FALSE,TRUE
yQeR,65396,yQeR_j66kzq,65396_396_1,Push Button Reproduction,2293,2293,NA,NA,t,6.7881,NA,NA,Sample size and focal test statistic all fall within the “approximate reproduction criteria.”,yes,NA,yes,1949,2637,precise,NA,NA,non-outcome,5.7715,7.8085,precise,NA,NA,non-outcome,NA,NA,non-outcome,push button,FALSE,FALSE,TRUE
yQeR,65396,yQeR_1rrdyx,65396_397_1,Push Button Reproduction,543,543,NA,NA,t,2.9702,NA,NA,Sample size and focal test statistic all fall within the “approximate reproduction criteria.”,yes,NA,yes,462,624,precise,NA,NA,non-outcome,2.5245,3.4155,precise,NA,NA,non-outcome,NA,NA,non-outcome,push button,FALSE,FALSE,TRUE
yQeR,65396,yQeR_9oovx5,65396_398_1,Push Button Reproduction,543,543,NA,NA,t,4.7364,NA,NA,Sample size and focal test statistic all fall within the “approximate reproduction criteria.”,yes,NA,yes,462,624,precise,NA,NA,non-outcome,4.029,5.4510000000000005,precise,NA,NA,non-outcome,NA,NA,non-outcome,push button,FALSE,FALSE,TRUE
yQeR,65396,yQeR_4kk266,65396_399_1,Push Button Reproduction,543,543,NA,NA,t,3.9713,NA,NA,Sample size and focal test statistic all fall within the “approximate reproduction criteria.”,yes,NA,yes,462,624,precise,NA,NA,non-outcome,3.3745000000000003,4.5655,precise,NA,NA,non-outcome,NA,NA,non-outcome,push button,FALSE,FALSE,TRUE
yQeR,65396,yQeR_5oo23w,65396_400_1,Push Button Reproduction,543,543,NA,NA,t,3.7565,NA,NA,Sample size and focal test statistic all fall within the “approximate reproduction criteria.”,yes,NA,yes,462,624,precise,NA,NA,non-outcome,3.1959999999999997,4.324,precise,NA,NA,non-outcome,NA,NA,non-outcome,push button,FALSE,FALSE,TRUE
yQeR,65396,yQeR_9vxx6n,65396_401_1,Push Button Reproduction,2293,2293,NA,NA,t,2.4291,NA,NA,Sample size and focal test statistic all fall within the “approximate reproduction criteria.”,yes,NA,yes,1949,2637,precise,NA,NA,non-outcome,2.0655,2.7945,precise,NA,NA,non-outcome,NA,NA,non-outcome,push button,FALSE,FALSE,TRUE
JxXe,67o46,JxXe_m729o6,67o46_402_1,Extended Push Button Reproduction,1354,1354,0.032,-0.0530254,z,-2.14,NA,NA,That all criteria meet Precise Reproduction Criteria.,yes,NA,yes,1151,1557,precise,-0.06095,-0.04505,precise,NA,NA,non-outcome,0.05,0.1,precise,NA,NA,non-outcome,precise,FALSE,FALSE,TRUE
JxXe,67o46,JxXe_bzo5x6,67o46_403_1,Extended Push Button Reproduction,1354,1354,0.047,-0.0501654,z,-1.98,NA,NA,That all criteria meet Precise Reproduction Criteria.,yes,NA,yes,1151,1557,precise,-0.0575,-0.0425,precise,NA,NA,non-outcome,0.05,0.1,precise,NA,NA,non-outcome,precise,FALSE,FALSE,TRUE
JxXe,67o46,JxXe_mw21l5,67o46_404_1,Extended Push Button Reproduction,1354,1354,0.047,-0.0501654,z,-1.98,NA,NA,That all criteria meet Precise Reproduction Criteria.,yes,NA,yes,1151,1557,precise,-0.0575,-0.0425,precise,NA,NA,non-outcome,0.05,0.1,precise,NA,NA,non-outcome,precise,FALSE,FALSE,TRUE
JxXe,67o46,JxXe_glk4wl,67o46_405_1,Extended Push Button Reproduction,1354,1354,0,0.3296935,z,4.58,NA,NA,That all criteria meet Precise Reproduction Criteria.,no,"Considering that it is an ADR, not a PBR anymore and that only the coefficient did not reproduce precisely (the difference being very small), perhaps this should count as a reproduced result.",yes,1151,1557,precise,0.28135,0.38065000000000004,approximate,NA,NA,non-outcome,0.001,0.051000000000000004,precise,NA,NA,non-outcome,approximate,FALSE,FALSE,TRUE
JxXe,67o46,JxXe_b6d13r,67o46_406_1,Extended Push Button Reproduction,1354,1354,0.001,-0.0773201,z,-3.23,NA,NA,That all criteria meet Precise Reproduction Criteria.,no,NA,no,1151,1557,precise,-0.0943,-0.0697,approximate,NA,NA,non-outcome,0.01,0.060000000000000005,precise,NA,NA,non-outcome,approximate,FALSE,FALSE,TRUE
JxXe,67o46,JxXe_m37qpp,67o46_407_1,Extended Push Button Reproduction,1354,1354,0,0.5066495,z,5.22,NA,NA,That all criteria meet Precise Reproduction Criteria.,no,"Considering that it is an ADR, not a PBR anymore and that only the coefficient did not reproduce precisely (the difference being very small), perhaps this should count as a reproduced result.",yes,1151,1557,precise,0.4318,0.5842,approximate,NA,NA,non-outcome,0.001,0.051000000000000004,precise,NA,NA,non-outcome,approximate,FALSE,FALSE,TRUE
7WjP,2g9z2,7WjP_g42d91,2g9z2_408_1,Author Data Reproduction,30,30,0.038,NA,f,4.74,partial eta-squared,0.145,All outcomes should meet the Precise Reproduction Criteria in order to be considered a dichotomous success,no,"Only p-rep didn’t reproduce precisely. All other criteria reproduced successfully. Importantly, all conclusions made by the authors remain unchanged whether p-rep reproduce or not.",yes,26,35,precise,NA,NA,non-outcome,4.029,5.4510000000000005,precise,NA,NA,non-outcome,NA,NA,non-outcome,precise,TRUE,FALSE,TRUE
7WjP,2g9z2,7WjP_m52v4z,2g9z2_409_1,Author Data Reproduction,15,15,0.01592,NA,t,2.3837,partial eta-squared,0.29,All outcomes should meet the Precise Reproduction Criteria in order to be considered a dichotomous success,no,NA,yes,13,17,precise,NA,NA,non-outcome,2.0229999999999997,2.737,precise,NA,NA,non-outcome,NA,NA,non-outcome,precise,TRUE,FALSE,TRUE
7WjP,2g9z2,7WjP_my2oxz,2g9z2_410_1,Author Data Reproduction,15,15,NA,NA,NA,NA,NA,NA,All outcomes should meet the Precise Reproduction Criteria in order to be considered a dichotomous success,no,Only p-rep didn’t reproduce successfully.,yes,13,17,precise,NA,NA,non-outcome,NA,NA,non-outcome,NA,NA,non-outcome,NA,NA,non-outcome,precise,TRUE,FALSE,TRUE
vaWE,2go82,vaWE_m73ov5,2go82_411_1,Extended Push Button Reproduction,245,245,0.021,0.211,NA,NA,NA,NA,The Focal variable p-value meets the Approximate ReproductionCriteria,yes,NA,yes,208,282,precise,0.17935,0.24264999999999998,precise,NA,NA,non-outcome,0,0.071,precise,NA,NA,non-outcome,precise,FALSE,FALSE,FALSE
vaWE,2go82,vaWE_bzyxpq,2go82_412_1,Extended Push Button Reproduction,171,171,0.011,0.286,NA,NA,NA,NA,The Focal variable p-value meets the Approximate ReproductionCriteria,yes,NA,yes,145,197,precise,0.24309999999999998,0.32889999999999997,precise,NA,NA,non-outcome,0,0.060000000000000005,precise,NA,NA,non-outcome,precise,FALSE,FALSE,TRUE
vaWE,2go82,vaWE_gl78od,2go82_413_1,Extended Push Button Reproduction,287,287,0.415,-0.121,NA,NA,NA,NA,NA,yes,"The small deviation in the value of the focal variable p-value is most likely due to the lower number of iterations used in this analysis (1,000 vs 10,000). However, this adjustment is necessary due to the complexity and computer power required to do the full permutation iterations (the analyst’s attempt failed after 7 days).",yes,244,330,precise,-0.13915,-0.10285,precise,NA,NA,non-outcome,0.358,0.45799999999999996,approximate,NA,NA,non-outcome,approximate,FALSE,FALSE,TRUE
pqzK,231w2,pqzK_g47n4q,231w2_414_1,Source Data Reproduction,247,247,NA,NA,NA,NA,NA,NA,All outcomes meet the Precise Reproduction Criteria,yes,NA,yes,210,284,precise,NA,NA,non-outcome,NA,NA,non-outcome,NA,NA,non-outcome,NA,NA,non-outcome,precise,TRUE,FALSE,TRUE
pqzK,231w2,pqzK_m55nxv,231w2_415_1,Source Data Reproduction,247,247,NA,NA,NA,NA,NA,NA,All outcomes meet the Precise Reproduction Criteria,yes,NA,yes,210,284,precise,NA,NA,non-outcome,NA,NA,non-outcome,NA,NA,non-outcome,NA,NA,non-outcome,precise,TRUE,FALSE,TRUE
pqzK,231w2,pqzK_myv8jj,231w2_416_1,Source Data Reproduction,247,247,NA,NA,NA,NA,NA,NA,All outcomes meet the Precise Reproduction Criteria,yes,NA,yes,210,284,precise,NA,NA,non-outcome,NA,NA,non-outcome,NA,NA,non-outcome,NA,NA,non-outcome,precise,TRUE,FALSE,TRUE
pqzK,231w2,pqzK_b27wv7,231w2_417_1,Source Data Reproduction,247,247,NA,NA,NA,NA,NA,NA,All outcomes meet the Precise Reproduction Criteria,yes,NA,yes,210,284,precise,NA,NA,non-outcome,NA,NA,non-outcome,NA,NA,non-outcome,NA,NA,non-outcome,precise,TRUE,FALSE,TRUE
pqzK,231w2,pqzK_m81pl8,231w2_418_1,Source Data Reproduction,247,247,NA,NA,NA,NA,NA,NA,All outcomes meet the Precise Reproduction Criteria,yes,NA,yes,210,284,precise,NA,NA,non-outcome,NA,NA,non-outcome,NA,NA,non-outcome,NA,NA,non-outcome,precise,TRUE,FALSE,TRUE
pqzK,231w2,pqzK_bn52ky,231w2_419_1,Source Data Reproduction,247,243,3.62e-4,0.09122,t,3.576,NA,NA,All outcomes meet the Precise Reproduction Criteria,no,NA,no,210,284,approximate,0.051,0.069,not,NA,NA,non-outcome,0.05,0.1,precise,NA,NA,non-outcome,not,FALSE,FALSE,TRUE
pqzK,231w2,pqzK_brdonz,231w2_420_1,Source Data Reproduction,247,243,0.01824,0.04694,t,2.364,NA,NA,All outcomes meet the Precise Reproduction Criteria,no,NA,no,210,284,approximate,0.0425,0.0575,precise,NA,NA,non-outcome,0.01,0.060000000000000005,approximate,NA,NA,non-outcome,approximate,FALSE,FALSE,TRUE
pqzK,231w2,pqzK_9ko9j1,231w2_421_1,Source Data Reproduction,247,243,0.10616,-0.07927,t,-1.617,NA,NA,All outcomes meet the Precise Reproduction Criteria,no,NA,no,210,284,approximate,-0.1265,-0.0935,not,NA,NA,non-outcome,0.05,0.1,not,NA,NA,non-outcome,not,FALSE,FALSE,TRUE
P1rY,6z8o6,P1rY_bpkknx,6z8o6_422_1,Push Button Reproduction,393,393,NA,NA,NA,NA,NA,NA,That all criteria meet the Precise Reproduction Criteria,yes,NA,yes,334,452,precise,NA,NA,non-outcome,NA,NA,non-outcome,NA,NA,non-outcome,NA,NA,non-outcome,push button,TRUE,FALSE,TRUE
P1rY,6z8o6,P1rY_gqyydv,6z8o6_423_1,Push Button Reproduction,393,393,NA,NA,NA,NA,NA,NA,That all criteria meet the Precise Reproduction Criteria,yes,NA,yes,334,452,precise,NA,NA,non-outcome,NA,NA,non-outcome,NA,NA,non-outcome,NA,NA,non-outcome,push button,TRUE,FALSE,TRUE
P1rY,6z8o6,P1rY_mx22w2,6z8o6_424_1,Push Button Reproduction,393,393,NA,NA,NA,NA,NA,NA,That all criteria meet the Precise Reproduction Criteria,yes,NA,yes,334,452,precise,NA,NA,non-outcome,NA,NA,non-outcome,NA,NA,non-outcome,NA,NA,non-outcome,push button,TRUE,FALSE,TRUE
P1rY,6z8o6,P1rY_bjkk4q,6z8o6_425_1,Push Button Reproduction,393,393,NA,NA,NA,NA,NA,NA,That all criteria meet the Precise Reproduction Criteria,yes,NA,yes,334,452,precise,NA,NA,non-outcome,NA,NA,non-outcome,NA,NA,non-outcome,NA,NA,non-outcome,push button,TRUE,FALSE,TRUE
P1rY,6z8o6,P1rY_m1ddnx,6z8o6_426_1,Push Button Reproduction,826,772,0.02341,NA,z,2.267,NA,NA,That all criteria meet the Precise Reproduction Criteria,no,"The z statistics is negative which might just be a typo in the article (p is an exact value) and the sample size is smaller which is probably because the author forgot to put an information on some additional exclusion during analysis. Nevertheless, the numbers do not match the precise reproduction criteria.",no,702,950,approximate,NA,NA,non-outcome,1.92695,2.60705,precise,0,0.073,precise,NA,NA,non-outcome,approximate,FALSE,FALSE,TRUE
P1rY,6z8o6,P1rY_m9vv75,6z8o6_427_1,Push Button Reproduction,393,393,0.001,-0.1713372,t,-3.49,NA,NA,That all criteria meet the Precise Reproduction Criteria,yes,NA,yes,334,452,precise,-0.19665,-0.14535,precise,NA,NA,non-outcome,0.01,0.060000000000000005,precise,NA,NA,non-outcome,push button,TRUE,FALSE,TRUE
P1rY,6z8o6,P1rY_b422v6,6z8o6_428_1,Push Button Reproduction,826,772,0.01233,NA,z,2.502,NA,NA,That all criteria meet the Precise Reproduction Criteria,no,"The z statistics is negative which might just be a typo in the article (p is an exact value) and the sample size is smaller which is probably because the author forgot to put an information on some additional exclusion during analysis. Nevertheless, the numbers do not match the precise reproduction criteria.",no,702,950,approximate,NA,NA,non-outcome,2.1266999999999996,2.8773,precise,0,0.062,precise,NA,NA,non-outcome,approximate,FALSE,FALSE,TRUE
P1rY,6z8o6,P1rY_g522zw,6z8o6_429_1,Push Button Reproduction,393,393,0,-0.4045378,t,-7.48,NA,NA,That all criteria meet the Precise Reproduction Criteria,yes,NA,yes,334,452,precise,-0.46575,-0.34425,precise,NA,NA,non-outcome,0.01,0.060000000000000005,precise,NA,NA,non-outcome,push button,TRUE,FALSE,TRUE
P1rY,6z8o6,P1rY_gy22py,6z8o6_430_1,Push Button Reproduction,393,393,0,0.5987499,t,9.74,NA,NA,That all criteria meet the Precise Reproduction Criteria,yes,NA,yes,334,452,precise,0.50915,0.68885,precise,NA,NA,non-outcome,0.01,0.060000000000000005,precise,NA,NA,non-outcome,push button,TRUE,FALSE,TRUE
P1rY,6z8o6,P1rY_98316l,6z8o6_431_1,Push Button Reproduction,393,393,0.001,-0.233689,t,-3.28,NA,NA,That all criteria meet the Precise Reproduction Criteria,yes,NA,yes,334,452,precise,-0.2691,-0.1989,precise,NA,NA,non-outcome,0.01,0.060000000000000005,precise,NA,NA,non-outcome,push button,TRUE,FALSE,TRUE
P1rY,6z8o6,P1rY_4q9w49,6z8o6_432_1,Push Button Reproduction,393,393,0,0.1943616,t,4.62,NA,NA,That all criteria meet the Precise Reproduction Criteria,yes,NA,yes,334,452,precise,0.1649,0.22310000000000002,precise,NA,NA,non-outcome,0.01,0.060000000000000005,precise,NA,NA,non-outcome,push button,TRUE,FALSE,TRUE
P1rY,6z8o6,P1rY_5k4pxj,6z8o6_433_1,Push Button Reproduction,393,393,0,0.2345561,t,4.5,NA,NA,That all criteria meet the Precise Reproduction Criteria,yes,NA,yes,334,452,precise,0.19974999999999998,0.27025,precise,NA,NA,non-outcome,0.01,0.060000000000000005,precise,NA,NA,non-outcome,push button,TRUE,FALSE,TRUE
rjb,67116,rjb_mkr71g,67116_434_1,Push Button Reproduction,174,174,0.024,0.04,t,2.28,NA,NA,"For this claim, a successful reproduction attempt is considered the Focal variable coefficient and all Secondary Outcomes meet the Approximate Reproduction Criteria.",yes,NA,yes,148,200,precise,0.034,0.046,precise,1.9379999999999997,2.622,precise,0,0.07,precise,NA,NA,non-outcome,push button,TRUE,FALSE,FALSE
rjb,67116,rjb_m71nkm,67116_435_1,Push Button Reproduction,174,174,0.024,0.04,t,2.28,NA,NA,"For this claim, a successful reproduction attempt is considered the Focal variable coefficient and all Secondary Outcomes meet the Approximate Reproduction Criteria.",yes,NA,yes,148,200,precise,0.034,0.046,precise,1.9379999999999997,2.622,precise,0,0.07,precise,NA,NA,non-outcome,push button,TRUE,FALSE,TRUE
rjb,67116,rjb_bz1ddg,67116_436_1,Push Button Reproduction,135,135,0.001,0.075,t,3.418,NA,NA,"For this claim, a successful reproduction attempt is considered the Focal variable coefficient and all Secondary Outcomes meet the Approximate Reproduction Criteria.",yes,NA,yes,115,155,precise,0.059500000000000004,0.0805,approximate,2.907,3.933,precise,0.001,0.051000000000000004,approximate,NA,NA,non-outcome,approximate,TRUE,FALSE,TRUE
rjb,67116,rjb_gl9nvg,67116_437_1,Push Button Reproduction,135,135,0.001,0.075,t,3.418,NA,NA,"For this claim, a successful reproduction attempt is considered the Focal variable coefficient and all Secondary Outcomes meet the Approximate Reproduction Criteria.",yes,NA,yes,115,155,precise,0.059500000000000004,0.0805,approximate,2.907,3.933,precise,0.001,0.051000000000000004,approximate,NA,NA,non-outcome,approximate,TRUE,FALSE,TRUE
wRvv,65wm6,wRvv_m7zd6r,65wm6_438_1,Source Data Reproduction,110732,68113,0,0.18124605,t,42.148,NA,NA,"For this claim, a successful reproduction attempt is a focal coefficient within 15% accuracy of the original focal coefficient.",yes,"The claim was successfully reproduced as a statistically significant approximate coefficient was obtained. Note that the original author did not disclose the analytical sample, hence the analytical sample size did not reproduce in this analysis. In this analysis, there were 68,113 observations at Level 1, 53 observations at Level 2 (versus 64 reported in the original text) and 15 observations at Level 3 (versus 16 reported in the original text). However, this does not influence the reproduction outcome as the coefficient size was the key metric used to assess the success of the claim reproduction.",yes,94122,127342,not,0.14450000000000002,0.1955,approximate,NA,NA,non-outcome,0,0.05,precise,NA,NA,non-outcome,not,FALSE,FALSE,TRUE
wRvv,65wm6,wRvv_bz6lqp,65wm6_439_1,Source Data Reproduction,110732,68377,0,0.13548846,t,33.438,NA,NA,"For this claim, a successful reproduction attempt is a focal coefficient within 15% accuracy of the original focal coefficient.",yes,"The claim was successfully reproduced as a statistically significant approximate coefficient was obtained. Note that the original author did not disclose the analytical sample, hence the analytical sample size did not reproduce in this analysis. In this analysis, there were 68,113 observations at Level 1, 53 observations at Level 2 (versus 64 reported in the original text) and 15 observations at Level 3 (versus 16 reported in the original text). However, this does not influence the reproduction outcome as the coefficient size was the key metric used to assess the success of the claim reproduction.",yes,94122,127342,not,0.1105,0.1495,approximate,NA,NA,non-outcome,0,0.05,precise,NA,NA,non-outcome,not,FALSE,FALSE,TRUE
wRvv,65wm6,wRvv_gld3y5,65wm6_440_1,Source Data Reproduction,110732,68198,0,0.15195482,t,33.502,NA,NA,"For this claim, a successful reproduction attempt is a focal coefficient within 15% accuracy of the original focal coefficient.",yes,"The claim was successfully reproduced as statistically significant approximate coefficient was obtained. Note that the original author did not disclose the analytical sample, hence the analytical sample size did not reproduce in this analysis. In this analysis, there were 68,113 observations at Level 1, 53 observations at Level 2 (versus 64 reported in the original text) and 15 observations at Level 3 (versus 16 reported in the original text). However, this does not influence the reproduction outcome as the coefficient size was the key metric used to assess the success of the claim reproduction.",yes,94122,127342,not,0.11900000000000001,0.161,approximate,NA,NA,non-outcome,0,0.05,precise,NA,NA,non-outcome,not,FALSE,FALSE,TRUE
wRvv,65wm6,wRvv_m328ro,65wm6_441_1,Source Data Reproduction,110732,68377,0,-0.07629419,t,-8.781,NA,NA,"For this claim, a successful reproduction attempt is a focal coefficient within 15% accuracy of the original focal coefficient.",no,"The direction of the coefficient was opposite of that in the original paper (i.e., the finding in the original paper had a positive coefficient, while a negative coefficient was found in the reproduction effort). This may an error in reporting by the original author because the simple coefficients for the concern in immigration and long-term history of immigration separately (i.e., the simple effects of variables that created the interaction term) have been reproduced in this model (i.e., both had positive coefficients). Moreover, the coefficient for the interaction term of interest, while it is in the opposite direction, it was statistically significant. While this interpretation may shed some light on why the finding was not reproduced, it does not change the outcome of the reproduction attempt – the attempt at claim reproduction was unsuccessful. As with previous claims, the original author did not disclose the analytical sample, hence the analytical sample size did not reproduce in this analysis. In this analysis, there were 68,113 observations at Level 1, 53 observations at Level 2 (versus 64 reported in the original text) and 15 observations at Level 3 (versus 16 reported in the original text). However, this does not influence the reproduction outcome as the coefficient size was the key metric used to assess the success of the claim reproduction.",no,94122,127342,not,0.051,0.069,not,NA,NA,non-outcome,0,0.05,precise,NA,NA,non-outcome,not,FALSE,FALSE,TRUE
wRvv,65wm6,wRvv_gxvxw2,65wm6_442_1,Source Data Reproduction,110732,68198,3.6932329e-10,0.003875047,t,6.267,NA,NA,"For this claim, a successful reproduction attempt is a focal coefficient within 15% accuracy of the original focal coefficient.",no,"This claim reproduction is considered unsuccessful due to the approximation criteria of 15% of the original coefficient applied to a very small coefficient. Given the outcome was statistically significant and in the same direction, this would perhaps normally not be considered a failure in reproduction. However, keeping in line with the original pre-registration decisions, this reproduction outcome is not successful. As with previous claims, the original author did not disclose the analytical sample, hence the analytical sample size did not reproduce in this analysis. In this analysis, there were 68,113 observations at Level 1, 53 observations at Level 2 (versus 64 reported in the original text) and 15 observations at Level 3 (versus 16 reported in the original text). However, this does not influence the reproduction outcome as the coefficient size was the key metric used to assess the success of the claim reproduction.",no,94122,127342,not,0.00255,0.00345,not,NA,NA,non-outcome,0,0.05,precise,NA,NA,non-outcome,not,FALSE,FALSE,TRUE
Ryq7,2yz86,Ryq7_single-trace,2yz86_443_1,Source Data Reproduction,275,277,1.01e-14,0.196488409,NA,NA,NA,NA,The reproduction will be considered successful if all approximate reproduction criteria above are met.,no,The main problem with the reproduction of this study has been the ambiguity in the description of advanced filters. While the required sample size was closely reached the underlying unaggregated cases probably did not match the authors’ selection. From the description in the paper the advanced filters – described in detail in the analysis script –could not be reproduced.,no,234,316,approximate,0.3315,0.4485,not,NA,NA,non-outcome,0.05,0.1,precise,NA,NA,non-outcome,not,FALSE,FALSE,FALSE
qgWj,215g2,qgWj_pplx84,215g2_444_1,Source Data Reproduction,73175,48100,1.22e-11,0.5541,t,8.355,NA,NA,All outcomes meet the Precise Reproduction Criteria,no,NA,no,62199,84151,not,0.7055,0.9544999999999999,not,8.415000000000001,11.385,not,0.01,0.060000000000000005,precise,NA,NA,non-outcome,not,FALSE,FALSE,TRUE
qgWj,215g2,qgWj_q76z8j,215g2_445_1,Source Data Reproduction,73175,48100,2.14e-11,1.162,t,8.193,NA,NA,All outcomes meet the Precise Reproduction Criteria,no,NA,no,62199,84151,not,0.8415,1.1385,not,4.93,6.67,not,0.01,0.060000000000000005,precise,NA,NA,non-outcome,not,FALSE,FALSE,TRUE
qgWj,215g2,qgWj_x61xpy,215g2_446_1,Source Data Reproduction,73175,48100,0.062695,0.1894,t,1.897,NA,NA,All outcomes meet the Precise Reproduction Criteria,no,NA,no,62199,84151,not,0.459,0.621,not,3.9099999999999997,5.289999999999999,not,0.01,0.060000000000000005,not,NA,NA,non-outcome,not,FALSE,FALSE,TRUE
qgWj,215g2,qgWj_j6qlvv,215g2_447_1,Source Data Reproduction,73175,48100,1.29e-10,0.9929,t,7.719,NA,NA,All outcomes meet the Precise Reproduction Criteria,no,NA,no,62199,84151,not,0.6715,0.9085000000000001,not,3.9099999999999997,5.289999999999999,not,0.01,0.060000000000000005,precise,NA,NA,non-outcome,not,FALSE,FALSE,TRUE
qgWj,215g2,qgWj_1r285j,215g2_448_1,Source Data Reproduction,47,28,0.0495,0.35102,t,2.073,NA,NA,All outcomes meet the Precise Reproduction Criteria,no,NA,no,40,54,not,0.935,1.2650000000000001,not,6.205,8.395,not,0.01,0.060000000000000005,approximate,NA,NA,non-outcome,not,FALSE,FALSE,TRUE
qgWj,215g2,qgWj_9olz6z,215g2_449_1,Source Data Reproduction,118,36,0.0495,0.415676,t,2.047,NA,NA,All outcomes meet the Precise Reproduction Criteria,no,NA,no,100,136,not,0.884,1.196,not,7.99,10.81,not,0.01,0.060000000000000005,approximate,NA,NA,non-outcome,not,FALSE,FALSE,TRUE
Njqj,6o5m6,Njqj_mynkxx,6o5m6_459_1,Extended Push Button Reproduction,510,617,0.007,-0.004286,z,-2.7,NA,NA,All outcomes must meet the precise reproduction criteria.,no,There is some missing information related to data cleaning that would be necessary to precisely replicate this claim.,no,434,587,not,-0.0529,-0.0391,not,NA,NA,non-outcome,0.35000000000000003,0.4,not,NA,NA,non-outcome,not,FALSE,FALSE,TRUE
bLe8,24733,bLe8_single-trace,24733_461_1,Push Button Reproduction,1295,1295,0.008,566.5337,t,2.71,NA,NA,"The claim focuses on the first column of Table 3 of the paper, specifically on the coefficient for “Low-caste villages” and its significance. I think there are two ways to achieve reproduction success: precise reproduction is achieved if all defined primary and secondary outcomes (i.e.sample size, focal variable coefficient and significance of the focal variable coefficient) meet the precise reproduction criteria, while approximate reproduction is achieved if some or all the outcomes meet only the approximate criteria and none of the outcomes is in the ‘Not reproduced’ criteria. I will consider the reproduction a success unless at least one of the outcomes falls under the ‘Not reproduced’ criteria.",yes,"All defined primary and secondary outcomes (i.e.sample size, focal variable coefficient and significance of the focal variable coefficient) were precisely reproduced. So this was a successful reproduction, and specifically a precise reproduction.",yes,1101,1489,precise,481.525,651.475,precise,NA,NA,non-outcome,0.01,0.060000000000000005,precise,NA,NA,non-outcome,push button,TRUE,FALSE,TRUE
PkXJ,288y4,PkXJ_single-trace,288y4_462_1,Author Data Reproduction,388,388,0.313,-0.047,NA,NA,NA,NA,"We will conclude that the given claim reproduced if both, (1) the structural equation model that the claim/parameter is part of converges without an error and (2) if the given effect estimate will be within the 15% approximate reproduction bounds.",no,NA,no,330,446,precise,-0.138,-0.102,not,NA,NA,non-outcome,0.05,0.1,not,NA,NA,non-outcome,not,FALSE,FALSE,TRUE
e2pq,2kgw8,e2pq_single-trace,2kgw8_463_1,Author Data Reproduction,392,392,0.057,0.124,NA,NA,NA,NA,"We will conclude that the given claim reproduced if both, (1) the structural equation model that the claim/parameter is part of converges without an error and (2) if the given effect estimate will be within the 15% approximate reproduction bounds.",yes,NA,yes,333,451,precise,0.0935,0.1265,approximate,NA,NA,non-outcome,0.05,0.1,approximate,NA,NA,non-outcome,approximate,FALSE,FALSE,TRUE
jDWN,2w1k2,jDWN_bz2289,2w1k2_464_1,Source Data Reproduction,13242,13295,0,0.2758,z,8.333,NA,NA,All outcomes meet the precise reproduction criteria.,no,NA,no,11256,15228,approximate,0.1785,0.2415,not,NA,NA,non-outcome,0.01,0.060000000000000005,precise,NA,NA,non-outcome,not,TRUE,FALSE,TRUE
jDWN,2w1k2,jDWN_glzzv7,2w1k2_465_1,Source Data Reproduction,679,201,0.0438,0.188,z,2.016,NA,NA,All outcomes meet the precise reproduction criteria.,no,Only two studies for prosocial motivation were obtained and included for the reproduction attempt instead of five studies mentioned in the paper. The three missing studies were not available in the data provided by the authors as well.,no,577,781,not,0.059500000000000004,0.0805,not,NA,NA,non-outcome,0.01,0.060000000000000005,approximate,NA,NA,non-outcome,not,TRUE,FALSE,TRUE
jDWN,2w1k2,jDWN_m7447x,2w1k2_466_1,Source Data Reproduction,13562,13562,0,0.2594,z,8.8363,NA,NA,All outcomes meet the precise reproduction criteria.,no,NA,no,11528,15596,precise,0.136,0.184,not,NA,NA,non-outcome,0.01,0.060000000000000005,precise,NA,NA,non-outcome,not,TRUE,FALSE,TRUE
GQvr,6m37m,GQvr_b2ndk6,6m37m_467_1,Source Data Reproduction,1747,1638,0.265,-0.00762,NA,NA,NA,NA,"The claim will be considered reproducible if the slope growth factor of the continuous part for family SES (for females) meets the approximate reproduction criteria for sample size(1485≤n≤2009) and the coefficient (-0.17≤GF≤-0.13), and the precise reproduction criteria for the p-value (p < .05)",no,NA,no,1485,2009,approximate,-0.1725,-0.1275,not,NA,NA,non-outcome,0.05,0.1,not,NA,NA,non-outcome,not,FALSE,FALSE,TRUE
GQvr,6m37m,GQvr_bo7od7,6m37m_468_1,Source Data Reproduction,1747,1638,0.484,-0.00313,NA,NA,NA,NA,"The claim will be considered reproducible if the intercept growth factor of the continuous part for GMA (for females) meets the approximate reproduction criteria for sample size (1485≤n≤2009) and the coefficient (-0.14≤GF≤-0.10), and the precise reproduction criteria for the p-value (p <.10)",no,NA,no,1485,2009,approximate,-0.138,-0.102,not,NA,NA,non-outcome,0.1,0.15000000000000002,not,NA,NA,non-outcome,not,FALSE,FALSE,TRUE
GQvr,6m37m,GQvr_g4zvd6,6m37m_469_1,Source Data Reproduction,1747,1638,1.74e-4,-0.126,NA,NA,NA,NA,"The claim will be considered reproducible if the intercept growth factor of the binary part for self-esteem (for males) meets the approximate reproduction criteria for sample size (1485≤n≤2009), the coefficient (0.12≤GF≤0.16), and the p-value (.001≤p≤.051)",no,NA,no,1485,2009,approximate,0.11900000000000001,0.161,not,NA,NA,non-outcome,0.001,0.051000000000000004,precise,NA,NA,non-outcome,not,FALSE,FALSE,TRUE
GQvr,6m37m,GQvr_m5lzvw,6m37m_470_1,Source Data Reproduction,1747,1638,0.002,-0.147,NA,NA,NA,NA,"The claim will be considered reproducible if the intercept growth factor of the binary part for self-esteem (for females) meets the approximate reproduction criteria for sample size (1485≤n≤2009), the coefficient (0.12≤GF≤0.16), and the p-value (.001≤p≤.051)",no,NA,no,1485,2009,approximate,0.11900000000000001,0.161,not,NA,NA,non-outcome,0.001,0.051000000000000004,approximate,NA,NA,non-outcome,not,FALSE,FALSE,TRUE
GQvr,6m37m,GQvr_m8w39o,6m37m_471_1,Source Data Reproduction,1747,1638,0.305,0.00352,NA,NA,NA,NA,"The claim will be considered reproducible if the intercept growth factor of the continuous part for GMA (for males) meets the approximate reproduction criteria for sample size (1485≤n≤2009) and the coefficient (0.07≤GF≤0.09), and the precise reproduction criteria for the p-value (p > .10)",no,NA,no,1485,2009,approximate,0.068,0.092,not,NA,NA,non-outcome,0.05,0.1,precise,NA,NA,non-outcome,not,FALSE,FALSE,TRUE
GQvr,6m37m,GQvr_my5poy,6m37m_472_1,Source Data Reproduction,1747,1638,0.752,-0.104,NA,NA,NA,NA,"The claim will be considered reproducible if the slope growth factor of the binary part for self-esteem (for females) meets the approximate reproduction criteria for sample size (1485≤n≤2009) and the coefficient (0.12≤GF≤0.16), and the precise reproduction criteria for the p-value (p < .05)",no,NA,no,1485,2009,approximate,0.11900000000000001,0.161,not,NA,NA,non-outcome,0.05,0.1,not,NA,NA,non-outcome,not,FALSE,FALSE,TRUE
9OK1,6oy46,9OK1_6rvr3z,6oy46_473_1,Push Button Reproduction,7344,7344,NA,-0.0785619,NA,NA,NA,NA,That all criteria meet the Precise Reproduction Criteria.,yes,NA,yes,6242,8446,precise,-0.09085,-0.06715,precise,NA,NA,non-outcome,NA,NA,non-outcome,NA,NA,non-outcome,push button,TRUE,FALSE,TRUE
9OK1,6oy46,9OK1_l8d8wj,6oy46_474_1,Push Button Reproduction,7344,7344,NA,-0.0678745,NA,NA,NA,NA,That all criteria meet the Precise Reproduction Criteria.,yes,NA,yes,6242,8446,precise,-0.0782,-0.0578,precise,NA,NA,non-outcome,NA,NA,non-outcome,NA,NA,non-outcome,push button,TRUE,FALSE,TRUE
BrGp,24783,BrGp_b15j8q,24783_475_1,Source Data Reproduction,99,96,NA,NA,NA,NA,NA,NA,"The claim will be considered reproducible if a reproduction of Figure 3 (top panel: Dear & Begg selection model) will (1) meet the approximate reproduction criterion for sample size (85< n < 114, inclusive of endpoints) and (2) lead to the same qualitative conclusion: nonflat weight functions for the distribution of effect sizes reported in Vohs et al. (2006) and Caruso et al. (2013) and in Tables 1and 2 from Vohs (2015), with the weights being highest for lower p-values (in particular, p < .10), while the weight functions for Rohrer et al. (2015) and Klein et al. (2014) will be much less flat and will display less“bunching” at lower p-values.",yes,NA,yes,84,114,approximate,NA,NA,non-outcome,NA,NA,non-outcome,NA,NA,non-outcome,NA,NA,non-outcome,approximate,FALSE,FALSE,FALSE
BrGp,24783,BrGp_gjvjlo,24783_476_1,Source Data Reproduction,116,117,NA,NA,NA,NA,NA,NA,The claim will be considered reproducible if a reproduction of Figure 2 will(1) meet the approximate reproduction criterion for sample size (99≤n≤134) and (2) lead to the same qualitative conclusion: the density function of the z scores for Vohs et al. (2006) and Caruso et al. (2013)peaks only slightly to the right of the vertical line that represents statistical significance (z = 1.96).,yes,NA,yes,99,133,approximate,NA,NA,non-outcome,NA,NA,non-outcome,NA,NA,non-outcome,NA,NA,non-outcome,approximate,FALSE,FALSE,FALSE
BrGp,24783,BrGp_y3kqy7,24783_477_1,Source Data Reproduction,NA,NA,0.002979181,NA,NA,NA,NA,NA,"The claim will be considered reproducible if a one-tailed binomial test contrasting the observed proportion of significant results with the probability of success given the estimate of power meets the precise reproduction criteria outlined above for the p-value (p = .017) and proportion of significant results (proportion = .86), and the approximate reproduction criteria for the mean power to detect the fixed effects estimate (.47≤mean power≤.63).",no,NA,no,NA,NA,non-outcome,NA,NA,non-outcome,NA,NA,non-outcome,0,0.067,approximate,NA,NA,non-outcome,approximate,TRUE,FALSE,FALSE
lxXV,y791,lxXV_single-trace,y791_478_1,Source Data Reproduction,32417,35648,0,-0.201,NA,NA,NA,NA,NA,yes,"The main coefficient is approximately reproduced. It is very close and would lead to the same conclusions as the original study. Thus, as long as one relies on the results from Table 5 (Stat v. R), then it is safe to say any differences are negligible. Most likely the data used 15 years ago, and the final version of the EUREQUAL data prepared to be shared publicly had slight variations in either coding or cases. Discovering those exact reasons for variation is beyond the scope of this study.",yes,27554,37280,approximate,-0.253,-0.187,approximate,NA,NA,non-outcome,0.001,0.051000000000000004,precise,NA,NA,non-outcome,approximate,FALSE,FALSE,TRUE
9DZl,0008,9DZl_single-trace,0008_479_1,Push Button Reproduction,NA,NA,0.005,NA,f,8.5,NA,NA,NA,yes,NA,yes,NA,NA,non-outcome,NA,NA,non-outcome,7.225,9.775,precise,0,0.055,precise,NA,NA,non-outcome,push button,NA,FALSE,FALSE
La9x,0036,La9x_single-trace,0036_480_1,Push Button Reproduction,NA,NA,0.003,4.0625,t,3.58,NA,NA,NA,undefined,NA,undefined,NA,NA,non-outcome,3.4509999999999996,4.669,precise,NA,NA,non-outcome,0.01,0.060000000000000005,precise,NA,NA,non-outcome,push button,NA,FALSE,TRUE
Q1dl,05k6,Q1dl_single-trace,05k6_481_1,Push Button Reproduction,NA,NA,0.015,NA,f,6.202,NA,NA,NA,yes,"Note: I believe the degrees of freedom should be 73, rather than 78, given that the number of participants is 81 and total number of predictors in the final model is 7",yes,NA,NA,non-outcome,NA,NA,non-outcome,5.2700000000000005,7.13,precise,0.015,0.065,approximate,NA,NA,non-outcome,approximate,NA,FALSE,FALSE
Vx4e,0937,Vx4e_single-trace,0937_482_1,Push Button Reproduction,NA,NA,0,-2.479105,z,-108.57,NA,NA,NA,undefined,NA,undefined,NA,NA,non-outcome,-2.85085,-2.10715,precise,NA,NA,non-outcome,NA,NA,non-outcome,NA,NA,non-outcome,push button,NA,FALSE,TRUE
YpZZ,1012,YpZZ_single-trace,1012_483_1,Author Data Reproduction,81,81,2e-6,NA,t,5.079,correlation,0.496,NA,yes,"The reproduction attempt was successful in general, with minor deviations from the reported values. The sample size in each group turned out as reported (relative intrinsic group: 46, relative extrinsic group: 35). The relative intrinsic group had a mean score of 4.007 on the WTP (willingness to pay) as reported, but the standard deviation was .59, unlike what was reported in the original paper (0.71). The relative extrinsic group had a mean score of 3.286 with a standard deviation of .687, whereas, in the original paper, the mean score was 3.30, with a standard deviation of .59. The difference between the groups was significant in the reported direction, yet again with minor deviations in the statistics. The t value (df=79) in the data was 5.079 instead of 4.87 in the paper, and the corresponding p-value was 0.000002. Lastly, in the data, the correlation between the grouping variable (Grouping_Int_Ext) and the dependent variable(WTP) was .496, whereas it was reported as .48 in the paper. All of the above-mentioned deviations were due to the original authors' mistake in recoding the reverse item in the WTP measure (not_my_money) for cases #123 and #127, which led to erroneous results in the original paper. If they had properly recoded these scores, they would have the exact same results as reported in this reproduction report.",yes,69,93,precise,NA,NA,non-outcome,4.1395,5.6005,approximate,0.001,0.051000000000000004,precise,0.408,0.5519999999999999,approximate,approximate,NA,FALSE,TRUE
8Wy0,1564,8Wy0_single-trace,1564_484_1,Push Button Reproduction,NA,NA,0.005,2.844962,NA,NA,NA,NA,NA,yes,The reproduction attempt was successful.,yes,NA,NA,non-outcome,2.41825,3.2717500000000004,precise,NA,NA,non-outcome,0.01,0.060000000000000005,precise,NA,NA,non-outcome,push button,NA,FALSE,TRUE
2lb5,174z,2lb5_single-trace,174z_485_1,Push Button Reproduction,NA,NA,0,0.1869207,NA,NA,NA,NA,NA,yes,The reproduction attempt was successful.,yes,NA,NA,non-outcome,0.15895,0.21505,precise,NA,NA,non-outcome,NA,NA,non-outcome,NA,NA,non-outcome,push button,NA,FALSE,TRUE
EKBZ,191z,EKBZ_single-trace,191z_486_1,Push Button Reproduction,NA,NA,0.00603,NA,f,7.703,NA,NA,NA,yes,Confirmed.,yes,NA,NA,non-outcome,NA,NA,non-outcome,6.545,8.855,precise,0,0.056,precise,NA,NA,non-outcome,push button,NA,FALSE,TRUE
e5rW,1962,e5rW_single-trace,1962_487_1,Push Button Reproduction,NA,NA,0.002,3.587,NA,NA,NA,NA,NA,yes,The reproduction attempt was successful.,yes,NA,NA,non-outcome,3.04895,4.12505,precise,NA,NA,non-outcome,NA,NA,non-outcome,NA,NA,non-outcome,push button,NA,FALSE,TRUE
Nv99,2816,Nv99_single-trace,2816_488_1,Push Button Reproduction,NA,NA,0.013,0.3111,NA,NA,NA,NA,NA,yes,The reproduction attempt was successful.,yes,NA,NA,non-outcome,0.26435,0.35765,precise,NA,NA,non-outcome,0.05,0.1,precise,NA,NA,non-outcome,push button,NA,FALSE,FALSE
G1Lr,2zg7,G1Lr_single-trace,2zg7_489_1,Extended Push Button Reproduction,NA,NA,0,NA,t,3.43,partial eta-squared,0.11,NA,yes,Confirmed. Note: The SD values for the two groups were switched in the original article.,yes,NA,NA,non-outcome,NA,NA,non-outcome,2.9155,3.9445,precise,0.001,0.051000000000000004,precise,0.0935,0.1265,precise,precise,NA,FALSE,TRUE
G55r,302k,G55r_single-trace,302k_490_1,Push Button Reproduction,NA,NA,0,31.40501,t,5.43,NA,NA,NA,yes,The reproduction attempt was successful.,yes,NA,NA,non-outcome,26.689999999999998,36.11,precise,NA,NA,non-outcome,NA,NA,non-outcome,NA,NA,non-outcome,push button,NA,FALSE,TRUE
wRvv,312k,wRvv_single-trace,312k_491_1,Source Data Reproduction,110732,69522,0,0.178,t,41.583,NA,NA,NA,yes,"Results indicate that concern with immigration is significantly positively associated with distrust in parliament, i.e. the result of the original study was reproduced.",yes,94122,127342,not,0.14450000000000002,0.1955,approximate,NA,NA,non-outcome,0,0.05,precise,NA,NA,non-outcome,not,NA,FALSE,FALSE
Wre,316k,Wre_single-trace,316k_492_1,Push Button Reproduction,NA,NA,0.022,NA,f,5.758,partial eta-squared,0.145,NA,yes,Confirmed. Just a note though: Do not run the syntax related to recoding variables as the variables have already been recoded.,yes,NA,NA,non-outcome,NA,NA,non-outcome,4.896,6.624,precise,0,0.072,precise,0.1275,0.1725,precise,push button,NA,FALSE,TRUE
P1rY,328k,P1rY_single-trace,328k_493_1,Push Button Reproduction,NA,NA,0.001,-0.1713372,NA,NA,NA,NA,NA,yes,The reproduction attempt was successful,yes,NA,NA,non-outcome,-0.19665,-0.14535,precise,NA,NA,non-outcome,0.01,0.060000000000000005,precise,NA,NA,non-outcome,push button,NA,FALSE,FALSE
P8az,32z3,P8az_single-trace,32z3_494_1,Push Button Reproduction,NA,NA,0,1.219,z,6.35,NA,NA,NA,undefined,NA,undefined,NA,NA,non-outcome,1.0361500000000001,1.40185,precise,NA,NA,non-outcome,0.05,0.1,precise,NA,NA,non-outcome,push button,NA,FALSE,TRUE
DEqr,3g03,DEqr_single-trace,3g03_495_1,Push Button Reproduction,NA,NA,0,-0.335221,NA,NA,NA,NA,NA,yes,The replication was successful.,yes,NA,NA,non-outcome,NA,NA,non-outcome,NA,NA,non-outcome,0.01,0.060000000000000005,precise,-0.391,-0.289,non-outcome,push button,NA,FALSE,FALSE
4XLv,3gg3,4XLv_single-trace,3gg3_496_1,Extended Push Button Reproduction,NA,NA,0.021,0.5455621,z,2.3,NA,NA,NA,yes,Analyst was able to reproduce the results after the extended PBR attempt,yes,NA,NA,non-outcome,0.46410000000000007,0.6279,precise,NA,NA,non-outcome,0.05,0.1,precise,NA,NA,non-outcome,precise,NA,FALSE,TRUE
gdlO,3z03,gdlO_single-trace,3z03_497_1,Extended Push Button Reproduction,NA,NA,0.0313,NA,NA,NA,NA,NA,NA,yes,Analyst was able to reproduce the results after the extended PBR attempt,yes,NA,NA,non-outcome,NA,NA,non-outcome,NA,NA,non-outcome,0,0.081,precise,NA,NA,non-outcome,precise,NA,FALSE,TRUE
EQxa,3z3k,EQxa_single-trace,3z3k_498_1,Author Data Reproduction,NA,NA,1.21e-7,NA,f,29.049,partial eta-squared,0.068342276,NA,undefined,NA,undefined,NA,NA,non-outcome,NA,NA,non-outcome,24.65,33.35,approximate,0.001,0.051000000000000004,precise,0.059500000000000004,0.0805,precise,approximate,NA,FALSE,TRUE
2GKO,4142,2GKO_single-trace,4142_499_1,Source Data Reproduction,NA,175,0.069084,0.05431,NA,NA,NA,NA,NA,no,"In the focal reproduction analysis(Table 1), the result is not consistent with the original study while the applied sample size is not the same as well. The dataset contained empty cells where it is unclear how the original study deal with the empty cells. This might be the reason why the result does not consistent with each other.",no,NA,NA,non-outcome,0.1054,0.1426,not,NA,NA,non-outcome,0.05,0.1,approximate,NA,NA,non-outcome,not,NA,FALSE,TRUE
OeGv,4980,OeGv_single-trace,4980_500_1,Push Button Reproduction,NA,NA,0.003,-18.73347,t,-3.92,NA,NA,NA,undefined,NA,undefined,NA,NA,non-outcome,-21.5395,-15.9205,precise,NA,NA,non-outcome,0,0.060000000000000005,approximate,NA,NA,non-outcome,approximate,NA,FALSE,FALSE
GOYb,50y8,GOYb_single-trace,50y8_501_1,Push Button Reproduction,NA,NA,0,-3.519048,z,-3.75,NA,NA,NA,undefined,NA,undefined,NA,NA,non-outcome,-4.04685,-2.99115,precise,NA,NA,non-outcome,0.01,0.060000000000000005,precise,NA,NA,non-outcome,push button,NA,FALSE,TRUE
V0PA,57g6,V0PA_single-trace,57g6_502_1,Push Button Reproduction,NA,NA,0.029,-0.0103388,z,-2.19,NA,NA,NA,undefined,NA,undefined,NA,NA,non-outcome,-0.0115,-0.0085,precise,NA,NA,non-outcome,0.05,0.1,precise,NA,NA,non-outcome,push button,NA,FALSE,TRUE
mrZ,5916,mrZ_single-trace,5916_503_1,Push Button Reproduction,NA,NA,0.0162,NA,z,2.139,NA,NA,NA,yes,"Confirmed. Note: The direction of the correlations seems to have flipped in the reproduction results; thus, it is unclear whether that was a typo in the original article. In addition, the reported degrees of freedom for each correlation seem to report the total n for each sample (i.e., no reminder vs. reminder), rather than n - 2. In any case, the focal test was still confirmed despite these discrepancies.",yes,NA,NA,non-outcome,NA,NA,non-outcome,1.8190000000000002,2.4610000000000003,precise,0.05,0.1,precise,NA,NA,non-outcome,push button,NA,FALSE,TRUE
7d4J,5g68,7d4J_single-trace,5g68_504_1,Push Button Reproduction,NA,NA,0.043,-0.06899,t,-2.02,NA,NA,NA,undefined,NA,undefined,NA,NA,non-outcome,-0.07935,-0.05865,precise,NA,NA,non-outcome,0.05,0.1,precise,NA,NA,non-outcome,push button,NA,FALSE,TRUE
Rjp9,5yg9,Rjp9_single-trace,5yg9_505_1,Push Button Reproduction,NA,NA,0.003,0.382316,t,3.03,NA,NA,NA,undefined,NA,undefined,NA,NA,non-outcome,0.3247,0.4393,precise,NA,NA,non-outcome,0.01,0.060000000000000005,precise,NA,NA,non-outcome,push button,NA,FALSE,TRUE
yzgG,5z18,yzgG_single-trace,5z18_506_1,Push Button Reproduction,NA,NA,0.024,NA,z,2.25,hazard ratio,1.109687,NA,yes,The focal test is reproduced,yes,NA,NA,non-outcome,NA,NA,non-outcome,NA,NA,non-outcome,NA,NA,non-outcome,0.9435000000000001,1.2765000000000002,precise,push button,NA,FALSE,TRUE
5PyD,600k,5PyD_single-trace,600k_507_1,Push Button Reproduction,NA,NA,0,0.5072804,z,36.21,NA,NA,NA,undefined,NA,undefined,NA,NA,non-outcome,0.43095,0.58305,precise,NA,NA,non-outcome,0.01,0.060000000000000005,precise,NA,NA,non-outcome,push button,NA,FALSE,TRUE
88xa,6168,88xa_single-trace,6168_508_1,Push Button Reproduction,NA,NA,0.0147,NA,f,6.12,NA,NA,NA,yes,The reproduction attempt was mostly successful.,yes,NA,NA,non-outcome,NA,NA,non-outcome,4.8365,6.543500000000001,approximate,0.02,0.07,precise,NA,NA,non-outcome,approximate,NA,FALSE,TRUE
jaK4,6727,jaK4_single-trace,6727_509_1,Push Button Reproduction,NA,NA,0,-0.5818793,NA,NA,NA,NA,The reproduction attempt was successful.,yes,NA,yes,NA,NA,non-outcome,-0.669185,-0.494615,precise,NA,NA,non-outcome,0.01,0.060000000000000005,precise,NA,NA,non-outcome,push button,NA,FALSE,TRUE
3zRW,6797,3zRW_single-trace,6797_510_1,Push Button Reproduction,NA,NA,0.001,-0.3413929,NA,NA,NA,NA,NA,yes,The reproduction attempt was successful,yes,NA,NA,non-outcome,-0.39215,-0.28985,precise,NA,NA,non-outcome,0.1,0.15000000000000002,precise,NA,NA,non-outcome,push button,NA,FALSE,TRUE
EdQy,6g28,EdQy_single-trace,6g28_511_1,Extended Push Button Reproduction,NA,NA,0,NA,f,6.19,NA,NA,NA,undefined,NA,undefined,NA,NA,non-outcome,NA,NA,non-outcome,5.261500000000001,7.1185,precise,0,0.05,precise,NA,NA,non-outcome,precise,NA,FALSE,TRUE
zlBL,7515,zlBL_single-trace,7515_512_1,Source Data Reproduction,NA,NA,0,NA,NA,NA,hazard ratio,0.91,NA,yes,"The reproduction results are in line with the findings in the original paper (Hazard ratio = 0.91, 95% CI  = [0.86, 0.96], p < 0.001 and a sample of 4,558participants, of these, 546 died during follow-up). Consequently, this reproduction was successful according to the SCORE criteria.",yes,NA,NA,non-outcome,NA,NA,non-outcome,NA,NA,non-outcome,0.001,0.051000000000000004,precise,0.7735000000000001,1.0465,precise,precise,NA,FALSE,TRUE
Ovkm,78gg,Ovkm_single-trace,78gg_513_1,Extended Push Button Reproduction,NA,NA,0,-0.439,z,-8.124,NA,NA,NA,yes,"Confirmed. No need for troubleshooting; however, I originally encountered an issue when running code to recode variables. All that was needed was to activate a package that used a ‘recode’ function (in my case, I went with the ‘car’ package).",yes,NA,NA,non-outcome,-0.506,-0.374,precise,NA,NA,non-outcome,0.05,0.1,precise,NA,NA,non-outcome,precise,NA,FALSE,TRUE
KRgk,7my5,KRgk_single-trace,7my5_514_1,Push Button Reproduction,NA,NA,0,3.59117,NA,NA,NA,NA,NA,yes,The reproduction result was successful.,yes,NA,NA,non-outcome,3.05235,4.12965,precise,NA,NA,non-outcome,0.001,0.051000000000000004,precise,NA,NA,non-outcome,push button,NA,FALSE,TRUE
eg1q,80yg,eg1q_single-trace,80yg_515_1,Author Data Reproduction,NA,NA,0.016,NA,t,2.447,cohen's d,0.49,NA,yes,"The sample size, p-value, control variables (none), and t-value were perfectly reproduced. The effect size was not reported in the original manuscript. Our subjective interpretation is that the finding was reproduced given that everything was identical to the original paper.",yes,NA,NA,non-outcome,NA,NA,non-outcome,2.0655,2.7945,approximate,0,0.066,precise,NA,NA,non-outcome,approximate,NA,FALSE,FALSE
JRpA,8297,JRpA_single-trace,8297_516_1,Extended Push Button Reproduction,NA,375,0.0036,-13.7477,NA,NA,NA,NA,NA,yes,"Confirmed. No need for troubleshooting. However, the authors .R script file noted the use of a package that wasn’t supported in a newer version of R. With the use of a different package, the results were confirmed.",yes,NA,NA,non-outcome,-15.8102,-11.6858,precise,NA,NA,non-outcome,0.01,0.060000000000000005,precise,NA,NA,non-outcome,precise,NA,FALSE,FALSE
Z0ma,8m1,Z0ma_single-trace,8m1_517_1,Push Button Reproduction,NA,NA,0.05,-0.92432,t,-1.96,NA,NA,NA,yes,"The reproduction attempt was mostly successful. A statistically significant p =.05; from Table 6, 'Multiple Imputation' column, 'DV: Violence' analysis, 't-2' term listed under 'Drones': Coefficient =  -.92432. The difference may be due to differences in multiple imputation.",yes,NA,NA,non-outcome,-1.081,-0.799,approximate,NA,NA,non-outcome,0.05,0.1,approximate,NA,NA,non-outcome,approximate,NA,FALSE,TRUE
J999,8zgg,J999_single-trace,8zgg_518_1,Push Button Reproduction,NA,NA,0,-0.0212,NA,NA,NA,NA,NA,undefined,NA,undefined,NA,NA,non-outcome,-0.02438,-0.01802,precise,NA,NA,non-outcome,0.001,0.051000000000000004,precise,NA,NA,non-outcome,push button,NA,FALSE,FALSE
E4Am,93mg,E4Am_single-trace,93mg_519_1,Extended Push Button Reproduction,NA,NA,0.03,NA,t,2.2,eta-squared,0.057,NA,yes,"Confirmed. No need for troubleshooting. However, a couple lines of syntax were provided to provide the eta squared value.",yes,NA,NA,non-outcome,NA,NA,non-outcome,1.87,2.5300000000000002,precise,0,0.08,precise,0.04845,0.06555,precise,precise,NA,FALSE,TRUE
rym8,949y,rym8_single-trace,949y_520_1,Push Button Reproduction,NA,NA,NA,0.168,NA,NA,NA,NA,NA,undefined,NA,undefined,NA,NA,non-outcome,0.1428,0.1932,precise,37434.908650000005,50647.22935,non-outcome,0.001,0.051000000000000004,non-outcome,NA,NA,non-outcome,push button,NA,FALSE,TRUE
JxXe,969y,JxXe_single-trace,969y_521_1,Extended Push Button Reproduction,NA,NA,0.047,-0.0501654,z,-1.98,NA,NA,NA,undefined,NA,undefined,NA,NA,non-outcome,-0.0575,-0.0425,precise,NA,NA,non-outcome,0.05,0.1,precise,NA,NA,non-outcome,precise,NA,FALSE,FALSE
L22B,96g,L22B_single-trace,96g_522_1,Push Button Reproduction,NA,NA,0.021,0.4300721,NA,NA,NA,NA,NA,yes,The reproduction attempt was successful,yes,NA,NA,non-outcome,0.3655,0.4945,precise,NA,NA,non-outcome,0.05,0.1,precise,NA,NA,non-outcome,push button,NA,FALSE,FALSE
a2Yx,96ky,a2Yx_single-trace,96ky_523_1,Push Button Reproduction,NA,NA,0.012,0.1711225,t,2.54,NA,NA,NA,yes,The reproduction attempt was successful.,yes,NA,NA,non-outcome,0.14535,0.19665000000000002,precise,NA,NA,non-outcome,0.05,0.1,precise,NA,NA,non-outcome,push button,NA,FALSE,TRUE
9wya,9k2y,9wya_single-trace,9k2y_524_1,Source Data Reproduction,NA,NA,0.653,0.0117083,z,0.45,NA,NA,NA,no,This result does not provide support for the focal claim.,no,NA,NA,non-outcome,0.0408,0.0552,not,NA,NA,non-outcome,0.05,0.1,not,NA,NA,non-outcome,not,NA,FALSE,FALSE
zV1O,9yzy,zV1O_single-trace,9yzy_525_1,Push Button Reproduction,NA,NA,0.051,2.958612,NA,NA,NA,NA,NA,yes,The reproduction result was successful,yes,NA,NA,non-outcome,2.516,3.404,precise,NA,NA,non-outcome,9.99999999999994e-4,0.101,precise,NA,NA,non-outcome,push button,NA,FALSE,TRUE
0PZl,g241,0PZl_single-trace,g241_526_1,Source Data Reproduction,NA,85,0,0.8403547,z,15.72,NA,NA,NA,yes,"In the original paper the estimate is positive (0.84) and significant. In the reproduction, the estimated coefficient was positive (0.84) and significant (p=0.000).Thus the reproduction claim was successful according to the SCORE criteria.",yes,NA,NA,non-outcome,0.714,0.966,precise,NA,NA,non-outcome,NA,NA,non-outcome,NA,NA,non-outcome,precise,NA,FALSE,TRUE
LyWB,g28z,LyWB_single-trace,g28z_527_1,Push Button Reproduction,NA,NA,0,-0.793064,z,-3.95,NA,NA,NA,undefined,NA,undefined,NA,NA,non-outcome,-0.9085,-0.6715,precise,NA,NA,non-outcome,0.01,0.060000000000000005,precise,NA,NA,non-outcome,push button,NA,FALSE,FALSE
9lBL,g45m,9lBL_single-trace,g45m_528_1,Push Button Reproduction,NA,NA,0.017,-0.787573,NA,NA,NA,NA,NA,yes,The reproduction result was successful. Took out all code not relevant to focal test and installed mim package.,yes,NA,NA,non-outcome,-0.9062,-0.6698,precise,NA,NA,non-outcome,0.05,0.1,precise,NA,NA,non-outcome,push button,NA,FALSE,FALSE
yQeR,g4k1,yQeR_single-trace,g4k1_529_1,Push Button Reproduction,NA,NA,NA,NA,t,6.7881,NA,NA,NA,yes,The reproduction result was successful,yes,NA,NA,non-outcome,NA,NA,non-outcome,5.7715,7.8085,precise,NA,NA,non-outcome,NA,NA,non-outcome,push button,NA,FALSE,FALSE
q8xv,g4ym,q8xv_single-trace,g4ym_530_1,Push Button Reproduction,NA,NA,0,-0.0073233,t,-5.71,NA,NA,NA,yes,The reproduction attempt was successful.,yes,NA,NA,non-outcome,-0.00805,-0.00595,precise,NA,NA,non-outcome,NA,NA,non-outcome,NA,NA,non-outcome,push button,NA,FALSE,TRUE
VDJV,g6yz,VDJV_single-trace,g6yz_531_1,Push Button Reproduction,NA,NA,0.034,0.148415,t,2.13,NA,NA,NA,yes,The focal test is reproduced,yes,NA,NA,non-outcome,0.1258,0.1702,precise,NA,NA,non-outcome,0.05,0.1,precise,NA,NA,non-outcome,push button,NA,FALSE,FALSE
W0GN,g7z1,W0GN_single-trace,g7z1_532_1,Push Button Reproduction,NA,NA,0,0.7691273,NA,NA,NA,NA,NA,yes,The reproduction attempt was successful.,yes,NA,NA,non-outcome,0.6536500000000001,0.88435,precise,NA,NA,non-outcome,0.01,0.060000000000000005,precise,NA,NA,non-outcome,push button,NA,FALSE,TRUE
YOXl,g8m,YOXl_single-trace,g8m_533_1,Push Button Reproduction,NA,NA,0.037,0.015,NA,NA,NA,NA,NA,undefined,NA,undefined,NA,NA,non-outcome,0.01275,0.017249999999999998,precise,NA,NA,non-outcome,0,0.082,approximate,NA,NA,non-outcome,approximate,NA,FALSE,TRUE
ByBk,g931,ByBk_single-trace,g931_534_1,Push Button Reproduction,NA,NA,0.002,-0.2913324,t,-3.98,NA,NA,NA,undefined,NA,undefined,NA,NA,non-outcome,-0.3335,-0.2465,precise,NA,NA,non-outcome,0.01,0.060000000000000005,precise,NA,NA,non-outcome,push button,NA,FALSE,TRUE
xYbO,k0z,xYbO_single-trace,k0z_535_1,Push Button Reproduction,NA,NA,0.002,NA,f,6.17,eta-squared,0.033,NA,yes,Confirmed.,yes,NA,NA,non-outcome,NA,NA,non-outcome,5.2445,7.0954999999999995,precise,0,0.052000000000000005,precise,0.0255,0.034499999999999996,precise,push button,NA,FALSE,FALSE
D2LY,k637,D2LY_single-trace,k637_536_1,Source Data Reproduction,NA,4105,0.001,-0.0364267,t,-3.52,relative risk ratio,0.9642287,NA,yes,"Table R.1 contains the results of the multinomial logistic regression. The coefficient for fertility expectations suggests that expectation for becoming a young parent is negatively associated with going to a 2-year college (B = -0.04, p = 0.001, SE = 0.01, RRR = 0.96).The reproduction results are in line with the findings in the original paper (Coefficient = -0.05, p<0.01,SE = 0.01, RRR = 0.96). Consequently, this reproduction was successful according to the SCORE criteria.",yes,NA,NA,non-outcome,-0.0575,-0.0425,not,NA,NA,non-outcome,0.01,0.060000000000000005,precise,0.816,1.1039999999999999,precise,not,NA,FALSE,TRUE
9wya,k8z7,9wya_single-trace,k8z7_537_1,Push Button Reproduction,NA,NA,0.012,0.0477227,NA,NA,NA,NA,NA,yes,The result was successfully reproduced,yes,NA,NA,non-outcome,0.0408,0.0552,precise,NA,NA,non-outcome,0.05,0.1,precise,NA,NA,non-outcome,push button,NA,FALSE,TRUE
7ybJ,k97z,7ybJ_single-trace,k97z_538_1,Push Button Reproduction,NA,NA,0.002,0.1997,NA,NA,NA,NA,NA,yes,The reproduction attempt was successful,yes,NA,NA,non-outcome,NA,NA,non-outcome,NA,NA,non-outcome,0,0.052000000000000005,precise,NA,NA,non-outcome,push button,NA,FALSE,TRUE
YeQg,m4m7,YeQg_single-trace,m4m7_539_1,Push Button Reproduction,NA,NA,0.004,1.856874,t,2.92,NA,NA,NA,yes,The reproduction attempt was successful,yes,NA,NA,non-outcome,1.581,2.1390000000000002,precise,2.4819999999999998,3.358,precise,0.01,0.060000000000000005,precise,NA,NA,non-outcome,push button,NA,FALSE,TRUE
9XrX,m93,9XrX_single-trace,m93_540_1,Extended Push Button Reproduction,NA,NA,NA,NA,NA,NA,NA,NA,NA,undefined,"the code throws many errors, debugging would take much longer than allocated 30 minutes. Moreover, the author stated that the model for SCORE replication would be model 3 however there’s no such named model (there are small model, big model, medium large model, moderate model but no model 3)",undefined,NA,NA,non-outcome,NA,NA,non-outcome,0.833,1.127,non-outcome,NA,NA,non-outcome,NA,NA,non-outcome,not attemptable,NA,FALSE,TRUE
amYY,m9k3,amYY_single-trace,m9k3_541_1,Push Button Reproduction,NA,NA,0,-0.4625,NA,NA,NA,NA,NA,undefined,NA,undefined,NA,NA,non-outcome,-0.531875,-0.393125,precise,NA,NA,non-outcome,0,0.05,precise,NA,NA,non-outcome,push button,NA,FALSE,FALSE
q8xv,mkk9,q8xv_single-trace,mkk9_542_1,Source Data Reproduction,NA,NA,0,-0.0074,NA,NA,NA,NA,NA,undefined,NA,undefined,NA,NA,non-outcome,-0.00805,-0.00595,precise,NA,NA,non-outcome,NA,NA,non-outcome,NA,NA,non-outcome,precise,NA,FALSE,FALSE
Gv3O,mz17,Gv3O_single-trace,mz17_543_1,Push Button Reproduction,NA,NA,0.027,0.1047457,t,2.21,NA,NA,NA,undefined,NA,undefined,NA,NA,non-outcome,0.08925,0.12075,precise,NA,NA,non-outcome,NA,NA,non-outcome,NA,NA,non-outcome,push button,NA,FALSE,FALSE
AvOr,mzk9,AvOr_single-trace,mzk9_544_1,Extended Push Button Reproduction,NA,NA,5.255e-4,NA,chi-squared,12.023,phi,-0.239,NA,undefined,NA,undefined,NA,NA,non-outcome,NA,NA,non-outcome,10.216999999999999,13.823,precise,0.001,0.051000000000000004,precise,-0.276,-0.204,precise,precise,NA,FALSE,FALSE
AQgj,o08,AQgj_single-trace,o08_545_1,Push Button Reproduction,NA,NA,0,-1.178965,t,-11.74,NA,NA,NA,undefined,NA,undefined,NA,NA,non-outcome,-1.35585,-1.00215,precise,NA,NA,non-outcome,0.01,0.060000000000000005,precise,NA,NA,non-outcome,push button,NA,FALSE,FALSE
z0v1,y410,z0v1_single-trace,y410_546_1,Source Data Reproduction,14439,14553,0.014,0.1269711,t,2.45,NA,NA,NA,yes,"Table R.1 contains the results of the fixed effect regression model. The coefficient for “Male & had  1st birth”suggests  that becoming  a  parent  leads  men  to  more  strongly support  a traditional division of labor in relation to the care of children(Coefficient= 0.13, SE = 0.05, p = 0.014).The reproduction sample included 14,553 individuals and 29,228 observations.The reproduction results are in line with the findings in the original paper (Coefficient = 0.11, p < 0.05,  and  a  sample  of  14,439  individuals  and  28,857  observations). Consequently,  this reproduction was successful according to the SCORE criteria.",yes,12273,16605,approximate,0.0935,0.1265,not,NA,NA,non-outcome,0.1,0.15000000000000002,precise,NA,NA,non-outcome,not,NA,FALSE,TRUE
yAPR,y436,yAPR_single-trace,y436_547_1,Push Button Reproduction,NA,NA,0.0043,NA,f,8.14,NA,NA,NA,yes,The reproduction result was successful.,yes,NA,NA,non-outcome,NA,NA,non-outcome,NA,NA,non-outcome,0,0.054000000000000006,precise,NA,NA,non-outcome,push button,NA,FALSE,TRUE
rjb,y730,rjb_single-trace,y730_548_1,Push Button Reproduction,NA,NA,0.024,0.04,t,2.28,NA,NA,NA,undefined,NA,undefined,NA,NA,non-outcome,0.034,0.046,precise,1.9379999999999997,2.622,precise,0,0.07,precise,NA,NA,non-outcome,push button,NA,FALSE,FALSE
E0Q3,z789,E0Q3_single-trace,z789_549_1,Push Button Reproduction,NA,NA,0.0703,NA,chi-squared,4.5,NA,NA,NA,yes,The reproduction attempt was successful.,yes,NA,NA,non-outcome,NA,NA,non-outcome,NA,NA,non-outcome,0.020000000000000004,0.12000000000000001,precise,NA,NA,non-outcome,push button,NA,FALSE,TRUE
zlw,zg66,zlw_single-trace,zg66_550_1,Push Button Reproduction,NA,NA,0.016,-0.264,t,-2.464,NA,NA,NA,yes,"Confirmed. Note: The above interpretations are only accurate if the authors correctly de-composed the interaction. Based on their syntax, it seems that they added 1 SD to the mean when calculating low trait self-control and subtracted 1 SD to the mean when calculating high trait self-control (rather than vice versa). If indeed the calculations were flipped, then the interpretations would be opposite of what is written above.",yes,NA,NA,non-outcome,-0.299,-0.221,precise,-2.829,-2.091,precise,0,0.07,precise,NA,NA,non-outcome,push button,NA,FALSE,TRUE
yypJ,zmg9,yypJ_single-trace,zmg9_551_1,Push Button Reproduction,NA,NA,0,-0.513,NA,NA,NA,NA,NA,yes,"The correlation was in the same direction of that in the original study, with faster life strategies associated with more symptoms of psychopathology, and the focal variable p value and the focal variable coefficient value were the same as in the original study. Thus, this reproduction of the claim was successful according to the SCORE criteria.",yes,NA,NA,non-outcome,-0.5865,-0.4335,precise,NA,NA,non-outcome,0.002,0.052000000000000005,precise,NA,NA,non-outcome,push button,NA,FALSE,TRUE
ky28,zz11,ky28_single-trace,zz11_552_1,Author Data Reproduction,14654,16197,0.09099,-0.076108,t,-1.69,NA,NA,NA,no,"The criteria for reproduction were not met as the results are not statistically significant. It has to be noted, though, that the direction of the effect matches the original claim.",no,12456,16852,approximate,-0.0345,-0.0255,not,NA,NA,non-outcome,0.05,0.1,approximate,NA,NA,non-outcome,not,NA,FALSE,TRUE
5KrD,1y52,5KrD_single-trace,1y52_553_1,Push Button Reproduction,NA,NA,0.019,-0.311,t,-2.361,NA,NA,NA,yes,Confirmed.,yes,NA,NA,non-outcome,-0.3565,-0.2635,precise,NA,NA,non-outcome,0.05,0.1,precise,NA,NA,non-outcome,push button,NA,FALSE,TRUE
zK2,5698,zK2_single-trace,5698_554_1,Push Button Reproduction,NA,NA,0,NA,t,9.01,cohen's d,0.451378,NA,yes,Confirmed.,yes,NA,NA,non-outcome,NA,NA,non-outcome,7.6585,10.3615,precise,0.001,0.051000000000000004,precise,0.3825,0.5175000000000001,precise,push button,NA,FALSE,FALSE
vaWE,1m02,vaWE_single-trace,1m02_555_1,Push Button Reproduction,NA,NA,NA,0.2105617,t,2.77,NA,NA,NA,yes,Analyst was able to reproduce the result,yes,NA,NA,non-outcome,0.17935,0.24264999999999998,precise,NA,NA,non-outcome,0,0.071,non-outcome,0.1785,0.2415,non-outcome,push button,NA,FALSE,TRUE
exBp,38y3,exBp_single-trace,38y3_556_1,Source Data Reproduction,1003679,1189425,0.019,0.088,t,2.316,NA,NA,NA,no,This fails to replicate the original result.,no,853127,1154231,not,-1.8952,-1.4008,not,NA,NA,non-outcome,0.001,0.051000000000000004,approximate,NA,NA,non-outcome,not,NA,FALSE,TRUE
4q0L,3z5z,4q0L_single-trace,3z5z_557_1,Source Data Reproduction,NA,NA,0.046133,0.425472,NA,NA,NA,NA,NA,undefined,NA,undefined,NA,NA,non-outcome,0.5678000000000001,0.7682,not,NA,NA,non-outcome,0.01,0.060000000000000005,approximate,NA,NA,non-outcome,not,NA,FALSE,TRUE
7X54,93k7,7X54_single-trace,93k7_558_1,Source Data Reproduction,2901,2991,0,NA,t,16.0305,cohen's d,0.77,NA,yes,"The replication using years 2006, 2008, and 2010 included 2,991 observations, which met the stage 1 threshold of 153 observations defined by the power analysis. The results of a two-sample t-test comparing the mean value for responses to the question, “Human beings, as we know them today, developed from earlier species of animals. (Is that true or false?)” show post-secularists (mean =.02, std. error = .01) have significantly (t-statistic = 16.03, degrees of freedom = 1,875, p =.0000 by Stata 16) different rates of correct responses, compared to traditionalists (mean = .32, std. error = .01). Thus, this replication of the claim was successful according to the SCORE criteria.",yes,2466,3336,approximate,0.027200000000000002,0.0368,non-outcome,NA,NA,non-outcome,0.05,0.1,precise,NA,NA,non-outcome,approximate,NA,FALSE,TRUE
E5qr,95y,E5qr_single-trace,95y_559_1,Source Data Reproduction,62,64,0.558,-0.0612543,t,-0.59,NA,NA,NA,no,"Based on these results, the original claim evaluated with the data from the same period used in the original article is not successfully replicated.",no,53,71,approximate,0.153,0.207,not,NA,NA,non-outcome,0.05,0.1,not,NA,NA,non-outcome,not,NA,FALSE,TRUE
OY3B,k2m7,OY3B_single-trace,k2m7_560_1,Source Data Reproduction,10477,11006,0.003,-0.13,t,-2.955,NA,NA,NA,yes,The replication of the claim was successful according to SCORE criteria.,yes,8905,12049,approximate,0.0017,0.0023,not,NA,NA,non-outcome,0.05,0.1,precise,NA,NA,non-outcome,not,NA,FALSE,FALSE
zmYY,g5m,zmYY_single-trace,g5m_561_1,Source Data Reproduction,NA,130517,0.16245,0.2965026,NA,NA,NA,NA,NA,no,"As reported in Table 1, Model 1, the within-individual effect of divorce on arrest (b= 0.2965026, SE = 0.2122608, p= 0.1624500)is not significant at the 0.05 level and thus does not reproduce the results reported by Bersani and Doherty (2013), although the positive direction of effect is the same.",no,NA,NA,non-outcome,0.3553,0.48069999999999996,not,NA,NA,non-outcome,0.001,0.051000000000000004,not,NA,NA,non-outcome,not,NA,FALSE,FALSE
3aPw,05g8,3aPw_single-trace,05g8_562_1,Source Data Reproduction,148232,243426,0,NA,NA,NA,NA,NA,NA,yes,"In this regard, this replication of the claim using the initial data only was successful according to the SCORE criteria.",yes,125997,170467,not,NA,NA,non-outcome,NA,NA,non-outcome,0.05,0.1,precise,NA,NA,non-outcome,not,NA,FALSE,TRUE
kXp8,kzyz,kXp8_single-trace,kzyz_563_1,Source Data Reproduction,NA,118,0.166,15.13162,z,1.39,NA,NA,NA,undefined,NA,no,NA,NA,non-outcome,0.2125,0.2875,not,NA,NA,non-outcome,0.001,0.051000000000000004,not,NA,NA,non-outcome,not,NA,FALSE,TRUE
Njqj,g1m,Njqj_single-trace,g1m_564_1,Extended Push Button Reproduction,NA,NA,0.006,-0.0043167,z,-2.73,NA,NA,NA,yes,Analyst was able to reproduce the results after the extended PBR attempt,yes,NA,NA,non-outcome,-0.004945,-0.003655,precise,NA,NA,non-outcome,0.01,0.060000000000000005,precise,NA,NA,non-outcome,precise,NA,FALSE,TRUE
RqVE,9k3g,RqVE_single-trace,9k3g_565_1,Push Button Reproduction,NA,NA,NA,0.028,NA,NA,NA,NA,NA,undefined,NA,undefined,NA,NA,non-outcome,0.0238,0.0322,precise,3.5955000000000004,4.8645000000000005,non-outcome,0.1,0.15000000000000002,non-outcome,NA,NA,non-outcome,push button,NA,FALSE,TRUE
z4dO,6m17,z4dO_single-trace,6m17_566_1,Source Data Reproduction,19296,8174,1.696e-7,0.098,NA,NA,NA,NA,NA,yes,This replication of the claim was successful according to the SCORE criteria.,yes,16402,22190,not,NA,NA,non-outcome,NA,NA,non-outcome,NA,NA,non-outcome,NA,NA,non-outcome,not,NA,FALSE,TRUE
qXX2,yy60,qXX2_single-trace,yy60_567_1,Source Data Reproduction,27,28,0.559,0.002,t,0.586,NA,NA,"A successful replication of the key SCORE test (H*) is met by arriving at a negative coefficient for unemployment on cosmopolitan framing, and significant p=value results of 0.05 or less, after controlling for selected predictors, wave and country level effects.",no,"We found a positive coefficient for unemployment on cosmopolitan framing, and not significant at p=value results of 0.05 or less, after controlling for selected predictors, and wave and country-level effects. •Beta= 0.002, p = 0.559, standard errors = 0.003, t-value= 0.586. In this regard, this replication of the claim using Analysis One was not successful according to the SCORE criteria.",no,23,31,approximate,-0.00391,-0.00289,not,-4.6345,-3.4255,not,0.001,0.051000000000000004,not,NA,NA,non-outcome,not,NA,FALSE,TRUE
BebG,42k8,BebG_single-trace,42k8_568_1,Source Data Reproduction,NA,1263,0.00999,0.0683516,t,2.58,cohen's f-squared,0.0053132,NA,yes,The association between HDL and interactions between positive affect and culture in the original data repeated the results from the original study.,yes,NA,NA,non-outcome,0.018699999999999998,0.0253,not,1.7,2.3,not,0,0.096,approximate,0.0255,0.034499999999999996,not,not,NA,FALSE,TRUE
0a3Z,y401,0a3Z_single-trace,y401_569_1,Push Button Reproduction,NA,NA,0.003,0.0023292,NA,NA,NA,NA,NA,no,The reproduction attempt was not successful,no,NA,NA,non-outcome,0.001955,0.002645,precise,NA,NA,non-outcome,0,0.053000000000000005,precise,NA,NA,non-outcome,push button,NA,FALSE,FALSE
qKdb,1974,qKdb_single-trace,1974_571_1,Push Button Reproduction,NA,NA,8.81e-9,0.20748,t,5.908,NA,NA,NA,yes,the result was reproduced,yes,NA,NA,non-outcome,0.1785,0.2415,precise,NA,NA,non-outcome,0.001,0.051000000000000004,precise,NA,NA,non-outcome,push button,NA,TRUE,TRUE
P3NJ,1y2,P3NJ_single-trace,1y2_572_1,Source Data Reproduction,NA,NA,0.009,-0.008,NA,NA,NA,NA,"Criteria for a successful replication attempt for this project is a statistically significant effect (alpha = .05, two tailed) in the same pattern as the original study on the focal hypothesis test (H*). For this study, these criteria are met by obtaining a statistically significant (p-value specified in the preprint is 0.002 for first measure implemented), negative regression coefficient on the interaction between time and post implementation period from the unadjusted model run on the full sample of states (reported coefficient: -0.008; -0.014, -0.002 95%CI)",yes,We found exactly the same effect as in the original analysis. The effect was significant however there was a slight discrepancy in the p value which increased from reported0.003to0.009. Such a discrepancy might have occurred due to the different software used.Table below reports full details of the regression model and number of observations and levels used for the analysis. The replication was successful according to SCORE criteria.,yes,NA,NA,non-outcome,-0.0092,-0.0068,precise,NA,NA,non-outcome,0,0.052000000000000005,approximate,NA,NA,non-outcome,approximate,NA,TRUE,TRUE
yZD4,21kg,yZD4_single-trace,21kg_573_1,Extended Push Button Reproduction,NA,NA,0,0.61,NA,NA,NA,NA,NA,yes,"Confirmed. In the United States, there is a positive relation between empathy and physical distancing (US: r = .61, p < .001).",yes,NA,NA,non-outcome,0.5185,0.7015,precise,NA,NA,non-outcome,0.001,0.051000000000000004,precise,NA,NA,non-outcome,precise,NA,TRUE,TRUE
j51N,21y7,j51N_single-trace,21y7_574_1,Source Data Reproduction,1987,1143,0.676,-0.72,NA,NA,NA,NA,NA,no,"The result suggests that a higher average  math  performance  is  associated  with  a  slower  outbreak (-0.72,95%  C.I.  [-4.11, 2.66]).However, the coefficient is not statistically significant at the 5% level (p = 0.676).Thus, this replication of the claim was not successful according to the SCORE criteria.",no,1689,2285,not,-0.0023,-0.0017,not,NA,NA,non-outcome,0.001,0.051000000000000004,not,NA,NA,non-outcome,not,NA,TRUE,TRUE
W3vN,307k,W3vN_single-trace,307k_575_1,Source Data Reproduction,27,27,0.0073,-0.504,NA,NA,NA,NA,NA,yes,"The replication yielded a negative spearman correlation in the focal test, corresponding to an effect in the same pattern compared to the original study.",yes,23,31,precise,NA,NA,non-outcome,NA,NA,non-outcome,0,0.062,approximate,-0.5474,-0.4046,non-outcome,approximate,NA,TRUE,TRUE
BN8d,3213,BN8d_single-trace,3213_576_1,Push Button Reproduction,NA,NA,0.03769,NA,t,1.7991,NA,NA,NA,yes,"Confirmed. Students reported fewer studying partners during lockdown compared to prior (t = -1.799, p < 0.05).",yes,NA,NA,non-outcome,NA,NA,non-outcome,1.53,2.0700000000000003,precise,0,0.088,precise,NA,NA,non-outcome,push button,NA,TRUE,TRUE
wx5k,36mz,wx5k_single-trace,36mz_577_1,Push Button Reproduction,NA,NA,0,-23.48744,NA,NA,NA,NA,NA,yes,The reproduction attempt was successful.,yes,NA,NA,non-outcome,-27.010556,-19.964324,precise,NA,NA,non-outcome,NA,NA,non-outcome,NA,NA,non-outcome,push button,NA,TRUE,TRUE
0DO8,3g3,0DO8_single-trace,3g3_578_1,Source Data Reproduction,78,71,0.106,39.3664,z,1.62,NA,NA,NA,no,"In BCG countries, the case increase rate was attenuated marginally by 39.37% (95% CI -8.33  to  87.06)  as  compared  with  those  of  the  non-BCG  countries. However,  the effect  is  not statistically significant at the 5% level (p = 0.107).Thus, this replication of the claim was not successful according to the SCORE criteria.",no,66,90,approximate,21.59,29.209999999999997,not,NA,NA,non-outcome,0,0.079,not,NA,NA,non-outcome,not,NA,TRUE,TRUE
BNrd,378,BNrd_single-trace,378_579_1,Author Data Reproduction,NA,NA,4.85e-9,-0.241792,t,-5.944,NA,NA,NA,no,"While this is of similar magnitude, direction and significance to the result reported in the original study (B = -.20, p < .001; assuming B is standardised coefficient), it is not an exact match...While these results support the hypothesis that social distancing is inversely related to political conservatism, we were not able to reproduce the exact statistics with our pre-registered analyses.",no,NA,NA,non-outcome,-0.23,-0.17,precise,NA,NA,non-outcome,0.001,0.051000000000000004,precise,NA,NA,non-outcome,precise,NA,TRUE,TRUE
2NAG,41z0,2NAG_single-trace,41z0_580_1,Source Data Reproduction,NA,NA,4.796e-16,0.73806,t,10.958,NA,NA,NA,yes,"Results indicate the Panic Buying Index is positively associated with the number of infections, i.e. the result of the original study was reproduced.",yes,NA,NA,non-outcome,0.7055,0.9544999999999999,approximate,10.676,14.444,approximate,0.001,0.051000000000000004,precise,NA,NA,non-outcome,approximate,NA,TRUE,TRUE
zk94,50z6,zk94_single-trace,50z6_581_1,Author Data Reproduction,NA,NA,0,-0.4502,t,-10.161,NA,NA,NA,yes,Attitudes towards vaccines were negatively predicted by “outgroup” conspiracy theories,yes,NA,NA,non-outcome,-0.5175,-0.3825,precise,-11.684,-8.636,precise,0.001,0.051000000000000004,precise,NA,NA,non-outcome,precise,NA,TRUE,TRUE
W3vr,538,W3vr_single-trace,538_582_1,Push Button Reproduction,NA,NA,0.01,-0.076,NA,NA,NA,NA,NA,undefined,NA,undefined,NA,NA,non-outcome,-0.092,-0.068,precise,NA,NA,non-outcome,0,0.060000000000000005,precise,NA,NA,non-outcome,push button,NA,TRUE,TRUE
b344,5g09,b344_single-trace,5g09_583_1,Source Data Reproduction,163,150,0,78.96,NA,NA,NA,NA,NA,yes,"The coefficient for democracy is equal to 78.96, suggesting a positive association between  the democracy index and the total number of confirmed infections per one million people. The coefficient is statistically significant at the 5% level (p = 0.000). Thus, this replication of the claim was successful according to the SCORE criteria.",yes,139,187,approximate,73.74996949999999,99.7793705,approximate,NA,NA,non-outcome,0,0.050100000000000006,approximate,NA,NA,non-outcome,approximate,NA,TRUE,TRUE
R3pV,615k,R3pV_single-trace,615k_584_1,Source Data Reproduction,NA,NA,0.037,-0.0679844,z,-2.09,NA,NA,NA,yes,Using the original dataset the replication was successful according to SCORE criteria.,yes,NA,NA,non-outcome,-0.414,-0.306,not,NA,NA,non-outcome,0,0.051000000000000004,approximate,NA,NA,non-outcome,not,NA,TRUE,TRUE
gA8z,6m2k,gA8z_single-trace,6m2k_585_1,Extended Push Button Reproduction,NA,NA,4.8058e-4,NA,NA,NA,hazard ratio,1.68,NA,yes,Analyst was able to reproduce the results after the extended PBR attempt,yes,NA,NA,non-outcome,1.428,1.932,non-outcome,1.428,1.932,non-outcome,1e-5,0.050010000000000006,approximate,NA,NA,non-outcome,approximate,NA,TRUE,TRUE
b3RA,7mgg,b3RA_single-trace,7mgg_586_1,Push Button Reproduction,NA,NA,0,0.24,NA,NA,NA,NA,NA,yes,Confirmed.,yes,NA,NA,non-outcome,0.204,0.27599999999999997,precise,NA,NA,non-outcome,0.001,0.051000000000000004,precise,NA,NA,non-outcome,push button,NA,TRUE,TRUE
gA3A,67m8,gA3A_single-trace,67m8_587_1,Extended Push Button Reproduction,NA,NA,0,0.354,t,8.993,NA,NA,NA,undefined,NA,undefined,NA,NA,non-outcome,0.3009,0.40709999999999996,precise,7.641500000000001,10.3385,precise,0.001,0.051000000000000004,precise,NA,NA,non-outcome,precise,NA,TRUE,TRUE
wxQZ,7mmg,wxQZ_single-trace,7mmg_588_1,Source Data Reproduction,10544,17070,0,NA,NA,NA,odds ratio,1.63,NA,yes,"The result suggests that men had more risk of death in comparison to women (OR=1.63, p=0.000, 95% C.I. 1.47-1.81).Thus, this replication of the claim was successful according to the SCORE criteria.",yes,8962,12126,not,NA,NA,non-outcome,NA,NA,non-outcome,0.001,0.051000000000000004,precise,1.3005,1.7595,approximate,not,NA,TRUE,TRUE
Y3pK,90z7,Y3pK_single-trace,90z7_589_1,Push Button Reproduction,NA,NA,0.0053,0.75154,z,2.788,NA,NA,NA,yes,Confirmed.,yes,NA,NA,non-outcome,0.6375,0.8625,precise,2.3715,3.2085,precise,0,0.0553,precise,NA,NA,non-outcome,push button,NA,TRUE,TRUE
7NEL,99y,7NEL_single-trace,99y_590_1,Extended Push Button Reproduction,NA,NA,0,-0.46,NA,NA,NA,NA,NA,yes,Confirmed.,yes,NA,NA,non-outcome,-0.529,-0.391,precise,NA,NA,non-outcome,0.001,0.051000000000000004,precise,NA,NA,non-outcome,precise,NA,TRUE,TRUE
dPzV,g0m,dPzV_single-trace,g0m_591_1,Push Button Reproduction,NA,NA,0,-0.647,NA,NA,NA,NA,NA,yes,Confirmed.,yes,NA,NA,non-outcome,-0.74405,-0.54995,precise,NA,NA,non-outcome,0.001,0.051000000000000004,precise,NA,NA,non-outcome,push button,NA,TRUE,TRUE
Z3mK,g9z,Z3mK_single-trace,g9z_592_1,Extended Push Button Reproduction,NA,NA,NA,NA,NA,NA,hazard ratio,0.2957,NA,yes,The difference seems minor and it could be counted as successful replication.,yes,NA,NA,non-outcome,NA,NA,non-outcome,NA,NA,non-outcome,NA,NA,non-outcome,0.22610000000000002,0.3059,approximate,approximate,NA,TRUE,TRUE
E3ja,m457,E3ja_single-trace,m457_593_1,Push Button Reproduction,NA,NA,0,-0.44,NA,NA,NA,NA,NA,yes,Confirmed.,yes,NA,NA,non-outcome,NA,NA,non-outcome,-0.506,-0.374,non-outcome,0.001,0.051000000000000004,precise,NA,NA,non-outcome,push button,NA,TRUE,TRUE
p2qE,mym7,p2qE_single-trace,mym7_594_1,Source Data Reproduction,NA,NA,0,0.3794,NA,NA,NA,NA,NA,yes,"In the original the estimated coefficient is positive (0.3798) and significant. In the reproduction, the estimated coefficient is positive (0.3794) and significant at the 5% level (p value= 0.000). Thus the reproduction claim was successful according to the SCORE criteria.",yes,NA,NA,non-outcome,0.32283,0.43677000000000005,approximate,NA,NA,non-outcome,0.001,0.051000000000000004,precise,NA,NA,non-outcome,approximate,NA,TRUE,TRUE
5N2E,zzz1,5N2E_single-trace,zzz1_595_1,Push Button Reproduction,NA,NA,0.0292,0.12208442,NA,NA,NA,NA,NA,yes,The result was reproduced without modifications in provided materials.,yes,NA,NA,non-outcome,0.102,0.13799999999999998,precise,NA,NA,non-outcome,0,0.08,precise,NA,NA,non-outcome,push button,NA,TRUE,TRUE
0qar,6my96,0qar_blj3kw,6my96_596_1,Extended Push Button Reproduction,45,51,0.07622,-0.0607,NA,NA,NA,NA,"Beta coefficient, SE, and p-value all meet the Precise Reproduction Criteria.",no,"Based on these criteria, the claim did not reproduce.",no,38,52,approximate,-0.042895,-0.031705,not,NA,NA,non-outcome,0,0.058,not,NA,NA,non-outcome,not,TRUE,FALSE,TRUE
0qar,6my96,0qar_m6y8d5,6my96_597_1,Extended Push Button Reproduction,43,51,0.00147,0.003303,NA,NA,NA,NA,"Beta coefficient, SE, and p-value all meet the Precise Reproduction Criteria",no,"Based on these criteria, the claim did not reproduce.",no,37,49,not,0.03247,0.04393,not,NA,NA,non-outcome,0,0.058,approximate,NA,NA,non-outcome,not,TRUE,FALSE,TRUE
0qar,6my96,0qar_g3y87k,6my96_598_1,Extended Push Button Reproduction,45,51,0.09469,-0.0572,NA,NA,NA,NA,"Beta coefficient, SE, and p-value all meet the Precise Reproduction Criteria",no,"Based on these criteria, the claim did not reproduce.",no,38,52,approximate,-0.03795,-0.02805,not,NA,NA,non-outcome,0,0.062,not,NA,NA,non-outcome,not,TRUE,FALSE,TRUE
0qar,6my96,0qar_gwjq2v,6my96_599_1,Extended Push Button Reproduction,43,51,0.002581,0.003145,NA,NA,NA,NA,"Beta coefficient, SE, and p-value all meet the Precise Reproduction Criteria",no,"Based on these criteria, the claim did not reproduce.",no,37,49,not,0.029750000000000002,0.04025,not,NA,NA,non-outcome,0,0.057,approximate,NA,NA,non-outcome,not,TRUE,FALSE,TRUE
DEqr,2g486,DEqr_blw3kn,2g486_600_1,Push Button Reproduction,987,987,0,-0.3894682,NA,NA,NA,NA,Both coefficients and P-values will meet the precise reproduction criteria,yes,"Based on these criteria, the claim did reproduce.",yes,839,1135,precise,-0.4485,-0.3315,precise,NA,NA,non-outcome,0.01,0.060000000000000005,precise,NA,NA,non-outcome,push button,TRUE,FALSE,TRUE
DEqr,2g486,DEqr_m638d7,2g486_601_1,Push Button Reproduction,987,987,0.006,-0.4097696,NA,NA,NA,NA,Both coefficients and P-values will meet the precise reproduction criteria,yes,"Based on these criteria, the claim did reproduce.",yes,839,1135,precise,-0.4715,-0.3485,precise,NA,NA,non-outcome,0.01,0.060000000000000005,precise,NA,NA,non-outcome,push button,TRUE,FALSE,TRUE
DEqr,2g486,DEqr_g3p87v,2g486_602_1,Push Button Reproduction,986,986,0,-0.4813362,NA,NA,NA,NA,The Focal variable coefficient and focal variable p-value will meet the precise reproduction criteria.,yes,"Based on these criteria, the claim did reproduce.",yes,838,1134,precise,-0.552,-0.408,precise,NA,NA,non-outcome,0.01,0.060000000000000005,precise,NA,NA,non-outcome,push button,FALSE,FALSE,TRUE
DEqr,2g486,DEqr_gwlq2q,2g486_603_1,Push Button Reproduction,986,986,0.012,-0.3582936,NA,NA,NA,NA,The Focal variable coefficient and focal variable p-value will meet the precise reproduction criteria.,yes,"Based on these criteria, the claim did reproduce.",yes,838,1134,precise,-0.414,-0.306,precise,NA,NA,non-outcome,0.05,0.1,precise,NA,NA,non-outcome,push button,FALSE,FALSE,TRUE
DEqr,2g486,DEqr_gpjxk5,2g486_604_1,Push Button Reproduction,764,764,0,-0.335221,NA,NA,NA,NA,The Focal variable coefficient and focal variable p-value will meet the precise reproduction criteria.,yes,"Based on these criteria, the claim did reproduce.",yes,649,879,precise,-0.391,-0.289,precise,NA,NA,non-outcome,0.01,0.060000000000000005,precise,NA,NA,non-outcome,push button,FALSE,FALSE,TRUE
DEqr,2g486,DEqr_mqnzyy,2g486_605_1,Push Button Reproduction,764,764,0.112,-0.1623783,NA,NA,NA,NA,The Focal variable coefficient and focal variable p-value will meet the precise reproduction criteria.,yes,"Based on these criteria, the claim did reproduce.",yes,649,879,precise,-0.184,-0.136,precise,NA,NA,non-outcome,0.12,0.16999999999999998,precise,NA,NA,non-outcome,push button,FALSE,FALSE,TRUE
LbEB,21mg2,LbEB_g44qqk,21mg2_606_1,Extended Push Button Reproduction,95,95,NA,NA,NA,NA,NA,NA,All outcomes meet the Approximate Reproduction Criteria,yes,"Based on these criteria, the claim did reproduce.",yes,81,109,precise,NA,NA,non-outcome,NA,NA,non-outcome,NA,NA,non-outcome,NA,NA,non-outcome,precise,TRUE,FALSE,TRUE
LbEB,21mg2,LbEB_m5xkkr,21mg2_607_1,Extended Push Button Reproduction,95,95,NA,NA,NA,NA,NA,NA,All outcomes meet the Approximate Reproduction Criteria,yes,"Based on these criteria, the claim did reproduce.",yes,81,109,precise,NA,NA,non-outcome,NA,NA,non-outcome,NA,NA,non-outcome,NA,NA,non-outcome,precise,TRUE,FALSE,TRUE
LbEB,21mg2,LbEB_myjqqn,21mg2_608_1,Extended Push Button Reproduction,94,95,NA,NA,NA,NA,NA,NA,All outcomes meet the Approximate Reproduction Criteria,yes,"Based on these criteria, the claim did reproduce.",yes,80,108,approximate,NA,NA,non-outcome,NA,NA,non-outcome,NA,NA,non-outcome,NA,NA,non-outcome,approximate,TRUE,FALSE,TRUE
LbEB,21mg2,LbEB_b2vooo,21mg2_609_1,Extended Push Button Reproduction,95,95,NA,NA,NA,NA,NA,NA,All outcomes meet the Approximate Reproduction Criteria,yes,"Based on these criteria, the claim did reproduce.",yes,81,109,precise,NA,NA,non-outcome,NA,NA,non-outcome,NA,NA,non-outcome,NA,NA,non-outcome,precise,TRUE,FALSE,TRUE
LbEB,21mg2,LbEB_m8lkk9,21mg2_610_1,Extended Push Button Reproduction,95,95,NA,NA,NA,NA,NA,NA,"All outcomes meet the Approximate Reproduction Criteria. Note that there is a potential reporting error here in the manuscript. The authors report that the difference between the two groups did not lie outside the credible interval, but the values they report show that the credible interval does not include zero, which would indicate that there are differences. Following discussion with Priya Silverstein, we are using the authors reported values, the CI minimum for the approximate reproduction <=.07 (includes CIs that include zero, but also CIs that match with the actual reported minimum, to cover both bases)",yes,"Based on these criteria, the claim did reproduce.",yes,81,109,precise,NA,NA,non-outcome,NA,NA,non-outcome,NA,NA,non-outcome,NA,NA,non-outcome,precise,TRUE,FALSE,TRUE
0P4r,28884,0P4r_yyyd4j,28884_616_1,Extended Push Button Reproduction,NA,NA,NA,NA,NA,NA,NA,NA,All outcomes meet the Precise Reproduction Criteria,yes,NA,yes,NA,NA,non-outcome,NA,NA,non-outcome,NA,NA,non-outcome,NA,NA,non-outcome,NA,NA,non-outcome,none,TRUE,FALSE,TRUE
Nv99,6ow1o,Nv99_dxd248,6ow1o_621_1,Push Button Reproduction,637,637,0.023,0.2719253,NA,NA,NA,NA,That all criteria meet Precise Reproduction Criteria,yes,NA,yes,541,733,precise,0.23120000000000002,0.3128,precise,NA,NA,non-outcome,0.05,0.1,precise,NA,NA,non-outcome,push button,FALSE,FALSE,TRUE
Nv99,6ow1o,Nv99_rxk9y1,6ow1o_622_1,Push Button Reproduction,637,637,0.009,0.2920152,NA,NA,NA,NA,That all criteria meet Precise Reproduction Criteria,yes,NA,yes,541,733,precise,0.24819999999999998,0.3358,precise,NA,NA,non-outcome,0.01,0.060000000000000005,precise,NA,NA,non-outcome,push button,FALSE,FALSE,TRUE
Nv99,6ow1o,Nv99_vnr7y3,6ow1o_623_1,Push Button Reproduction,2989,2989,0.013,0.3111061,NA,NA,NA,NA,That all criteria meet Precise Reproduction Criteria.,yes,NA,yes,2541,3437,precise,0.26435,0.35765,precise,NA,NA,non-outcome,0.05,0.1,precise,NA,NA,non-outcome,push button,FALSE,FALSE,TRUE
Nv99,6ow1o,Nv99_kzdq4r,6ow1o_624_1,Push Button Reproduction,5586,5586,0.016,0.2928904,NA,NA,NA,NA,That all criteria meet Precise Reproduction Criteria,yes,NA,yes,4748,6424,precise,0.24905,0.33694999999999997,precise,NA,NA,non-outcome,0.05,0.1,precise,NA,NA,non-outcome,push button,FALSE,FALSE,TRUE
Nv99,6ow1o,Nv99_7oqj2d,6ow1o_625_1,Push Button Reproduction,3381,3381,0.007,0.3733867,NA,NA,NA,NA,That all criteria meet Precise Reproduction Criteria,yes,NA,yes,2874,3888,precise,0.31705,0.42895,precise,NA,NA,non-outcome,0.01,0.060000000000000005,precise,NA,NA,non-outcome,push button,FALSE,FALSE,TRUE
Nv99,6ow1o,Nv99_zxv3o3,6ow1o_626_1,Push Button Reproduction,19110,19110,0.009,0.3666561,NA,NA,NA,NA,That all criteria meet Precise Reproduction Criteria,yes,NA,yes,16244,21977,precise,0.31195,0.42205,precise,NA,NA,non-outcome,0.01,0.060000000000000005,precise,NA,NA,non-outcome,push button,FALSE,FALSE,TRUE
Nv99,6ow1o,Nv99_l8rxkk,6ow1o_627_1,Push Button Reproduction,3381,3381,0.006,0.4077405,NA,NA,NA,NA,That all criteria meet Precise Reproduction Criteria,yes,NA,yes,2874,3888,precise,0.3468,0.46919999999999995,precise,NA,NA,non-outcome,0.01,0.060000000000000005,precise,NA,NA,non-outcome,push button,FALSE,FALSE,TRUE
Nv99,6ow1o,Nv99_6rpxdy,6ow1o_628_1,Push Button Reproduction,19036,19306,0.0100417,0.3981885,NA,NA,NA,NA,That all criteria meet Precise Reproduction Criteria,no,"There is a difference in the sample size that may be due to a typo if the authors created tables in the articles by hand? Also, the p-value should be below 0.01 and is equal – this can be caused by the way STATA rounds numbers",complicated,16181,21891,approximate,0.33830000000000005,0.4577,precise,NA,NA,non-outcome,0.01,0.060000000000000005,approximate,NA,NA,non-outcome,approximate,FALSE,FALSE,TRUE
Nv99,6ow1o,Nv99_yyy36d,6ow1o_629_1,Push Button Reproduction,3185,3185,0.033,0.2894798,NA,NA,NA,NA,That all criteria meet Precise Reproduction Criteria,yes,NA,yes,2707,3663,precise,0.24564999999999998,0.33235,precise,NA,NA,non-outcome,0.05,0.1,precise,NA,NA,non-outcome,push button,FALSE,FALSE,TRUE
Nv99,6ow1o,Nv99_2qq43d,6ow1o_630_1,Push Button Reproduction,22785,22785,0.048,0.2616891,NA,NA,NA,NA,That all criteria meet Precise Reproduction Criteria,yes,NA,yes,19367,26203,precise,0.2227,0.3013,precise,NA,NA,non-outcome,0.05,0.1,precise,NA,NA,non-outcome,push button,FALSE,FALSE,TRUE
Nv99,6ow1o,Nv99_3n6w71,6ow1o_631_1,Push Button Reproduction,23128,23128,0.006,0.9746403,NA,NA,NA,NA,That all criteria meet Precise Reproduction Criteria,yes,NA,yes,19659,26597,precise,0.82875,1.1212499999999999,precise,NA,NA,non-outcome,0.01,0.060000000000000005,precise,NA,NA,non-outcome,push button,FALSE,FALSE,TRUE
Nv99,6ow1o,Nv99_9yy941,6ow1o_632_1,Push Button Reproduction,23128,23128,0.076,0.8142246,NA,NA,NA,NA,That all criteria meet Precise Reproduction Criteria,yes,NA,yes,19659,26597,precise,0.6919,0.9360999999999999,precise,NA,NA,non-outcome,0.1,0.15000000000000002,precise,NA,NA,non-outcome,push button,FALSE,FALSE,TRUE
Nv99,6ow1o,Nv99_4jjrp5,6ow1o_633_1,Push Button Reproduction,42777,42777,0.09,0.2262674,NA,NA,NA,NA,That all criteria meet Precise Reproduction Criteria,yes,NA,yes,36360,49194,precise,0.1921,0.2599,precise,NA,NA,non-outcome,0.1,0.15000000000000002,precise,NA,NA,non-outcome,push button,FALSE,FALSE,TRUE
Nv99,6ow1o,Nv99_511rql,6ow1o_634_1,Push Button Reproduction,42777,42777,0.05040918,0.4174821,NA,NA,NA,NA,That all criteria meet Precise Reproduction Criteria,no,The p-value should be below 0.05 but is equal. This difference may be due to how STATA rounds numbers.,complicated,36360,49194,precise,0.35445,0.47955,precise,NA,NA,non-outcome,0.05,0.1,approximate,NA,NA,non-outcome,approximate,FALSE,FALSE,TRUE
Nv99,6ow1o,Nv99_855nv6,6ow1o_635_1,Push Button Reproduction,45374,45374,0.028,0.2820775,NA,NA,NA,NA,That all criteria meet Precise Reproduction Criteria,yes,NA,yes,38568,52180,precise,0.23969999999999997,0.3243,precise,NA,NA,non-outcome,0.05,0.1,precise,NA,NA,non-outcome,push button,FALSE,FALSE,TRUE
9OK1,247gz,9OK1_l8d8wj,247gz_653_1,Source Data Reproduction,7344,7344,NA,-0.0678745,NA,NA,NA,NA,That all criteria meet at least Approximate Reproduction Criteria,yes,NA,yes,6242,8446,precise,-0.0782,-0.0578,precise,NA,NA,non-outcome,NA,NA,non-outcome,NA,NA,non-outcome,precise,FALSE,FALSE,FALSE
9OK1,247gz,9OK1_6rvr3z,247gz_654_1,Source Data Reproduction,7344,7344,NA,-0.0785619,NA,NA,NA,NA,That all criteria meet at least Approximate Reproduction Criteria,yes,NA,yes,6242,8446,precise,-0.09085,-0.06715,precise,NA,NA,non-outcome,NA,NA,non-outcome,NA,NA,non-outcome,precise,FALSE,FALSE,FALSE
9OK1,247gz,9OK1_3n2npq,247gz_655_1,Source Data Reproduction,848,168,NA,-0.30905645,NA,NA,NA,NA,That all criteria meet at least Approximate Reproduction Criteria,no,NA,no,721,975,not,-0.805,-0.595,not,NA,NA,non-outcome,NA,NA,non-outcome,NA,NA,non-outcome,not,FALSE,FALSE,TRUE
9OK1,247gz,9OK1_w7d7ly,247gz_656_1,Source Data Reproduction,848,168,NA,-0.698815008,NA,NA,NA,NA,That all criteria meet at least Approximate Reproduction Criteria,no,NA,no,721,975,not,-0.7245,-0.5355,approximate,NA,NA,non-outcome,NA,NA,non-outcome,NA,NA,non-outcome,not,FALSE,FALSE,TRUE
9OK1,247gz,9OK1_ppwpjr,247gz_657_1,Source Data Reproduction,848,168,NA,-0.77304948,NA,NA,NA,NA,That all criteria meet at least Approximate Reproduction Criteria,no,NA,no,721,975,not,-0.7245,-0.5355,not,NA,NA,non-outcome,NA,NA,non-outcome,NA,NA,non-outcome,not,FALSE,FALSE,TRUE
9OK1,247gz,9OK1_q7q7np,247gz_658_1,Source Data Reproduction,848,168,NA,0.64633132,NA,NA,NA,NA,That all criteria meet at least Approximate Reproduction Criteria,no,NA,no,721,975,not,0.374,0.506,not,NA,NA,non-outcome,NA,NA,non-outcome,NA,NA,non-outcome,not,FALSE,FALSE,TRUE
9OK1,247gz,9OK1_x6v67k,247gz_659_1,Source Data Reproduction,848,168,NA,0.424370963,NA,NA,NA,NA,That all criteria meet at least Approximate Reproduction Criteria,no,NA,no,721,975,not,0.3315,0.4485,approximate,NA,NA,non-outcome,NA,NA,non-outcome,NA,NA,non-outcome,not,FALSE,FALSE,TRUE
9OK1,247gz,9OK1_j626r5,247gz_660_1,Source Data Reproduction,848,168,NA,0.42756844,NA,NA,NA,NA,That all criteria meet at least Approximate Reproduction Criteria,no,NA,no,721,975,not,0.3315,0.4485,approximate,NA,NA,non-outcome,NA,NA,non-outcome,NA,NA,non-outcome,not,FALSE,FALSE,TRUE
9OK1,247gz,9OK1_1r9r3o,247gz_661_1,Source Data Reproduction,848,168,NA,-0.53843567,NA,NA,NA,NA,That all criteria meet at least Approximate Reproduction Criteria,no,NA,no,721,975,not,-0.3795,-0.2805,not,NA,NA,non-outcome,NA,NA,non-outcome,NA,NA,non-outcome,not,FALSE,FALSE,TRUE
9OK1,247gz,9OK1_9p5lon,247gz_662_1,Source Data Reproduction,848,168,NA,-0.53377655,NA,NA,NA,NA,That all criteria meet at least Approximate Reproduction Criteria,no,NA,no,721,975,not,-0.46,-0.34,not,NA,NA,non-outcome,NA,NA,non-outcome,NA,NA,non-outcome,not,FALSE,FALSE,TRUE
9OK1,247gz,9OK1_4zxykz,247gz_663_1,Source Data Reproduction,822,155,NA,-0.013080184,NA,NA,NA,NA,That all criteria meet at least Approximate Reproduction Criteria,no,NA,no,699,945,not,-1.15E-12,-8.50E-13,not,NA,NA,non-outcome,NA,NA,non-outcome,NA,NA,non-outcome,not,FALSE,FALSE,TRUE
9OK1,247gz,9OK1_5lj7o9,247gz_664_1,Source Data Reproduction,803,148,NA,-0.78129228,NA,NA,NA,NA,That all criteria meet at least Approximate Reproduction Criteria,no,NA,no,683,923,not,-0.805,-0.595,approximate,NA,NA,non-outcome,NA,NA,non-outcome,NA,NA,non-outcome,not,FALSE,FALSE,TRUE
9OK1,247gz,9OK1_y549wp,247gz_665_1,Source Data Reproduction,424,84,NA,-1.0160116,NA,NA,NA,NA,That all criteria meet at least Approximate Reproduction Criteria,no,The difference in sample size here may be due to a difference in extracting the subpopulation. The original authors write: “we split our sample at the median of the share of the population that was older than 21 years when the Soviet Union collapsed in 1991”. To be as close to this description as possible I took the median of people aged 35 and up (the data only has age brackets). The original authors could split their data slightly different.,no,360,488,not,-0.4255,-0.3145,not,NA,NA,non-outcome,NA,NA,non-outcome,NA,NA,non-outcome,not,FALSE,FALSE,TRUE
9OK1,247gz,9OK1_2npy15,247gz_666_1,Source Data Reproduction,424,62,NA,0.095713,NA,NA,NA,NA,That all criteria meet at least Approximate Reproduction Criteria,no,"The difference in the original outcome and reproduction results may be caused by differences in the data. For example, the appendix to the original article reports the mean of population with higher education as 15.72 whereas the mean for the same part of the population calculated from the data from the National Bureau of Statistics of the Republic of Moldova is 4.27%. The reason for this difference is unclear.",no,360,488,not,-0.759,-0.561,not,NA,NA,non-outcome,NA,NA,non-outcome,NA,NA,non-outcome,not,FALSE,FALSE,TRUE
9OK1,247gz,9OK1_8w4znp,247gz_667_1,Source Data Reproduction,8350,3137,NA,-0.015858621,NA,NA,NA,NA,That all criteria meet at least Approximate Reproduction Criteria,no,The difference in the sample size may be caused by merging the data. There is no variable that would be distinct for each observation and if STATA and R use different algorithms for merging in such situations then it’s possible that each software excludes different number of observations. Using other algorithms from R packages (ie. Mutating joins) gave the same result,no,7098,9603,not,-0.0207,-0.0153,approximate,NA,NA,non-outcome,NA,NA,non-outcome,NA,NA,non-outcome,not,FALSE,FALSE,TRUE
9OK1,247gz,9OK1_o7lz2k,247gz_668_1,Source Data Reproduction,8350,3137,NA,-0.010860896,NA,NA,NA,NA,That all criteria meet at least Approximate Reproduction Criteria,no,The difference in the sample size may be caused by merging the data. There is no variable that would be distinct for each observation and if STATA and R use different algorithms for merging in such situations then it’s possible that each software excludes different number of observations. Using other algorithms from R packages (ie. Mutating joins) gave the same result.,no,7098,9603,not,-0.0161,-0.0119,not,NA,NA,non-outcome,NA,NA,non-outcome,NA,NA,non-outcome,not,FALSE,FALSE,TRUE
9OK1,247gz,9OK1_nl79vv,247gz_669_1,Source Data Reproduction,8350,3137,NA,-0.014318367,NA,NA,NA,NA,That all criteria meet at least Approximate Reproduction Criteria,no,The difference in the sample size may be caused by merging the data. There is no variable that would be distinct for each observation and if STATA and R use different algorithms for merging in such situations then it’s possible that each software excludes different number of observations. Using other algorithms from R packages (ie. Mutating joins) gave the same result.,no,7098,9603,not,-0.0253,-0.0187,not,NA,NA,non-outcome,NA,NA,non-outcome,NA,NA,non-outcome,not,FALSE,FALSE,TRUE
9OK1,247gz,9OK1_d93zkv,247gz_670_1,Source Data Reproduction,8350,3137,NA,0.006342637,NA,NA,NA,NA,That all criteria meet at least Approximate Reproduction Criteria,no,The difference in the sample size may be caused by merging the data. There is no variable that would be distinct for each observation and if STATA and R use different algorithms for merging in such situations then it’s possible that each software excludes different number of observations. Using other algorithms from R packages (ie. Mutating joins) gave the same result,no,7098,9603,not,8.500000000000001e-4,0.00115,not,NA,NA,non-outcome,NA,NA,non-outcome,NA,NA,non-outcome,not,FALSE,FALSE,TRUE
88xa,6zzyw,88xa_m526y2,6zzyw_671_1,Author Data Reproduction,179,179,0.01953,NA,f,5.555,partial eta-squared,0.031,All outcomes meet the approximate reproduction criteria,no,"Primary outcomes indicated a precise reproduction, but all secondary outcomes except the sample size, which met approximate criteria, were not reproduced.",complicated,152,206,precise,NA,NA,non-outcome,4.726,6.393999999999999,precise,0.02,0.07,precise,0.02635,0.03565,precise,precise,TRUE,FALSE,TRUE
88xa,6zzyw,88xa_my2n19,6zzyw_672_1,Author Data Reproduction,70,70,1.666e-4,NA,z,3.6716,cohen's d,1.035206,All outcomes meet the approximate reproduction criteria,yes,NA,yes,60,81,precise,NA,NA,non-outcome,3.1195,4.2204999999999995,precise,0.001,0.051000000000000004,precise,0.884,1.196,precise,precise,FALSE,FALSE,TRUE
88xa,6zzyw,88xa_m82do4,6zzyw_673_1,Author Data Reproduction,34,33,0.05438,NA,z,1.9271,cohen's d,0.7316307,All outcomes meet the approximate reproduction criteria,yes,"The sample size and p-value met approximate reproduction criteria, and the focal test statistic and effect size met precise reproduction criteria. I reported the absolute value of z and d to align with the values reported in the paper after confirming that the direction of the effect I found matched the original interpretation of the results",yes,29,39,approximate,NA,NA,non-outcome,1.6404999999999998,2.2195,precise,0.05,0.1,approximate,0.6204999999999999,0.8395,precise,approximate,FALSE,FALSE,TRUE
88xa,6zzyw,88xa_boy4np,6zzyw_674_1,Author Data Reproduction,128,127,0.0147,NA,f,6.124,partial eta-squared,0.047,All outcomes meet the approximate reproduction criteria,no,"For the primary outcomes, the sample size and test statistic were approximately reproduce and the p-value was precisely reproduced. For the secondary outcomes, the sample size, test statistic, and effect size were not reproduced; however, I did find an effect in the direction reported and the p-value was approximately reproduced",complicated,109,147,approximate,NA,NA,non-outcome,4.8365,6.543500000000001,approximate,0.02,0.07,precise,NA,NA,non-outcome,approximate,TRUE,FALSE,FALSE
88xa,6zzyw,88xa_bd4vqj,6zzyw_675_1,Author Data Reproduction,123,123,0.0839,0.0984665,t,1.73,odds ratio,1.1,All outcomes meet the approximate reproduction criteria,no,"All outcomes met precise or approximate reproduction criteria except for two.For the primary outcomes, the sample size, coefficient, and effect size met precise reproduction criteria, but the test statistic and p-value failed to be reproduced. For the secondary outcomes, the sample size, effect size, and p-value met precise reproduction criteria  and the coefficient and test statistic met approximate reproduction criteria.",complicated,105,141,precise,0.0833,0.11270000000000001,precise,2.0485,2.7715,not,0.02,0.07,not,0.935,1.2650000000000001,precise,not,TRUE,FALSE,TRUE
YRvg,3g4k,YRvg_single-trace,3g4k_676_1,Source Data Reproduction,510,510,0.005894,0.49496,t,2.7653,NA,NA,"Inferential criteria:  The coefficient l_sent is positive: There is a positive association between lagged investor sentiment and the long-short return spread corresponding to the gross profitability anomaly in month t. The corresponding p value is less than 0.05, two tailed",yes,The claim was replicated in the ‘reproduction dataset’. The coefficient on the lagged investment sentiment is 0.49496 and its p-value is 0.005897 (two-tailed).,yes,434,587,precise,0.272,0.368,not,1.5385,2.0815,not,NA,NA,non-outcome,NA,NA,non-outcome,not,NA,FALSE,TRUE
Ryq7,95my,Ryq7_single-trace,95my_677_1,Source Data Reproduction,275,284,0.023,0.3963396,t,2.48,NA,NA,"Criteria for a successful reproduction attempt for the SCORE project is a statistically significant effect for the predictor COUNT_PARTIES (alpha = .05, two tailed) in the same pattern as the original study on the focal hypothesis test (H*).",yes,"Column (2) of Table R.1 shows that as the log count of parties in the system (variable COUNT_PARTIES) increases, party dispersion in the economic dimension increases. Coefficient on log count of parties in system term = 0.40, robust SE clustered by country = 0.16. The effect is statistically significant at the 5% level (p = 0.023), two-tailed test. Consequently, the reproduction was successful.",yes,234,316,approximate,0.3315,0.4485,approximate,NA,NA,non-outcome,0.05,0.1,precise,NA,NA,non-outcome,approximate,NA,FALSE,TRUE
z0v1,0056,z0v1_single-trace,0056_678_1,Source Data Reproduction,14439,14581,0.006212,0.14023287,t,2.7368,NA,NA,"The coefficient MaleBirth is positive: After they become fathers, men will be less likely to agree that men and women in dual-earner couples should share housework and childcare equally. The corresponding p value is less than 0.05, two tailed",yes,The claim was replicated in the ‘reproduction dataset’. The coefficients on the ‘MaleBirth’ (becoming father) from the model with and without ‘religion’ are 0.14023284 and 0.1430096 respectively. The corresponding p-values are 0.006212 and 0.005227 respectively (two-tailed).,yes,12273,16605,approximate,0.0935,0.1265,not,NA,NA,non-outcome,0.1,0.15000000000000002,precise,NA,NA,non-outcome,not,NA,FALSE,FALSE
Blxd,6778,Blxd_single-trace,6778_679_1,Source Data Reproduction,10221,9280,5.3756e-5,-0.08843083,NA,NA,NA,NA,"A successful replication attempt is observed if the replication analysis produces a statistically significant effect (alpha = .05, two tailed) in the same pattern as the original study for the focal hypothesis test (H*). The hypothesis to be tested is: The interaction of the use of memorization and school-average ability will be negative in its association with mathematical self-concept. As such, the inference criteria that will be used to assess whether or not the focal claim replicates will be (1) the direction of the final parameter estimate (needs to be negative) and (2) the magnitude of the final p-value (needs to be less than less than .001 [see page 405 of Seaton et al., 201 0]. Both conditions need to be met in order for the focal claim to replicate.",yes,"The replication included 262,889 students nested in 9,280 and 41 countries... Our multilevel modeling analysis revealed that the observed coefficient for the focal moderating effect was -0.08843083 (SE = 0.004693651) with a corresponding p-value of 5.3756e-05. Thus, this replication of the claim was successful according to the SCORE criteria – the replication produced a statistically significant result (p < .001) that corresponded to an effect in the same pattern compared to the original study. In other words, the replication result supports the notion that students in high-ability schools who used the memorization technique to a greater extent suffered a larger decline in mathematics self-concept than those who used the technique to a lesser extent.",yes,8688,11754,approximate,-0.10235,-0.07565,approximate,NA,NA,non-outcome,0.001,0.051000000000000004,precise,-0.18055,-0.13345,non-outcome,approximate,NA,FALSE,TRUE
l22v,68,l22v_single-trace,68_680_1,Source Data Reproduction,57,81,0,4.965791,z,4.52,NA,NA,"Inferential criteria: Criteria for a successful replication attempt for the SCORE project is a statistically significant effect (alpha = .05, two tailed) in the same pattern as the original study on the focal hypothesis test (H*). For this study, this criteria is met by a Prais-Winsten regression with autoregressive-corrected error terms. The same inference criteria is applied to the “ballot” variable in all analyses (replication only, reproduction only, and replication and reproduction both) which should have a positive association with the dependent variable. We will report coefficient values, standard errors, and p-values for all coefficients, including control variables aligning with the focal claim in the original study.",yes,"This claim was replicated. Table 1 contains the regression results for the focal hypothesis test and reports coefficients for all covariates including the focal independent variable, ballot for the new data only (Column 1), reproduction data (Column 2), and combined data (Column 3). Dependent variable in all columns is women’s representation. In the case of the ballot variable, the coefficient of the Prais-Winsten regression with autoregressive error-corrected terms is 3.716726 in the case of the new data (panel corrected standard error = 0.7620757; p-value = 0.00); is 4.965791 in the case of the reproduction data only (panel corrected standard error = 1.098065; p-value = 0.00); and is 2.037009 in the case of the combined dataset (panel corrected standard error = 0.7076107; p-value = 0.004).",yes,48,66,not,2.0306499999999996,2.74735,not,NA,NA,non-outcome,0.05,0.1,precise,NA,NA,non-outcome,not,NA,FALSE,TRUE
b3G4,2z3g,b3G4_single-trace,2z3g_681_1,Author Data Reproduction,278,278,0.02,0.14,NA,NA,NA,NA,"The inferential criteria for a reproduction will be based on a subset of the following criteria: Sample size; Focal variable p value; Control variable(s) coefficient(s) in focal model; Focal variable coefficient value; Effect size of focal variable; Subjective interpretation by analyst. Accordingly, the reproduction analysis will report outcomes for each of these criteria whenever possible and relevant.",yes,"Reproduction result: The claim was tested by computing bivariate correlations between average CRT performance and measures of helping behaviors (social-distancing being one of 3 tested). This analysis yielded a positive correlation, i.e. participants who performed worse on the CRT were less likely to have engaged in social-distancing (r(276) = .14, p = .02).",undefined,236,320,precise,0.11900000000000001,0.161,precise,NA,NA,non-outcome,0,0.07,precise,NA,NA,non-outcome,precise,NA,TRUE,TRUE
Kj9d,5196,Kj9d_single-trace,5196_682_1,Author Data Reproduction,20,20,0.018,NA,f,6.757,partial eta-squared,0.262,"The reproduction team has been provided access to the original dataset. A successful reproduction of the Rinaldi et al., (2016) results would be a significant triple interaction of the above ANOVA, such that the compatible mappings (Mapping A for English, Mapping G for Hebrew) will demonstrate the fastest performance.",no,"A significant triple interaction was found, F(1, 19) = 6.76, p =.018, partial eta squared = .262. However, in contrast to the original findings for English conditions (fastest mapping A), in the reproduction attempt mappings C and D were fastest than mapping A (although not statistically different in the post-hoc Scheffè comparisons). The reproduced pattern of the Hebrew conditions (fastest mapping G) was similar to the original findings (although not statistically different in the post-hoc Scheffè comparisons). Thus, this reproduction attempt of the claim was failed according to the SCORE criteria.",no,17,23,precise,NA,NA,non-outcome,14.1865,19.1935,not,0.002,0.052000000000000005,approximate,0.39949999999999997,0.5405,not,not,NA,FALSE,TRUE
7WjP,927,7WjP_single-trace,927_683_1,Author Data Reproduction,30,30,0.038,NA,f,4.74,partial eta-squared,0.1447,Reproduction criteria: The inferential criteria for a reproduction will be based on a subset of the following criteria: Sample size; Focal variable p value; Control variable(s) coefficient(s) in focal model; Focal variable coefficient value; Effect size of focal variable; Subjective interpretation by analyst.,yes,"Reproduction result: The focal test of reproducibility, per the preregistration, uses the pre-computed ratios of Actual to Perceived Arm length that the authors provided. The sample size available for these columns in the data matched the original report, with 15 left-handed and 15 right-handed participants. Reproducing the focal test ANOVA gives a result of F(1, 28) = 4.74, p=0.038. The p value of 0.038 translates to p_rep = 0.8952, which rounds to p_rep = .90. Thus, the inferential statistics are reproducible in terms of sample size, F value and p value. The effect size reported by the authors (partial eta squared) is not precisely reproducible but is consistent with a very minor rounding error. The sum of squares (SS) for the effect is 0.01542, and the SS for the error is 0.09108. Since partial eta squared = SSE_effect / (SS_effect + SS_error), this gives 0.1447, which does not round to 0.15. However, this is a minor difference: If the output of the statistical software used by the researchers rounded this to 0.145, they could then have reasonably and accurately rounded this to 0.15. The secondary aspect of reproducibility we preregistered was asking whether the precomputed ratios of actual to perceived arm length, computed by the authors in the data file and used for the above analysis, match what you get from recomputing these ratios using the raw data provided for actual and perceived arm length separately. For 100% of the left arm ratios (Perceived Left Arm Length / Actual Left Arm Length) these match precisely. They match precisely for only 29 out of the 30 right arm ratios, however: the other participant has a precomputed ratio of 1.111779 but when recomputed from the raw values, this ratio is 1.114458 (a very minor difference of 0.00267). Using the re-computed ratios gives an ANOVA result of F(1, 28) = 4.71, p=0.0386, p_rep=0.894, partial eta squared=0.1439, a very minor difference from the reported result.",yes,26,35,precise,NA,NA,non-outcome,4.029,5.4510000000000005,precise,NA,NA,non-outcome,0.1275,0.1725,approximate,approximate,NA,FALSE,FALSE
Peaa,m7k3,Peaa_single-trace,m7k3_684_1,Source Data Reproduction,523,NA,0.001,-0.468,NA,NA,NA,NA,"Reproduction criteria: A successful replication of the Smith et al. (2016) results would be a statistically significant negative effect (alpha = .05, two tailed) of the share of natives on ethnic homophily in the meta-analysis regression model.",yes,"Our replication of Model 2 in Table 3 yields a coefficient of b = -.47 (SE = .07, p < .001) on the “Proportion natives” variable (see Table 1 in the attached Appendix). Thus, this reproduction of the claim was successful according to the SCORE criteria. Note that our meta-analytic result above necessarily depends upon the ERGM coefficients estimated in the first stage of the analysis. We briefly describe these procedures here... [See final report for additional criteria and details, as well as deviations from the original study and the prereg.]",yes,445,601,non-outcome,-0.5865,-0.4335,approximate,NA,NA,non-outcome,0.001,0.051000000000000004,approximate,NA,NA,non-outcome,approximate,NA,FALSE,TRUE
P39Z,ykg6,P39Z_single-trace,ykg6_685_1,Author Data Reproduction,2035,2035,5.4e-4,-0.46319,t,-3.465,NA,NA,NA,yes,"Reproduction result: The results for the monthly income are: unstandardized coefficient = -0.46319, p = 0.000540. The claim was precisely replicated. Deviations from the preregistration: The claim paragraph includes “student status” but it is omitted in the analysis because it is not included in Table 1 in the original article. The deviation is to create a faithful reproduction. PBR troubleshooting details: There was no analysis code provided so it was written by the analyst.",yes,1730,2340,precise,-0.53245,-0.39355,precise,NA,NA,non-outcome,0,0.0505403,approximate,NA,NA,non-outcome,approximate,NA,TRUE,TRUE
1574,2g5g,1574_single-trace,2g5g_686_1,Author Data Reproduction,157,157,NA,NA,non-parametric,0.019,NA,NA,"Reproduction criteria: The inferential criteria for a reproduction will be based on a subset of the following criteria: Sample size: Original study sample size and units: 315 group decisions. The unit of analysis is a group decision in a period. Each group had 15 periods of decision making. Reproduction attempt approximate sample size: 315 group decisions. The unit of observation is also a group decision in a period. Focal variable p value: A (nonparametric) Fisher exact probability test on group decisions rejects outcomes being identical across voting rules without communication when the number of red signals is 5–8 at conventional significance levels. Control variable(s) coefficient(s) in focal model: private - it equals to 1 if the private sample the subject received was red, and 2 if the private sample the subject received was blue. group_decision - it equals to 1 if the group decision was red, and 2 if the group decision was blue. groupid - the id of the group. This is the data included in the original txt data files. Some of the groups have the same id in the same treatment, although those groups were in different sessions. unique_groupid - the id of the group. The groups have a unique group id if they are in the same treatment. num_red - the total number of red signals a group received in a period.",yes,Reproduction result: I have successfully replicated the focal test. The analysis output is reproduced below:... [See final report for output.],yes,133,181,precise,NA,NA,non-outcome,NA,NA,non-outcome,NA,NA,non-outcome,NA,NA,non-outcome,precise,NA,FALSE,TRUE
AgO1,9y8y,AgO1_single-trace,9y8y_687_1,Author Data Reproduction,24,24,0.0025,NA,f,7.93,NA,NA,Reproduction criteria: The inferential criteria for a reproduction will be based on a subset of the following criteria: Sample size: Original study sample size and units: 24 pairs of players (48 subjects in total). The unit of analysis is a pair. Reproduction attempt approximate sample size: 24 pairs of players. Focal variable p value: p < .01. Control variable(s) coefficient(s) in focal model: The following weighted least square linear regression model will be implemented to test each of the hypotheses:... [see final report for model specification].,yes,Reproduction result: I successfully replicated the focal test. The analysis output is reproduced below:... [See final report for output.],yes,20,28,precise,NA,NA,non-outcome,6.7405,9.1195,precise,0.01,0.060000000000000005,precise,NA,NA,non-outcome,precise,NA,FALSE,TRUE
ZdgL,2637,ZdgL_single-trace,2637_688_1,Source Data Reproduction,NA,73705,NA,NA,NA,NA,NA,NA,"Reproduction Criteria: A successful reproduction of the key SCORE claim would involve that two elements are observed graphically: - Native-born white women in 1980 had lower college completion rate than men. Graphically, the “left square is above the right circle.” - Native-born white women in 2005 had completed college at approximately the same rate as their male counterpart. Graphically, the “right square broadly overlaps with the right circle.”  The focal hypothesis as formulated by SCORE does not require more stringent criteria. Indeed, the graphical nature of the claim makes it difficult to “see” what the exact levels are (especially because the scales are imprecise, and the graphical symbols are large).  One can make an educated guess from the figure however about the following more stringent three criteria: - Native-born white women in 1980 had about 20% college completion rates. - Native-born white men in 1980 had about 25-30% college completion rates. - Native-born white women and men in 2005 had about 30-35% college completion rates.  Note that the original study does not report the regression estimates on which this portion of Figure 2 is based. Therefore, it is impossible to provide statistics related to the precision of these estimates, such as p-values, for a comparison with the original study.",undefined,"Reproduction Result: The reproduction is based on the computation of expected values from mean characteristics based on estimates from a logistic regression on two subsamples: the male subsample (35,954 observations) and the female subsample (37,751 observations). As explained in section 13 of the preregistration document (https://osf.io/aexnc/), the original study does not provide sample sizes. The reproduction attempt therefore cannot compare sample sizes. However, based on comparison with other sample sizes reported in the original study, one can infer that sample sizes in the original study and the reproduction are similar—again, see section 13 of the preregistration document.  Results are reported in Figure 1 below (also available as a png file at https://osf.io/ek3jr/). One can observe the following two elements: - Native-born white women in 1980 had lower college completion rate than men. Graphically, the “left square is above the right circle.” - Native-born white women in 2005 had completed college at almost approximately the same rate as their male counterpart. Graphically, the “right square is slightly below the right circle.”  More precisely, from the analysis data used to generate this figure: - Native-born white women in 1980 had 14.6% college completion rates. - Native-born white men in 1980 had 27.3% college completion rates. - Native-born white women in 2005 had 36.1% college completion rates. - Native-born white men in 2005 had 32.5% college completion rates.  Overall, the replication of the claim was almost successful according to the SCORE criteria: - It is successful in the comparison of men and women college completion rates in 1980 (men > women). - It is moderately successful in the comparison of men and women completion rates in 2008 (women ~> men). - It is successful on levels of men college completion rates in 1980 (27.3∈ [25-30]). - It is unsuccessful on levels of women college completion rates in 1980 (14.6 < 20). - It is successful on levels of men college completion rates in 2008 (32.5∈ [30-35]). - It is close to successful on levels of women college completion rates in 2008 (36.1 > 35).  It is worth highlighting however that in broader terms, the original claim that “women experienced substantially more intergenerational mobility than their male counterparts” is entirely verified in this reproduction.",yes,NA,NA,non-outcome,NA,NA,non-outcome,NA,NA,non-outcome,NA,NA,non-outcome,NA,NA,non-outcome,none,NA,FALSE,TRUE
G0Kb,g2z,G0Kb_single-trace,g2z_676_1,Extended Push Button Reproduction,158,NA,0.04579,0.1417,t,2.011,NA,NA,NA,no,NA,no,134,182,non-outcome,NA,NA,non-outcome,NA,NA,non-outcome,NA,NA,non-outcome,NA,NA,non-outcome,none,NA,FALSE,TRUE
V3pK,94yy,V3pK_single-trace,94yy_677_1,Extended Push Button Reproduction,NA,NA,NA,NA,NA,NA,NA,NA,NA,no,"Although the authors included their syntax for models testing their focal test (which were run in AMOS), when running their code, there seem to be multiple syntax errors (e.g., “semicolon (;) or end-of-line or end-of-document expected). Attempts to resolve their syntax errors were unsuccessful.",no,NA,NA,non-outcome,NA,NA,non-outcome,NA,NA,non-outcome,NA,NA,non-outcome,NA,NA,non-outcome,none,NA,TRUE,TRUE
E32j,994g,E32j_single-trace,994g_678_1,Push Button Reproduction,856,NA,NA,NA,NA,NA,NA,NA,NA,no,The reproduction attempt failed while the code for study 2 was successfully run there was nothing in the output that matched the focal test.,no,728,984,non-outcome,NA,NA,non-outcome,11.288,15.271999999999998,non-outcome,0,0.050300000000000004,non-outcome,NA,NA,non-outcome,none,NA,TRUE,TRUE
2Nzk,50m6,2Nzk_single-trace,50m6_679_1,Push Button Reproduction,NA,NA,NA,NA,NA,NA,NA,NA,NA,no,The reproduction attempt failed because the relevant analysis ran for three hours without resolving.,no,NA,NA,non-outcome,NA,NA,non-outcome,NA,NA,non-outcome,NA,NA,non-outcome,NA,NA,non-outcome,none,NA,TRUE,TRUE
Pxp7,7226,Pxp7_single-trace,7226_680_1,Push Button Reproduction,1863,1863,NA,0.0512993,NA,NA,NA,NA,NA,undefined,The reproduction attempt was a partial success the treatment effect = .0513 and the Neyman SE= .0189. However after running for an hour attempting to calculate the random inference p values and q value STATA generated an unexpected end of do file error.,complicated,1584,2142,precise,NA,NA,non-outcome,NA,NA,non-outcome,NA,NA,non-outcome,NA,NA,non-outcome,push button,NA,FALSE,FALSE
0P4r,5066,0P4r_single-trace,5066_682_1,Push Button Reproduction,906,906,0.012,0.87,NA,NA,NA,NA,NA,undefined,"The reproduction result was partially successful. The code produced a table that showed for  model 4: estimate for Irregular = 0.87, SE = 0.35, p < .05 see duration_postcoldwarsupp.rtf but it is not clear from the direct STATA output where the numbersare being calculated from.",yes,770,1042,precise,NA,NA,non-outcome,NA,NA,non-outcome,NA,NA,non-outcome,NA,NA,non-outcome,push button,NA,FALSE,TRUE
WLkV,gy3z,WLkV_single-trace,gy3z_684_1,Push Button Reproduction,NA,NA,NA,NA,NA,NA,NA,NA,NA,no,Code provided appears to be cleaning code only with no analysis code provided. Code successfully ran but did not include focal test.,no,NA,NA,non-outcome,NA,NA,non-outcome,2.1556,2.9164,non-outcome,NA,NA,non-outcome,NA,NA,non-outcome,not attemptable,NA,FALSE,TRUE
QYNq,2zk7,QYNq_single-trace,2zk7_686_1,Push Button Reproduction,198,NA,NA,NA,NA,NA,NA,NA,NA,no,"The focal test could not be reproduced – the dataset does not match the reproduction code provided, i.e. it does not contain the same number of observations reported in the paper, and it does not contain the variables called for in the reproduction code.",no,168,228,non-outcome,0.1615,0.2185,non-outcome,NA,NA,non-outcome,0.05,0.1,non-outcome,NA,NA,non-outcome,not attemptable,NA,FALSE,TRUE
8R9d,285g,8R9d_single-trace,285g_687_1,Extended Push Button Reproduction,NA,NA,NA,NA,NA,NA,NA,NA,NA,no,"Although the authors included the .R script for cleaning the dataand running the analyses, there were a couple of functions within R that were not recognized. These functions were essential for the next steps and to eventually run the analyses; however, attempts to resolve the errors were unsuccessful. Because the packages in R seem relatively new (and thus these functions can’t be easily replicated or troubleshooted through the usage of a different package), it wasn’t possible to reproduce their focal test.",no,NA,NA,non-outcome,NA,NA,non-outcome,-75.5435,-55.8365,non-outcome,NA,NA,non-outcome,2.499,3.381,non-outcome,not attemptable,NA,FALSE,FALSE
GJe4,y4m6,GJe4_single-trace,y4m6_688_1,Push Button Reproduction,4013,NA,NA,NA,NA,NA,NA,NA,NA,no,"Although the authors included the .R script in order to run their primary analyses, there seemed to be an issue with opening one of the datasets referenced in the script. This step was essential in order to run the analyses and obtain the output.",no,3411,4615,non-outcome,NA,NA,non-outcome,NA,NA,non-outcome,NA,NA,non-outcome,NA,NA,non-outcome,not attemptable,NA,FALSE,TRUE
R3eV,zz51,R3eV_single-trace,zz51_689_1,Push Button Reproduction,NA,NA,NA,NA,NA,NA,NA,NA,NA,no,The code includes many models where log-transformed cases are regressed on tightness and government efficiency however neither output returns numbers that match focal analysis. Perhaps more close inspection of the code and output would return results similar to the original but that would require more time than 30 minutes. The analyst could not reproduce the original result within the required timeslot.,no,NA,NA,non-outcome,-0.1955,-0.1445,non-outcome,-2.5645,-1.8955,non-outcome,0,0.081,non-outcome,NA,NA,non-outcome,none,NA,TRUE,TRUE
qXX2,k1yz,qXX2_single-trace,k1yz_690_1,Push Button Reproduction,335566,NA,NA,NA,NA,NA,NA,NA,NA,no,The reproduction attempt failed because the authors used file names that did not correspond with the names of the files available for download. Additionally 16 datasets are listed on the website as being used but the code references 18 files.,no,285231,385901,non-outcome,-0.00391,-0.00289,non-outcome,-4.6345,-3.4255,non-outcome,0.001,0.051000000000000004,non-outcome,NA,NA,non-outcome,not attemptable,NA,FALSE,FALSE
LbEB,y041,LbEB_single-trace,y041_691_1,Extended Push Button Reproduction,NA,NA,NA,NA,NA,NA,NA,NA,NA,no,"Although the authors included the necessary R. scripts for running the analyses, there were a couple functions within R that were not recognized. These functions were essential for the next steps and to eventually run the analyses; however, attempts to resolve the errors were unsuccessful. It seems that the errors are appearing in response to code within the analysis_functions.R script.",no,NA,NA,non-outcome,NA,NA,non-outcome,NA,NA,non-outcome,NA,NA,non-outcome,NA,NA,non-outcome,not attemptable,NA,FALSE,FALSE
R0ak,17y4,R0ak_single-trace,17y4_692_1,Push Button Reproduction,NA,NA,NA,NA,NA,NA,NA,NA,NA,no,The reproduction attempt failed. The excel file was missing the key variable numberofrebels which is necessary to run the analysis.,no,NA,NA,non-outcome,NA,NA,non-outcome,NA,NA,non-outcome,NA,NA,non-outcome,NA,NA,non-outcome,not attemptable,NA,FALSE,TRUE
9wya,288zk,9wya_blpkpj,288zk_693_1,Push Button Reproduction,1287,1245,0.047,0.0450689,z,1.99,NA,NA,Sample Size and Focal Variable Coefficient meet the precise reproduction criteria or fall within the approximate reproduction criteria.,yes,"As can be seen from the table, the change in the amount ofremittances associated with the change in the trust of president falls within the approximate reproduction criteria. Based on this, the claim DID reproduce.",yes,1094,1480,approximate,NA,NA,non-outcome,NA,NA,non-outcome,NA,NA,non-outcome,NA,NA,non-outcome,approximate,FALSE,FALSE,FALSE
9wya,288zk,9wya_m64d4z,288zk_693_2,Push Button Reproduction,1273,1233,0.004,0.0940312,z,2.91,NA,NA,Sample Size and Focal Variable Coefficient meet the precise reproduction criteria or fall within the approximate reproduction criteria.,no,"Although the sample size and the p-value met the reproduction criteria, the focal variable value of 0.0940312 is higher than the maximum value of 0.080, allowed by the approximate reproduction criteria. Based on these criteria, the claim DID NOT reproduce.",no,1082,1464,approximate,NA,NA,non-outcome,NA,NA,non-outcome,NA,NA,non-outcome,NA,NA,non-outcome,approximate,FALSE,FALSE,TRUE
9wya,288zk,9wya_g3j7jq,288zk_693_3,Push Button Reproduction,1287,1245,0.166,0.0462908,z,1.39,NA,NA,Sample Size and Focal Variable Coefficient meet the precise reproduction criteria or fall within the approximate reproduction criteria.,no,"For this claim, only the Sample Size of 1,245 fell within the approximate reproduction criteria. The Focal Coefficient value of 0.0462908 and the p-value of 0.166 do not meet even the approximate reproduction criteria. Based on these criteria, the claim DID NOT reproduce.",no,1094,1480,approximate,NA,NA,non-outcome,NA,NA,non-outcome,NA,NA,non-outcome,NA,NA,non-outcome,approximate,FALSE,FALSE,TRUE
9wya,288zk,9wya_gwo2oy,288zk_693_4,Push Button Reproduction,1297,1242,0.001,-0.1865282,z,-3.41,NA,NA,Sample Size and Focal Variable Coefficient meet the precise reproduction criteria or fall within the approximate reproduction criteria.,yes,"The Sample Size of 1,242 falls within the range of the approximate reproduction criteria. The Focal Coefficient value of -0.1865282 falls within the approximate reproduction criteria, reaching close to the threshold of -0.19 in the range. The focal p-value of 0.001 meets the precise reproduction criteria. Based on these criteria, the claim DID reproduce.",yes,1102,1492,approximate,NA,NA,non-outcome,NA,NA,non-outcome,NA,NA,non-outcome,NA,NA,non-outcome,approximate,FALSE,FALSE,TRUE
9wya,288zk,9wya_gp1k1r,288zk_693_5,Push Button Reproduction,1283,1230,0.001,-0.2484821,z,-3.17,NA,NA,Sample Size and Focal Variable Coefficient meet the precise reproduction criteria or fall within the approximate reproduction criteria.,yes,"The Sample Size of 1,230 falls within the approximate reproduction range. The Focal Variable Coefficient of -0.2484821 also falls within the approximate reproduction range, being quite close to the original value. The focal p-value of 0.001 meets the precise reproduction criteria. Based on these criteria, the claim DID reproduce.",yes,1091,1475,approximate,NA,NA,non-outcome,NA,NA,non-outcome,NA,NA,non-outcome,NA,NA,non-outcome,approximate,FALSE,FALSE,TRUE
9ey,281k5,9ey_single-trace,281k5_694_1,Author Data Reproduction,194,194,3.979401e-10,NA,f,43.56666,partial eta-squared,0.1865277,All outcomes meet the Precise Reproduction Criteria.,yes,"After rounding, all outcomes reproduced precisely.",yes,165,223,precise,NA,NA,non-outcome,37.4,50.6,approximate,0.001,0.051000000000000004,precise,0.1615,0.2185,precise,approximate,NA,FALSE,FALSE
9ey,281k5,9ey_mvny2k,281k5_694_2,Author Data Reproduction,194,194,NA,0.5867,NA,NA,NA,NA,All outcomes meet the Precise Reproduction Criteria.,yes,"After rounding, all outcomes reproduced precisely.",yes,165,223,precise,0.5015,0.6785,precise,NA,NA,non-outcome,NA,NA,non-outcome,NA,NA,non-outcome,precise,NA,FALSE,TRUE